Tarih,Mesaj
2025-03-28 04:45:23+00:00,👤 Ankara 2025-10-17
2025-03-28 03:20:25+00:00,👤 Ankara 2025-08-26
2025-03-27 08:55:24+00:00,👤 Ankara 2025-09-16
2025-03-27 03:30:31+00:00,👤 Ankara 2025-10-30
2025-03-26 20:55:26+00:00,👤 Ankara 2025-10-01
2025-03-26 17:25:27+00:00,👤 Ankara 2025-11-17
2025-03-26 13:35:22+00:00,👥 Ankara 2025-07-07
2025-03-21 18:35:25+00:00,👤 📩 İstanbul 2025-05-05
2025-03-21 17:55:29+00:00,👤 📩 İstanbul 2025-05-06
2025-03-20 04:55:23+00:00,👤 Ankara 2025-07-18
2025-03-19 08:07:52+00:00,👥 Ankara 2025-04-15
2025-03-19 08:07:51+00:00,👤 Ankara 2025-04-15
2025-03-19 08:07:23+00:00,👤 Ankara 2025-04-14
2025-03-19 08:07:21+00:00,👥 Ankara 2025-04-14
2025-03-19 08:05:58+00:00,👤 Ankara 2025-04-08
2025-03-19 08:05:58+00:00,👥 Ankara 2025-04-08
2025-03-19 08:05:31+00:00,👤 Ankara 2025-04-07
2025-03-19 08:03:55+00:00,👤 Ankara 2025-03-25
2025-03-18 21:35:26+00:00,👤 ❌ Ankara 2025-09-12
2025-03-17 11:52:03+00:00,👤 Ankara 2025-03-20
2025-03-15 19:20:47+00:00,👤 Ankara 2025-08-14
2025-03-13 10:35:45+00:00,👤 Ankara 2025-03-20
2025-03-13 10:18:38+00:00,👤 Ankara 2025-03-18
2025-03-12 04:20:26+00:00,👥 Ankara 2025-12-01
2025-03-11 15:15:23+00:00,👤 Ankara 2025-08-25
2025-03-04 08:07:33+00:00,👤 Ankara 2025-03-07
2025-02-27 01:45:21+00:00,👤 Ankara 2025-05-08
2025-02-26 08:05:34+00:00,👤 Ankara 2025-03-28
2025-02-25 21:35:39+00:00,👤 İstanbul 2025-03-04
2025-02-25 21:24:02+00:00,👤 Ankara 2025-05-20
2025-02-25 21:20:58+00:00,👤 Ankara 2025-05-20
2025-02-25 21:05:11+00:00,👤 İstanbul 2025-03-05
2025-02-25 21:00:05+00:00,👤 Ankara 2025-05-20
2025-02-25 20:55:07+00:00,👤 İstanbul 2025-03-05
2025-02-25 20:50:22+00:00,👤 Ankara 2025-05-20
2025-02-25 20:50:21+00:00,👤 Ankara 2025-03-04
2025-02-25 20:50:15+00:00,👤 İstanbul 2025-03-05
2025-02-25 20:45:08+00:00,👤 İstanbul 2025-03-05
2025-02-25 20:45:07+00:00,👤 Ankara 2025-05-20
2025-02-25 20:45:06+00:00,👤 Ankara 2025-03-04
2025-02-25 20:40:36+00:00,👥 ❌ İstanbul 2025-08-12
2025-02-25 20:40:18+00:00,👤 Ankara 2025-05-20
2025-02-25 20:40:17+00:00,👤 Ankara 2025-03-04
2025-02-25 20:40:02+00:00,👤 İstanbul 2025-03-05
2025-02-25 20:35:38+00:00,👤 Ankara 2025-05-20
2025-02-25 20:35:37+00:00,👤 Ankara 2025-03-04
2025-02-25 20:32:40+00:00,👥 ❌ İstanbul 2025-08-12
2025-02-25 20:30:14+00:00,👤 İstanbul 2025-03-05
2025-02-25 20:25:07+00:00,👥 ❌ İstanbul 2025-08-12
2025-02-25 20:23:48+00:00,👤 Ankara 2025-05-20
2025-02-25 20:23:48+00:00,👤 Ankara 2025-03-04
2025-02-25 20:23:39+00:00,👤 İstanbul 2025-03-05
2025-02-25 20:20:19+00:00,👥 ❌ İstanbul 2025-08-12
2025-02-25 20:19:10+00:00,👤 Ankara 2025-05-20
2025-02-25 20:19:09+00:00,👤 Ankara 2025-03-04
2025-02-25 20:15:11+00:00,👤 İstanbul 2025-03-05
2025-02-25 20:10:10+00:00,👤 Ankara 2025-05-20
2025-02-25 20:10:09+00:00,👤 Ankara 2025-03-04
2025-02-25 20:05:25+00:00,👤 İstanbul 2025-03-05
2025-02-25 20:00:10+00:00,👤 Ankara 2025-05-20
2025-02-25 20:00:09+00:00,👤 Ankara 2025-03-04
2025-02-25 19:55:43+00:00,👤 Ankara 2025-03-04
2025-02-25 19:50:20+00:00,👥 Ankara 2025-03-10
2025-02-25 19:45:53+00:00,👤 İstanbul 2025-03-05
2025-02-25 19:45:08+00:00,👤 Ankara 2025-05-20
2025-02-25 19:45:07+00:00,👤 Ankara 2025-03-04
2025-02-25 19:40:20+00:00,👤 İstanbul 2025-03-05
2025-02-25 19:37:31+00:00,👤 Ankara 2025-05-20
2025-02-25 19:37:30+00:00,👤 Ankara 2025-03-04
2025-02-25 19:29:32+00:00,👤 İstanbul 2025-03-05
2025-02-25 19:26:40+00:00,👤 Ankara 2025-05-20
2025-02-25 19:25:29+00:00,👤 Ankara 2025-03-04
2025-02-25 19:20:19+00:00,👤 Ankara 2025-07-01
2025-02-25 19:15:09+00:00,👥 ❌ İstanbul 2025-08-12
2025-02-25 19:10:38+00:00,👤 Ankara 2025-03-04
2025-02-25 19:10:22+00:00,👥 ❌ İstanbul 2025-08-12
2025-02-25 19:10:02+00:00,👤 İstanbul 2025-03-05
2025-02-25 19:05:10+00:00,👤 İstanbul 2025-03-05
2025-02-25 19:05:08+00:00,👤 Ankara 2025-03-04
2025-02-25 18:57:55+00:00,👤 İstanbul 2025-03-05
2025-02-25 18:50:19+00:00,👤 Ankara 2025-06-24
2025-02-25 18:25:08+00:00,👤 Ankara 2025-05-20
2025-02-25 18:25:07+00:00,👤 Ankara 2025-03-04
2025-02-25 17:15:19+00:00,👤 Ankara 2025-07-28
2025-02-25 13:25:20+00:00,👤 Ankara 2025-08-18
2025-02-25 12:45:17+00:00,👤 Ankara 2025-07-17
2025-02-25 12:25:18+00:00,👤 Ankara 2025-07-22
2025-02-25 11:25:17+00:00,👤 Ankara 2025-06-16
2025-02-25 09:10:17+00:00,👤 Ankara 2025-07-07
2025-02-25 09:00:25+00:00,👤 Ankara 2025-07-24
2025-02-25 08:25:19+00:00,👤 Ankara 2025-06-16
2025-02-25 08:00:23+00:00,👤 Ankara 2025-06-18
2025-02-24 20:17:46+00:00,"Genel sıkıntı var, sadece Türkiye’yi kapsamayan. Açık tarihler alınamıyor yaklaşık üç gündür. Sorun düzelene kadar, panik yapmayınız.

https://t.me/fastvisa24"
2025-02-24 19:50:05+00:00,👤 Ankara 2025-03-10
2025-02-24 19:46:44+00:00,👤 Ankara 2025-03-10
2025-02-24 19:43:29+00:00,👤 Ankara 2025-03-10
2025-02-24 19:40:03+00:00,👤 Ankara 2025-03-10
2025-02-24 18:42:14+00:00,👤 Ankara 2025-03-10
2025-02-24 18:37:44+00:00,👤 Ankara 2025-03-10
2025-02-24 18:34:36+00:00,👤 Ankara 2025-03-10
2025-02-24 17:38:43+00:00,👤 Ankara 2025-03-10
2025-02-24 17:35:40+00:00,👤 Ankara 2025-03-10
2025-02-24 17:32:33+00:00,👤 Ankara 2025-03-10
2025-02-24 17:29:33+00:00,👤 Ankara 2025-03-10
2025-02-24 16:33:15+00:00,👤 Ankara 2025-03-10
2025-02-24 16:30:08+00:00,👤 Ankara 2025-03-10
2025-02-24 16:26:57+00:00,👤 Ankara 2025-03-10
2025-02-24 16:23:25+00:00,👤 Ankara 2025-03-10
2025-02-24 16:20:03+00:00,👤 Ankara 2025-03-10
2025-02-24 16:16:41+00:00,👤 Ankara 2025-03-10
2025-02-24 16:13:12+00:00,👤 Ankara 2025-03-10
2025-02-24 16:10:11+00:00,👤 Ankara 2025-03-10
2025-02-24 16:07:10+00:00,👤 Ankara 2025-03-10
2025-02-24 16:03:07+00:00,👤 Ankara 2025-03-10
2025-02-24 15:59:43+00:00,👤 Ankara 2025-03-10
2025-02-24 15:02:20+00:00,👤 Ankara 2025-03-10
2025-02-24 14:59:12+00:00,👤 Ankara 2025-03-10
2025-02-24 14:55:58+00:00,👤 Ankara 2025-03-10
2025-02-24 14:52:42+00:00,👤 Ankara 2025-03-10
2025-02-24 14:49:37+00:00,👤 Ankara 2025-03-10
2025-02-24 13:52:09+00:00,👤 Ankara 2025-03-10
2025-02-24 13:49:07+00:00,👤 Ankara 2025-03-10
2025-02-24 13:45:07+00:00,👤 Ankara 2025-03-10
2025-02-24 13:41:41+00:00,👤 Ankara 2025-03-10
2025-02-24 13:37:14+00:00,👤 Ankara 2025-03-10
2025-02-24 13:32:44+00:00,👤 Ankara 2025-03-10
2025-02-24 13:29:35+00:00,👤 Ankara 2025-03-10
2025-02-24 12:32:39+00:00,👤 Ankara 2025-03-10
2025-02-24 12:29:08+00:00,👤 Ankara 2025-03-10
2025-02-24 12:25:06+00:00,👤 Ankara 2025-03-10
2025-02-24 11:27:14+00:00,👤 Ankara 2025-03-10
2025-02-24 11:23:11+00:00,👤 Ankara 2025-03-10
2025-02-24 11:19:30+00:00,👤 Ankara 2025-03-10
2025-02-24 10:23:52+00:00,👤 Ankara 2025-03-10
2025-02-24 10:20:07+00:00,👤 Ankara 2025-03-10
2025-02-24 10:16:34+00:00,👤 Ankara 2025-03-10
2025-02-24 10:13:11+00:00,👤 Ankara 2025-03-10
2025-02-24 10:10:05+00:00,👤 Ankara 2025-03-10
2025-02-24 09:15:06+00:00,👤 Ankara 2025-03-10
2025-02-24 09:11:53+00:00,👤 Ankara 2025-03-10
2025-02-24 09:08:30+00:00,👤 Ankara 2025-03-10
2025-02-24 09:04:32+00:00,👤 Ankara 2025-03-10
2025-02-24 08:08:15+00:00,👤 Ankara 2025-03-10
2025-02-24 08:05:02+00:00,👤 Ankara 2025-03-10
2025-02-24 08:01:39+00:00,👤 Ankara 2025-03-10
2025-02-24 07:58:32+00:00,👤 Ankara 2025-03-10
2025-02-24 07:54:35+00:00,👤 Ankara 2025-03-10
2025-02-24 06:58:49+00:00,👤 Ankara 2025-03-10
2025-02-24 06:54:53+00:00,👤 Ankara 2025-03-10
2025-02-24 06:51:47+00:00,👤 Ankara 2025-03-10
2025-02-24 06:48:07+00:00,👤 Ankara 2025-03-10
2025-02-24 06:44:35+00:00,👤 Ankara 2025-03-10
2025-02-24 06:08:26+00:00,👥 Ankara 2025-03-10
2025-02-24 06:07:07+00:00,👤 Ankara 2025-03-10
2025-02-24 06:04:03+00:00,👥 Ankara 2025-03-10
2025-02-24 06:02:12+00:00,👤 Ankara 2025-03-10
2025-02-24 05:59:04+00:00,👥 Ankara 2025-03-10
2025-02-24 05:58:16+00:00,👤 Ankara 2025-03-10
2025-02-24 05:55:06+00:00,👥 Ankara 2025-03-10
2025-02-24 05:55:03+00:00,👤 Ankara 2025-03-10
2025-02-24 05:51:57+00:00,👥 Ankara 2025-03-10
2025-02-24 05:51:56+00:00,👤 Ankara 2025-03-10
2025-02-24 05:48:17+00:00,👤 Ankara 2025-03-10
2025-02-24 05:48:15+00:00,👥 Ankara 2025-03-10
2025-02-24 05:45:10+00:00,👥 Ankara 2025-03-10
2025-02-24 05:45:08+00:00,👤 Ankara 2025-03-10
2025-02-24 05:42:08+00:00,👥 Ankara 2025-03-10
2025-02-24 05:42:01+00:00,👤 Ankara 2025-03-10
2025-02-24 05:38:13+00:00,👥 Ankara 2025-03-10
2025-02-24 05:37:53+00:00,👤 Ankara 2025-03-10
2025-02-24 05:34:45+00:00,👥 Ankara 2025-03-10
2025-02-24 05:34:18+00:00,👤 Ankara 2025-03-10
2025-02-24 05:30:46+00:00,👥 Ankara 2025-03-10
2025-02-24 05:30:45+00:00,👤 Ankara 2025-03-10
2025-02-24 05:27:45+00:00,👥 Ankara 2025-03-10
2025-02-24 05:26:33+00:00,👤 Ankara 2025-03-10
2025-02-24 05:23:11+00:00,👥 Ankara 2025-03-10
2025-02-24 05:23:06+00:00,👤 Ankara 2025-03-10
2025-02-24 05:20:02+00:00,👥 Ankara 2025-03-10
2025-02-24 05:18:20+00:00,👤 Ankara 2025-03-10
2025-02-24 05:15:05+00:00,👥 Ankara 2025-03-10
2025-02-24 05:12:43+00:00,👤 Ankara 2025-03-10
2025-02-24 05:09:10+00:00,👤 Ankara 2025-03-10
2025-02-24 05:05:53+00:00,👤 Ankara 2025-03-10
2025-02-24 05:02:53+00:00,👤 Ankara 2025-03-10
2025-02-24 04:59:42+00:00,👤 Ankara 2025-03-10
2025-02-24 04:56:05+00:00,👤 Ankara 2025-03-10
2025-02-24 04:52:59+00:00,👤 Ankara 2025-03-10
2025-02-24 04:49:50+00:00,👤 Ankara 2025-03-10
2025-02-24 04:46:48+00:00,👤 Ankara 2025-03-10
2025-02-24 04:43:03+00:00,👤 Ankara 2025-03-10
2025-02-24 04:39:35+00:00,👥 Ankara 2025-03-10
2025-02-24 04:38:09+00:00,👤 Ankara 2025-03-10
2025-02-24 04:35:06+00:00,👥 Ankara 2025-03-10
2025-02-24 04:32:19+00:00,👤 Ankara 2025-03-10
2025-02-24 04:29:09+00:00,👥 Ankara 2025-03-10
2025-02-24 04:29:03+00:00,👤 Ankara 2025-03-10
2025-02-24 04:25:53+00:00,👤 Ankara 2025-03-10
2025-02-24 04:22:52+00:00,👥 Ankara 2025-03-10
2025-02-24 04:21:51+00:00,👤 Ankara 2025-03-10
2025-02-24 04:18:41+00:00,👥 Ankara 2025-03-10
2025-02-24 04:18:34+00:00,👤 Ankara 2025-03-10
2025-02-24 04:15:23+00:00,👥 Ankara 2025-03-10
2025-02-24 04:15:12+00:00,👤 Ankara 2025-03-10
2025-02-24 04:12:11+00:00,👤 Ankara 2025-03-10
2025-02-24 04:12:04+00:00,👥 Ankara 2025-03-10
2025-02-24 04:08:53+00:00,👥 Ankara 2025-03-10
2025-02-24 04:08:14+00:00,👤 Ankara 2025-03-10
2025-02-24 04:05:05+00:00,👥 Ankara 2025-03-10
2025-02-24 04:03:26+00:00,👤 Ankara 2025-03-10
2025-02-24 04:00:08+00:00,👥 Ankara 2025-03-10
2025-02-24 03:59:14+00:00,👤 Ankara 2025-03-10
2025-02-24 03:55:04+00:00,👤 Ankara 2025-03-10
2025-02-24 03:50:04+00:00,👤 Ankara 2025-03-10
2025-02-24 03:45:07+00:00,👤 Ankara 2025-03-10
2025-02-24 03:39:03+00:00,👤 Ankara 2025-03-10
2025-02-24 03:35:09+00:00,👤 Ankara 2025-03-10
2025-02-24 03:28:20+00:00,👤 Ankara 2025-03-10
2025-02-24 03:25:04+00:00,👤 Ankara 2025-03-10
2025-02-24 03:21:48+00:00,👤 Ankara 2025-03-10
2025-02-24 03:17:53+00:00,👤 Ankara 2025-03-10
2025-02-24 03:14:05+00:00,👥 Ankara 2025-03-10
2025-02-24 03:13:54+00:00,👤 Ankara 2025-03-10
2025-02-24 03:09:54+00:00,👤 Ankara 2025-03-10
2025-02-24 03:08:07+00:00,👥 Ankara 2025-03-10
2025-02-24 03:04:42+00:00,👥 Ankara 2025-03-10
2025-02-24 03:03:31+00:00,👤 Ankara 2025-03-10
2025-02-24 03:00:09+00:00,👤 Ankara 2025-03-10
2025-02-24 02:58:30+00:00,👥 Ankara 2025-03-10
2025-02-24 02:55:23+00:00,👤 Ankara 2025-03-10
2025-02-24 02:55:06+00:00,👥 Ankara 2025-03-10
2025-02-24 02:52:04+00:00,👤 Ankara 2025-03-10
2025-02-24 02:49:00+00:00,👤 Ankara 2025-03-10
2025-02-24 02:48:17+00:00,👥 Ankara 2025-03-10
2025-02-24 02:45:04+00:00,👥 Ankara 2025-03-10
2025-02-24 02:43:08+00:00,👤 Ankara 2025-03-10
2025-02-24 02:40:06+00:00,👥 Ankara 2025-03-10
2025-02-24 02:40:04+00:00,👤 Ankara 2025-03-10
2025-02-24 02:35:07+00:00,👥 Ankara 2025-03-10
2025-02-24 02:34:10+00:00,👤 Ankara 2025-03-10
2025-02-24 02:31:03+00:00,👤 Ankara 2025-03-10
2025-02-24 02:27:55+00:00,👥 Ankara 2025-03-10
2025-02-24 02:27:19+00:00,👤 Ankara 2025-03-10
2025-02-24 02:23:16+00:00,👥 Ankara 2025-03-10
2025-02-24 02:21:48+00:00,👤 Ankara 2025-03-10
2025-02-24 02:18:04+00:00,👥 Ankara 2025-03-10
2025-02-24 02:17:24+00:00,👤 Ankara 2025-03-10
2025-02-24 02:14:04+00:00,👥 Ankara 2025-03-10
2025-02-24 02:13:14+00:00,👤 Ankara 2025-03-10
2025-02-24 02:10:05+00:00,👥 Ankara 2025-03-10
2025-02-24 02:08:28+00:00,👤 Ankara 2025-03-10
2025-02-24 02:05:26+00:00,👥 Ankara 2025-03-10
2025-02-24 02:05:04+00:00,👤 Ankara 2025-03-10
2025-02-24 02:02:03+00:00,👤 Ankara 2025-03-10
2025-02-24 01:58:28+00:00,👤 Ankara 2025-03-10
2025-02-24 01:55:05+00:00,👤 Ankara 2025-03-10
2025-02-24 01:49:36+00:00,👤 Ankara 2025-03-10
2025-02-24 01:45:25+00:00,👤 Ankara 2025-03-10
2025-02-24 01:42:14+00:00,👤 Ankara 2025-03-10
2025-02-24 01:37:58+00:00,👤 Ankara 2025-03-10
2025-02-24 01:34:07+00:00,👤 Ankara 2025-03-10
2025-02-24 01:27:52+00:00,👤 Ankara 2025-03-10
2025-02-24 01:24:06+00:00,👤 Ankara 2025-03-10
2025-02-24 01:19:14+00:00,👤 Ankara 2025-03-10
2025-02-24 01:15:03+00:00,👤 Ankara 2025-03-10
2025-02-24 01:10:08+00:00,👤 Ankara 2025-03-10
2025-02-24 01:05:10+00:00,👥 Ankara 2025-03-10
2025-02-24 01:03:54+00:00,👤 Ankara 2025-03-10
2025-02-24 01:00:07+00:00,👥 Ankara 2025-03-10
2025-02-24 01:00:06+00:00,👤 Ankara 2025-03-10
2025-02-24 00:50:45+00:00,👤 Ankara 2025-03-10
2025-02-24 00:00:02+00:00,👤 Ankara 2025-03-10
2025-02-23 21:40:23+00:00,👥 Ankara 2025-03-10
2025-02-23 15:20:06+00:00,👥 Ankara 2025-03-10
2025-02-23 15:10:11+00:00,👤 Ankara 2025-03-10
2025-02-23 14:49:41+00:00,👥 Ankara 2025-03-10
2025-02-23 14:45:33+00:00,👥 Ankara 2025-03-10
2025-02-23 14:05:47+00:00,👤 Ankara 2025-03-10
2025-02-23 12:55:51+00:00,👥 Ankara 2025-03-10
2025-02-23 12:55:11+00:00,👤 Ankara 2025-03-10
2025-02-23 09:45:08+00:00,👥 Ankara 2025-03-10
2025-02-23 07:55:06+00:00,👤 Ankara 2025-03-10
2025-02-23 06:20:34+00:00,👤 Ankara 2025-03-10
2025-02-23 04:40:02+00:00,👤 Ankara 2025-07-28
2025-02-23 04:35:02+00:00,👤 Ankara 2025-07-28
2025-02-23 04:30:05+00:00,👤 Ankara 2025-07-28
2025-02-23 04:26:47+00:00,👤 Ankara 2025-07-28
2025-02-23 04:23:03+00:00,👤 Ankara 2025-07-28
2025-02-23 04:19:22+00:00,👤 Ankara 2025-07-28
2025-02-23 04:15:15+00:00,👤 Ankara 2025-07-28
2025-02-23 04:12:10+00:00,👤 Ankara 2025-07-28
2025-02-23 04:08:51+00:00,👤 Ankara 2025-07-28
2025-02-23 04:05:50+00:00,👤 Ankara 2025-07-28
2025-02-23 04:02:39+00:00,👤 Ankara 2025-07-28
2025-02-23 03:59:33+00:00,👤 Ankara 2025-07-28
2025-02-23 03:55:25+00:00,👤 Ankara 2025-07-28
2025-02-23 03:52:14+00:00,👤 Ankara 2025-07-28
2025-02-23 03:48:21+00:00,👤 Ankara 2025-07-28
2025-02-23 03:45:04+00:00,👤 Ankara 2025-07-28
2025-02-23 03:40:07+00:00,👤 Ankara 2025-07-28
2025-02-23 03:37:05+00:00,👤 Ankara 2025-07-28
2025-02-23 03:34:01+00:00,👤 Ankara 2025-07-28
2025-02-23 03:30:50+00:00,👤 Ankara 2025-07-28
2025-02-23 03:27:46+00:00,👤 Ankara 2025-07-28
2025-02-23 03:23:50+00:00,👤 Ankara 2025-07-28
2025-02-23 03:19:45+00:00,👤 Ankara 2025-07-28
2025-02-23 03:16:01+00:00,👤 Ankara 2025-07-28
2025-02-23 03:13:00+00:00,👤 Ankara 2025-07-28
2025-02-23 03:09:55+00:00,👤 Ankara 2025-07-28
2025-02-23 03:06:49+00:00,👤 Ankara 2025-07-28
2025-02-23 03:03:27+00:00,👤 Ankara 2025-07-28
2025-02-23 03:00:15+00:00,👤 Ankara 2025-07-28
2025-02-23 03:00:14+00:00,👤 Ankara 2025-07-28
2025-02-23 02:57:13+00:00,👤 Ankara 2025-07-28
2025-02-23 02:54:08+00:00,👤 Ankara 2025-07-28
2025-02-23 02:50:04+00:00,👤 Ankara 2025-07-28
2025-02-23 02:47:01+00:00,👤 Ankara 2025-07-28
2025-02-23 02:43:29+00:00,👤 Ankara 2025-07-28
2025-02-23 02:40:07+00:00,👤 Ankara 2025-07-28
2025-02-23 02:33:02+00:00,👤 Ankara 2025-07-28
2025-02-23 02:29:19+00:00,👤 Ankara 2025-07-28
2025-02-23 02:25:05+00:00,👤 Ankara 2025-07-28
2025-02-23 02:21:51+00:00,👤 Ankara 2025-07-28
2025-02-23 02:18:49+00:00,👤 Ankara 2025-07-28
2025-02-23 02:15:15+00:00,👤 Ankara 2025-07-28
2025-02-23 02:12:10+00:00,👤 Ankara 2025-07-28
2025-02-23 02:08:18+00:00,👤 Ankara 2025-07-28
2025-02-23 02:03:18+00:00,👤 Ankara 2025-07-28
2025-02-23 02:00:03+00:00,👤 Ankara 2025-07-28
2025-02-23 01:53:23+00:00,👤 Ankara 2025-07-28
2025-02-23 01:50:05+00:00,👤 Ankara 2025-07-28
2025-02-23 01:45:56+00:00,👤 Ankara 2025-07-28
2025-02-23 01:45:54+00:00,👤 Ankara 2025-07-28
2025-02-23 01:42:52+00:00,👤 Ankara 2025-07-28
2025-02-23 01:39:51+00:00,👤 Ankara 2025-07-28
2025-02-23 01:36:46+00:00,👤 Ankara 2025-07-28
2025-02-23 01:33:41+00:00,👤 Ankara 2025-07-28
2025-02-23 01:30:07+00:00,👤 Ankara 2025-07-28
2025-02-23 01:27:00+00:00,👤 Ankara 2025-07-28
2025-02-23 01:23:39+00:00,👤 Ankara 2025-07-28
2025-02-23 01:20:03+00:00,👤 Ankara 2025-07-28
2025-02-23 01:15:08+00:00,👤 Ankara 2025-07-28
2025-02-23 01:10:04+00:00,👤 Ankara 2025-07-28
2025-02-23 01:05:05+00:00,👤 Ankara 2025-07-28
2025-02-23 01:00:32+00:00,👤 Ankara 2025-07-28
2025-02-23 00:57:11+00:00,👤 Ankara 2025-07-28
2025-02-23 00:54:10+00:00,👤 Ankara 2025-07-28
2025-02-23 00:50:25+00:00,👤 Ankara 2025-07-28
2025-02-23 00:47:17+00:00,👤 Ankara 2025-07-28
2025-02-23 00:43:06+00:00,👤 Ankara 2025-07-28
2025-02-23 00:40:04+00:00,👤 Ankara 2025-07-28
2025-02-23 00:36:49+00:00,👤 Ankara 2025-07-28
2025-02-23 00:33:42+00:00,👤 Ankara 2025-07-28
2025-02-23 00:30:04+00:00,👤 Ankara 2025-07-28
2025-02-23 00:26:50+00:00,👤 Ankara 2025-07-28
2025-02-23 00:23:03+00:00,👤 Ankara 2025-07-28
2025-02-23 00:20:03+00:00,👤 Ankara 2025-07-28
2025-02-23 00:16:53+00:00,👤 Ankara 2025-07-28
2025-02-23 00:13:13+00:00,👤 Ankara 2025-07-28
2025-02-23 00:10:06+00:00,👤 Ankara 2025-07-28
2025-02-23 00:06:57+00:00,👤 Ankara 2025-07-28
2025-02-23 00:03:18+00:00,👤 Ankara 2025-07-28
2025-02-23 00:00:04+00:00,👤 Ankara 2025-07-28
2025-02-22 23:56:55+00:00,👤 Ankara 2025-07-28
2025-02-22 23:53:09+00:00,👤 Ankara 2025-07-28
2025-02-22 23:50:02+00:00,👤 Ankara 2025-07-28
2025-02-22 23:47:00+00:00,👤 Ankara 2025-07-28
2025-02-22 23:43:59+00:00,👤 Ankara 2025-07-28
2025-02-22 23:40:49+00:00,👤 Ankara 2025-07-28
2025-02-22 23:40:49+00:00,👤 Ankara 2025-07-28
2025-02-22 23:40:49+00:00,👤 Ankara 2025-07-28
2025-02-22 23:40:47+00:00,👤 Ankara 2025-07-28
2025-02-22 23:40:47+00:00,👤 Ankara 2025-07-28
2025-02-22 23:37:47+00:00,👤 Ankara 2025-07-28
2025-02-22 23:34:30+00:00,👤 Ankara 2025-07-28
2025-02-22 23:31:28+00:00,👤 Ankara 2025-07-28
2025-02-22 23:28:13+00:00,👤 Ankara 2025-07-28
2025-02-22 23:25:00+00:00,👤 Ankara 2025-07-28
2025-02-22 23:21:53+00:00,👤 Ankara 2025-07-28
2025-02-22 23:18:04+00:00,👤 Ankara 2025-07-28
2025-02-22 23:15:02+00:00,👤 Ankara 2025-07-28
2025-02-22 23:11:56+00:00,👤 Ankara 2025-07-28
2025-02-22 23:08:13+00:00,👤 Ankara 2025-07-28
2025-02-22 23:05:09+00:00,👤 Ankara 2025-07-28
2025-02-22 23:05:09+00:00,👤 Ankara 2025-07-28
2025-02-22 23:05:08+00:00,👤 Ankara 2025-07-28
2025-02-22 23:02:08+00:00,👤 Ankara 2025-07-28
2025-02-22 22:58:53+00:00,👤 Ankara 2025-07-28
2025-02-22 22:55:05+00:00,👤 Ankara 2025-07-28
2025-02-22 22:51:48+00:00,👤 Ankara 2025-07-28
2025-02-22 22:48:16+00:00,👤 Ankara 2025-07-21
2025-02-22 22:48:14+00:00,👤 Ankara 2025-07-28
2025-02-22 22:45:02+00:00,👤 Ankara 2025-07-28
2025-02-22 22:45:02+00:00,👤 Ankara 2025-07-21
2025-02-22 22:42:01+00:00,👤 Ankara 2025-07-28
2025-02-22 22:42:00+00:00,👤 Ankara 2025-07-21
2025-02-22 22:38:47+00:00,👤 Ankara 2025-07-21
2025-02-22 22:38:04+00:00,👤 Ankara 2025-07-28
2025-02-22 22:35:04+00:00,👤 Ankara 2025-07-21
2025-02-22 22:33:07+00:00,👤 Ankara 2025-07-28
2025-02-22 22:30:04+00:00,👤 Ankara 2025-07-21
2025-02-22 22:28:50+00:00,👤 Ankara 2025-07-28
2025-02-22 22:25:05+00:00,👤 Ankara 2025-07-21
2025-02-22 22:24:04+00:00,👤 Ankara 2025-07-28
2025-02-22 22:20:05+00:00,👤 Ankara 2025-07-21
2025-02-22 22:18:10+00:00,👤 Ankara 2025-07-28
2025-02-22 22:15:05+00:00,👤 Ankara 2025-07-21
2025-02-22 22:13:51+00:00,👤 Ankara 2025-07-28
2025-02-22 22:09:13+00:00,👤 Ankara 2025-07-21
2025-02-22 22:08:24+00:00,👤 Ankara 2025-07-28
2025-02-22 22:05:06+00:00,👤 Ankara 2025-07-21
2025-02-22 22:03:57+00:00,👤 Ankara 2025-07-28
2025-02-22 22:00:24+00:00,👤 Ankara 2025-07-21
2025-02-22 22:00:20+00:00,👤 Ankara 2025-07-28
2025-02-22 22:00:15+00:00,👤 Ankara 2025-07-28
2025-02-22 22:00:15+00:00,👤 Ankara 2025-07-21
2025-02-22 22:00:14+00:00,👤 Ankara 2025-07-28
2025-02-22 22:00:13+00:00,👤 Ankara 2025-07-21
2025-02-22 21:57:12+00:00,👤 Ankara 2025-07-28
2025-02-22 21:57:12+00:00,👤 Ankara 2025-07-21
2025-02-22 21:53:12+00:00,👤 Ankara 2025-07-21
2025-02-22 21:52:53+00:00,👤 Ankara 2025-07-28
2025-02-22 21:49:51+00:00,👤 Ankara 2025-07-28
2025-02-22 21:49:50+00:00,👤 Ankara 2025-07-21
2025-02-22 21:46:43+00:00,👤 Ankara 2025-07-28
2025-02-22 21:46:42+00:00,👤 Ankara 2025-07-21
2025-02-22 21:43:09+00:00,👤 Ankara 2025-07-21
2025-02-22 21:43:08+00:00,👤 Ankara 2025-07-28
2025-02-22 21:40:05+00:00,👤 Ankara 2025-07-21
2025-02-22 21:40:02+00:00,👤 Ankara 2025-07-28
2025-02-22 21:36:58+00:00,👤 Ankara 2025-07-21
2025-02-22 21:36:53+00:00,👤 Ankara 2025-07-28
2025-02-22 21:33:49+00:00,👤 Ankara 2025-07-28
2025-02-22 21:33:49+00:00,👤 Ankara 2025-07-21
2025-02-22 21:30:26+00:00,👤 Ankara 2025-07-21
2025-02-22 21:30:24+00:00,👤 Ankara 2025-07-28
2025-02-22 21:30:22+00:00,👤 Ankara 2025-07-21
2025-02-22 21:30:15+00:00,👤 Ankara 2025-07-28
2025-02-22 21:27:14+00:00,👤 Ankara 2025-07-21
2025-02-22 21:27:10+00:00,👤 Ankara 2025-07-28
2025-02-22 21:24:04+00:00,👤 Ankara 2025-07-21
2025-02-22 21:22:11+00:00,👤 Ankara 2025-07-28
2025-02-22 21:19:08+00:00,👤 Ankara 2025-07-21
2025-02-22 21:18:10+00:00,👤 Ankara 2025-07-28
2025-02-22 21:15:05+00:00,👤 Ankara 2025-07-21
2025-02-22 21:13:09+00:00,👤 Ankara 2025-07-28
2025-02-22 21:10:13+00:00,👤 Ankara 2025-07-28
2025-02-22 21:10:08+00:00,👤 Ankara 2025-07-21
2025-02-22 21:10:08+00:00,👤 Ankara 2025-07-28
2025-02-22 21:10:08+00:00,👤 Ankara 2025-07-21
2025-02-22 21:10:08+00:00,👤 Ankara 2025-07-21
2025-02-22 21:10:07+00:00,👤 Ankara 2025-07-28
2025-02-22 21:07:07+00:00,👤 Ankara 2025-07-21
2025-02-22 21:06:49+00:00,👤 Ankara 2025-07-28
2025-02-22 21:03:34+00:00,👤 Ankara 2025-07-21
2025-02-22 21:02:39+00:00,👤 Ankara 2025-07-28
2025-02-22 20:59:17+00:00,👤 Ankara 2025-07-21
2025-02-22 20:59:01+00:00,👤 Ankara 2025-07-28
2025-02-22 20:55:04+00:00,👤 Ankara 2025-07-21
2025-02-22 20:53:27+00:00,👤 Ankara 2025-07-28
2025-02-22 20:50:16+00:00,👤 Ankara 2025-07-28
2025-02-22 20:50:15+00:00,👤 Ankara 2025-07-21
2025-02-22 20:47:11+00:00,👤 Ankara 2025-07-21
2025-02-22 20:46:57+00:00,👤 Ankara 2025-07-28
2025-02-22 20:43:44+00:00,👤 Ankara 2025-07-28
2025-02-22 20:43:43+00:00,👤 Ankara 2025-07-21
2025-02-22 20:40:05+00:00,👤 Ankara 2025-07-21
2025-02-22 20:37:51+00:00,👤 Ankara 2025-07-28
2025-02-22 20:33:46+00:00,👤 Ankara 2025-07-28
2025-02-22 20:33:45+00:00,👤 Ankara 2025-07-21
2025-02-22 20:30:07+00:00,👤 Ankara 2025-07-21
2025-02-22 20:28:09+00:00,👤 Ankara 2025-07-28
2025-02-22 20:25:07+00:00,👤 Ankara 2025-07-21
2025-02-22 20:25:02+00:00,👤 Ankara 2025-07-28
2025-02-22 20:21:56+00:00,👤 Ankara 2025-07-28
2025-02-22 20:21:56+00:00,👤 Ankara 2025-07-21
2025-02-22 20:18:51+00:00,👤 Ankara 2025-07-21
2025-02-22 20:17:51+00:00,👤 Ankara 2025-07-28
2025-02-22 20:14:48+00:00,👤 Ankara 2025-07-21
2025-02-22 20:13:16+00:00,👤 Ankara 2025-07-28
2025-02-22 20:10:07+00:00,👤 Ankara 2025-07-21
2025-02-22 20:10:06+00:00,👤 Ankara 2025-07-28
2025-02-22 20:10:06+00:00,👤 Ankara 2025-07-28
2025-02-22 20:07:05+00:00,👤 Ankara 2025-07-21
2025-02-22 20:06:01+00:00,👤 Ankara 2025-07-28
2025-02-22 20:05:59+00:00,👤 Ankara 2025-07-28
2025-02-22 20:05:58+00:00,👤 Ankara 2025-07-21
2025-02-22 20:05:58+00:00,👤 Ankara 2025-07-28
2025-02-22 20:02:58+00:00,👤 Ankara 2025-07-21
2025-02-22 20:02:18+00:00,👤 Ankara 2025-07-28
2025-02-22 19:58:30+00:00,👤 Ankara 2025-07-28
2025-02-22 19:58:29+00:00,👤 Ankara 2025-07-21
2025-02-22 19:55:19+00:00,👤 Ankara 2025-07-21
2025-02-22 19:55:14+00:00,👤 Ankara 2025-07-28
2025-02-22 19:52:13+00:00,👤 Ankara 2025-07-21
2025-02-22 19:51:03+00:00,👤 Ankara 2025-07-28
2025-02-22 19:51:02+00:00,👤 Ankara 2025-07-28
2025-02-22 19:50:59+00:00,👤 Ankara 2025-07-21
2025-02-22 19:50:57+00:00,👤 Ankara 2025-07-28
2025-02-22 19:50:57+00:00,👤 Ankara 2025-07-21
2025-02-22 19:50:56+00:00,👤 Ankara 2025-07-28
2025-02-22 19:50:55+00:00,👤 Ankara 2025-07-21
2025-02-22 19:47:55+00:00,👤 Ankara 2025-07-21
2025-02-22 19:47:07+00:00,👤 Ankara 2025-07-28
2025-02-22 19:43:07+00:00,👤 Ankara 2025-07-28
2025-02-22 19:43:06+00:00,👤 Ankara 2025-07-21
2025-02-22 19:39:50+00:00,👤 Ankara 2025-07-28
2025-02-22 19:39:49+00:00,👤 Ankara 2025-07-21
2025-02-22 19:36:48+00:00,👤 Ankara 2025-07-28
2025-02-22 19:36:47+00:00,👤 Ankara 2025-07-21
2025-02-22 19:33:15+00:00,👤 Ankara 2025-07-21
2025-02-22 19:32:16+00:00,👤 Ankara 2025-07-28
2025-02-22 19:29:15+00:00,👤 Ankara 2025-07-21
2025-02-22 19:28:11+00:00,👤 Ankara 2025-07-28
2025-02-22 19:25:04+00:00,👤 Ankara 2025-07-21
2025-02-22 19:25:03+00:00,👤 Ankara 2025-07-28
2025-02-22 19:21:58+00:00,👤 Ankara 2025-07-21
2025-02-22 19:21:50+00:00,👤 Ankara 2025-07-28
2025-02-22 19:18:44+00:00,👤 Ankara 2025-07-21
2025-02-22 19:18:35+00:00,👤 Ankara 2025-07-28
2025-02-22 19:15:06+00:00,👤 Ankara 2025-07-28
2025-02-22 19:15:05+00:00,👤 Ankara 2025-07-21
2025-02-22 19:12:03+00:00,👤 Ankara 2025-07-28
2025-02-22 19:12:03+00:00,👤 Ankara 2025-07-21
2025-02-22 19:09:01+00:00,👤 Ankara 2025-07-21
2025-02-22 19:07:16+00:00,👤 Ankara 2025-07-28
2025-02-22 19:04:12+00:00,👤 Ankara 2025-07-28
2025-02-22 19:03:26+00:00,👤 Ankara 2025-07-21
2025-02-22 19:00:04+00:00,👤 Ankara 2025-07-28
2025-02-22 18:58:16+00:00,👤 Ankara 2025-07-21
2025-02-22 18:55:01+00:00,👤 Ankara 2025-07-28
2025-02-22 18:54:26+00:00,👤 Ankara 2025-07-21
2025-02-22 18:50:14+00:00,👤 Ankara 2025-07-28
2025-02-22 18:50:14+00:00,👤 Ankara 2025-07-21
2025-02-22 18:50:14+00:00,👤 Ankara 2025-07-21
2025-02-22 18:47:11+00:00,👤 Ankara 2025-07-21
2025-02-22 18:46:48+00:00,👤 Ankara 2025-07-28
2025-02-22 18:42:59+00:00,👤 Ankara 2025-07-28
2025-02-22 18:42:17+00:00,👤 Ankara 2025-07-21
2025-02-22 18:39:09+00:00,👤 Ankara 2025-07-28
2025-02-22 18:39:08+00:00,👤 Ankara 2025-07-21
2025-02-22 18:35:07+00:00,👤 Ankara 2025-07-28
2025-02-22 18:35:07+00:00,👤 Ankara 2025-07-21
2025-02-22 18:35:06+00:00,👤 Ankara 2025-07-21
2025-02-22 18:32:05+00:00,👤 Ankara 2025-07-28
2025-02-22 18:31:36+00:00,👤 Ankara 2025-07-21
2025-02-22 18:28:13+00:00,👤 Ankara 2025-07-28
2025-02-22 18:27:09+00:00,👤 Ankara 2025-07-21
2025-02-22 18:24:06+00:00,👤 Ankara 2025-07-28
2025-02-22 18:24:06+00:00,👤 Ankara 2025-07-21
2025-02-22 18:20:07+00:00,👤 Ankara 2025-07-28
2025-02-22 18:20:07+00:00,👤 Ankara 2025-07-21
2025-02-22 18:16:56+00:00,👤 Ankara 2025-07-28
2025-02-22 18:16:56+00:00,👤 Ankara 2025-07-21
2025-02-22 18:13:50+00:00,👤 Ankara 2025-07-28
2025-02-22 18:13:33+00:00,👤 Ankara 2025-07-21
2025-02-22 18:13:05+00:00,👤 Ankara 2025-07-28
2025-02-22 18:13:05+00:00,👤 Ankara 2025-07-21
2025-02-22 18:10:05+00:00,👤 Ankara 2025-07-28
2025-02-22 18:10:04+00:00,👤 Ankara 2025-07-21
2025-02-22 18:06:48+00:00,👤 Ankara 2025-07-28
2025-02-22 18:06:47+00:00,👤 Ankara 2025-07-21
2025-02-22 18:03:08+00:00,👤 Ankara 2025-07-28
2025-02-22 18:03:05+00:00,👤 Ankara 2025-07-21
2025-02-22 17:59:18+00:00,👤 Ankara 2025-07-28
2025-02-22 17:59:17+00:00,👤 Ankara 2025-07-21
2025-02-22 17:55:10+00:00,👤 Ankara 2025-07-28
2025-02-22 17:55:10+00:00,👤 Ankara 2025-07-21
2025-02-22 17:52:09+00:00,👤 Ankara 2025-07-28
2025-02-22 17:51:01+00:00,👤 Ankara 2025-07-21
2025-02-22 17:50:57+00:00,👤 Ankara 2025-07-28
2025-02-22 17:50:56+00:00,👤 Ankara 2025-07-21
2025-02-22 17:47:56+00:00,👤 Ankara 2025-07-28
2025-02-22 17:47:56+00:00,👤 Ankara 2025-07-21
2025-02-22 17:44:07+00:00,👤 Ankara 2025-07-28
2025-02-22 17:44:07+00:00,👤 Ankara 2025-07-21
2025-02-22 17:40:20+00:00,👤 Ankara 2025-07-28
2025-02-22 17:40:19+00:00,👤 Ankara 2025-07-21
2025-02-22 17:40:19+00:00,👤 Ankara 2025-07-21
2025-02-22 17:37:15+00:00,👤 Ankara 2025-07-28
2025-02-22 17:37:14+00:00,👤 Ankara 2025-07-21
2025-02-22 17:33:12+00:00,👤 Ankara 2025-07-28
2025-02-22 17:33:12+00:00,👤 Ankara 2025-07-21
2025-02-22 17:30:05+00:00,👤 Ankara 2025-07-28
2025-02-22 17:30:05+00:00,👤 Ankara 2025-07-21
2025-02-22 17:26:53+00:00,👤 Ankara 2025-07-28
2025-02-22 17:26:53+00:00,👤 Ankara 2025-07-21
2025-02-22 17:23:09+00:00,👤 Ankara 2025-07-28
2025-02-22 17:23:09+00:00,👤 Ankara 2025-07-21
2025-02-22 17:20:02+00:00,👤 Ankara 2025-07-28
2025-02-22 17:20:02+00:00,👤 Ankara 2025-07-21
2025-02-22 17:16:57+00:00,👤 Ankara 2025-07-28
2025-02-22 17:16:56+00:00,👤 Ankara 2025-07-21
2025-02-22 17:13:10+00:00,👤 Ankara 2025-07-28
2025-02-22 17:13:09+00:00,👤 Ankara 2025-07-21
2025-02-22 17:10:02+00:00,👤 Ankara 2025-07-28
2025-02-22 17:10:01+00:00,👤 Ankara 2025-07-21
2025-02-22 17:06:53+00:00,👤 Ankara 2025-07-28
2025-02-22 17:06:52+00:00,👤 Ankara 2025-07-21
2025-02-22 17:03:20+00:00,👤 Ankara 2025-07-28
2025-02-22 17:03:19+00:00,👤 Ankara 2025-07-21
2025-02-22 17:00:13+00:00,👤 Ankara 2025-07-28
2025-02-22 17:00:13+00:00,👤 Ankara 2025-07-21
2025-02-22 17:00:11+00:00,👤 Ankara 2025-07-28
2025-02-22 17:00:10+00:00,👤 Ankara 2025-07-21
2025-02-22 17:00:10+00:00,👤 Ankara 2025-07-21
2025-02-22 16:57:10+00:00,👤 Ankara 2025-07-28
2025-02-22 16:57:09+00:00,👤 Ankara 2025-07-21
2025-02-22 16:53:58+00:00,👤 Ankara 2025-07-28
2025-02-22 16:53:58+00:00,👤 Ankara 2025-07-21
2025-02-22 16:49:19+00:00,👤 Ankara 2025-07-28
2025-02-22 16:49:18+00:00,👤 Ankara 2025-07-21
2025-02-22 16:45:31+00:00,👤 Ankara 2025-07-28
2025-02-22 16:45:30+00:00,👤 Ankara 2025-07-21
2025-02-22 16:42:26+00:00,👤 Ankara 2025-07-28
2025-02-22 16:42:26+00:00,👤 Ankara 2025-07-21
2025-02-22 16:39:22+00:00,👤 Ankara 2025-07-28
2025-02-22 16:39:22+00:00,👤 Ankara 2025-07-21
2025-02-22 16:32:59+00:00,👤 Ankara 2025-07-28
2025-02-22 16:32:59+00:00,👤 Ankara 2025-07-21
2025-02-22 16:28:23+00:00,👤 Ankara 2025-07-28
2025-02-22 16:28:22+00:00,👤 Ankara 2025-07-21
2025-02-22 16:25:01+00:00,👤 Ankara 2025-07-28
2025-02-22 16:25:01+00:00,👤 Ankara 2025-07-21
2025-02-22 16:21:54+00:00,👤 Ankara 2025-07-28
2025-02-22 16:21:54+00:00,👤 Ankara 2025-07-21
2025-02-22 16:18:29+00:00,👤 Ankara 2025-07-28
2025-02-22 16:18:29+00:00,👤 Ankara 2025-07-21
2025-02-22 16:15:02+00:00,👤 Ankara 2025-07-28
2025-02-22 16:15:01+00:00,👤 Ankara 2025-07-21
2025-02-22 16:12:01+00:00,👤 Ankara 2025-07-28
2025-02-22 16:12:00+00:00,👤 Ankara 2025-07-21
2025-02-22 16:08:58+00:00,👤 Ankara 2025-07-28
2025-02-22 16:08:58+00:00,👤 Ankara 2025-07-21
2025-02-22 16:05:06+00:00,👤 Ankara 2025-07-28
2025-02-22 16:05:05+00:00,👤 Ankara 2025-07-21
2025-02-22 16:01:55+00:00,👤 Ankara 2025-07-28
2025-02-22 16:01:54+00:00,👤 Ankara 2025-07-21
2025-02-22 15:58:09+00:00,👤 Ankara 2025-07-28
2025-02-22 15:58:09+00:00,👤 Ankara 2025-07-21
2025-02-22 15:55:06+00:00,👤 Ankara 2025-07-28
2025-02-22 15:55:05+00:00,👤 Ankara 2025-07-21
2025-02-22 15:52:00+00:00,👤 Ankara 2025-07-28
2025-02-22 15:51:59+00:00,👤 Ankara 2025-07-21
2025-02-22 15:48:54+00:00,👤 Ankara 2025-07-28
2025-02-22 15:48:54+00:00,👤 Ankara 2025-07-21
2025-02-22 15:45:15+00:00,👤 Ankara 2025-07-28
2025-02-22 15:45:14+00:00,👤 Ankara 2025-07-21
2025-02-22 15:45:11+00:00,👤 Ankara 2025-07-28
2025-02-22 15:45:11+00:00,👤 Ankara 2025-07-21
2025-02-22 15:42:10+00:00,👤 Ankara 2025-07-28
2025-02-22 15:42:10+00:00,👤 Ankara 2025-07-21
2025-02-22 15:39:02+00:00,👤 Ankara 2025-07-28
2025-02-22 15:39:02+00:00,👤 Ankara 2025-07-21
2025-02-22 15:35:05+00:00,👤 Ankara 2025-07-28
2025-02-22 15:35:05+00:00,👤 Ankara 2025-07-21
2025-02-22 15:31:48+00:00,👤 Ankara 2025-07-28
2025-02-22 15:31:48+00:00,👤 Ankara 2025-07-21
2025-02-22 15:28:35+00:00,👤 Ankara 2025-07-28
2025-02-22 15:28:34+00:00,👤 Ankara 2025-07-21
2025-02-22 15:25:16+00:00,👤 Ankara 2025-07-28
2025-02-22 15:25:16+00:00,👤 Ankara 2025-07-21
2025-02-22 15:25:15+00:00,👤 Ankara 2025-07-28
2025-02-22 15:25:14+00:00,👤 Ankara 2025-07-21
2025-02-22 15:22:14+00:00,👤 Ankara 2025-07-28
2025-02-22 15:22:13+00:00,👤 Ankara 2025-07-21
2025-02-22 15:18:56+00:00,👤 Ankara 2025-07-28
2025-02-22 15:18:56+00:00,👤 Ankara 2025-07-21
2025-02-22 15:15:48+00:00,👤 Ankara 2025-07-28
2025-02-22 15:15:48+00:00,👤 Ankara 2025-07-21
2025-02-22 15:12:44+00:00,👤 Ankara 2025-07-28
2025-02-22 15:12:43+00:00,👤 Ankara 2025-07-21
2025-02-22 15:09:24+00:00,👤 Ankara 2025-07-28
2025-02-22 15:09:08+00:00,👤 Ankara 2025-07-21
2025-02-22 15:05:03+00:00,👤 Ankara 2025-07-28
2025-02-22 15:05:02+00:00,👤 Ankara 2025-07-21
2025-02-22 15:01:55+00:00,👤 Ankara 2025-07-28
2025-02-22 15:01:53+00:00,👤 Ankara 2025-07-21
2025-02-22 14:58:07+00:00,👤 Ankara 2025-07-28
2025-02-22 14:57:03+00:00,👤 Ankara 2025-07-21
2025-02-22 14:53:19+00:00,👤 Ankara 2025-07-21
2025-02-22 14:50:05+00:00,👤 Ankara 2025-07-21
2025-02-22 14:47:01+00:00,👤 Ankara 2025-07-21
2025-02-22 14:43:24+00:00,👤 Ankara 2025-07-21
2025-02-22 14:40:00+00:00,👤 Ankara 2025-07-21
2025-02-22 14:36:48+00:00,👤 Ankara 2025-07-21
2025-02-22 14:33:37+00:00,👤 Ankara 2025-07-21
2025-02-22 14:30:03+00:00,👤 Ankara 2025-07-21
2025-02-22 14:26:56+00:00,👤 Ankara 2025-07-21
2025-02-22 14:23:19+00:00,👤 Ankara 2025-07-21
2025-02-22 14:19:58+00:00,👤 Ankara 2025-07-21
2025-02-22 14:16:40+00:00,👤 Ankara 2025-07-21
2025-02-22 14:13:04+00:00,👤 Ankara 2025-07-21
2025-02-22 14:10:03+00:00,👤 Ankara 2025-07-21
2025-02-22 14:05:51+00:00,👤 Ankara 2025-07-21
2025-02-22 14:02:49+00:00,👤 Ankara 2025-07-21
2025-02-22 13:59:14+00:00,👤 Ankara 2025-07-21
2025-02-22 13:56:00+00:00,👤 Ankara 2025-07-21
2025-02-22 13:52:59+00:00,👤 Ankara 2025-07-21
2025-02-22 13:48:20+00:00,👤 Ankara 2025-07-21
2025-02-22 11:08:04+00:00,👤 Ankara 2025-07-28
2025-02-22 10:55:07+00:00,👤 Ankara 2025-07-28
2025-02-22 10:30:06+00:00,👤 Ankara 2025-07-28
2025-02-22 10:20:16+00:00,👤 Ankara 2025-07-28
2025-02-22 10:10:27+00:00,👤 Ankara 2025-07-28
2025-02-22 09:40:08+00:00,👤 Ankara 2025-07-28
2025-02-22 09:40:07+00:00,👤 Ankara 2025-07-21
2025-02-22 09:30:08+00:00,👤 Ankara 2025-07-28
2025-02-22 09:30:08+00:00,👤 Ankara 2025-07-21
2025-02-22 09:19:26+00:00,👤 Ankara 2025-07-28
2025-02-22 09:19:26+00:00,👤 Ankara 2025-07-21
2025-02-22 08:30:47+00:00,👤 Ankara 2025-07-21
2025-02-22 01:10:20+00:00,👤 Ankara 2025-07-08
2025-02-22 00:40:23+00:00,👤 Ankara 2025-07-21
2025-02-22 00:35:20+00:00,👤 Ankara 2025-07-02
2025-02-21 23:40:20+00:00,👤 Ankara 2025-07-08
2025-02-21 22:15:18+00:00,👤 Ankara 2025-07-07
2025-02-21 22:10:21+00:00,👤 Ankara 2025-07-29
2025-02-21 21:20:20+00:00,👤 Ankara 2025-08-11
2025-02-21 20:40:35+00:00,👤 Ankara 2025-02-28
2025-02-21 20:30:20+00:00,👤 Ankara 2025-07-07
2025-02-21 18:10:17+00:00,👤 Ankara 2025-08-07
2025-02-21 16:25:18+00:00,👤 Ankara 2025-07-28
2025-02-21 16:25:18+00:00,👤 Ankara 2025-07-10
2025-02-21 16:10:18+00:00,👤 Ankara 2025-07-30
2025-02-21 16:05:17+00:00,👤 Ankara 2025-08-11
2025-02-21 15:05:18+00:00,👤 Ankara 2025-04-10
2025-02-21 14:35:23+00:00,👤 Ankara 2025-07-01
2025-02-21 14:05:17+00:00,👤 Ankara 2025-07-31
2025-02-21 12:25:18+00:00,👤 Ankara 2025-07-01
2025-02-21 12:20:20+00:00,👤 Ankara 2025-08-18
2025-02-21 12:20:18+00:00,👤 Ankara 2025-08-07
2025-02-21 11:30:21+00:00,👤 Ankara 2025-07-28
2025-02-21 11:00:22+00:00,👤 Ankara 2025-08-14
2025-02-21 11:00:22+00:00,👤 Ankara 2025-08-07
2025-02-21 10:50:17+00:00,👤 Ankara 2025-07-07
2025-02-21 10:35:20+00:00,👤 Ankara 2025-07-30
2025-02-21 10:35:20+00:00,👤 Ankara 2025-07-24
2025-02-21 10:20:19+00:00,👤 Ankara 2025-06-23
2025-02-21 09:50:18+00:00,👤 Ankara 2025-07-21
2025-02-21 08:25:18+00:00,👤 Ankara 2025-07-30
2025-02-21 07:20:18+00:00,👤 Ankara 2025-07-07
2025-02-21 07:05:19+00:00,👤 Ankara 2025-07-28
2025-02-21 07:00:24+00:00,👤 Ankara 2025-05-08
2025-02-21 05:50:16+00:00,👤 Ankara 2025-07-29
2025-02-21 05:25:17+00:00,👥 Ankara 2025-08-07
2025-02-21 05:25:16+00:00,👤 Ankara 2025-08-07
2025-02-21 04:45:23+00:00,👥 Ankara 2025-07-29
2025-02-21 04:45:22+00:00,👤 Ankara 2025-07-29
2025-02-21 04:25:17+00:00,👤 Ankara 2025-07-24
2025-02-21 04:20:21+00:00,👤 Ankara 2025-06-18
2025-02-21 04:05:17+00:00,👤 Ankara 2025-07-28
2025-02-21 02:45:19+00:00,👤 Ankara 2025-08-19
2025-02-21 02:45:19+00:00,👤 Ankara 2025-07-22
2025-02-21 02:25:18+00:00,👤 Ankara 2025-07-09
2025-02-21 02:20:25+00:00,👤 Ankara 2025-07-31
2025-02-21 02:15:20+00:00,👤 Ankara 2025-06-30
2025-02-21 02:10:22+00:00,👤 Ankara 2025-08-05
2025-02-21 02:00:26+00:00,👤 Ankara 2025-08-07
2025-02-21 01:55:26+00:00,👤 Ankara 2025-08-18
2025-02-21 01:55:21+00:00,👤 Ankara 2025-08-06
2025-02-21 01:55:20+00:00,👤 Ankara 2025-06-18
2025-02-21 01:50:28+00:00,👤 Ankara 2025-07-17
2025-02-21 01:50:22+00:00,👥 Ankara 2025-04-02
2025-02-21 01:40:23+00:00,👤 Ankara 2025-08-14
2025-02-21 01:30:23+00:00,👤 Ankara 2025-07-24
2025-02-21 01:25:24+00:00,👤 Ankara 2025-07-28
2025-02-21 01:25:22+00:00,👥 Ankara 2025-07-28
2025-02-21 01:05:22+00:00,👤 Ankara 2025-08-07
2025-02-21 01:00:33+00:00,👤 Ankara 2025-08-14
2025-02-21 01:00:26+00:00,👤 Ankara 2025-07-21
2025-02-21 01:00:26+00:00,👤 Ankara 2025-07-01
2025-02-21 00:45:22+00:00,👤 Ankara 2025-07-30
2025-02-21 00:35:16+00:00,👤 Ankara 2025-08-18
2025-02-21 00:20:22+00:00,👤 Ankara 2025-07-07
2025-02-21 00:10:25+00:00,👤 Ankara 2025-07-21
2025-02-21 00:05:18+00:00,👤 Ankara 2025-08-11
2025-02-20 23:55:19+00:00,👤 Ankara 2025-07-16
2025-02-20 23:40:21+00:00,👤 Ankara 2025-04-04
2025-02-20 23:25:19+00:00,👤 Ankara 2025-07-08
2025-02-20 23:10:20+00:00,👤 Ankara 2025-08-12
2025-02-20 22:50:19+00:00,👤 Ankara 2025-07-01
2025-02-20 22:45:19+00:00,👤 Ankara 2025-08-14
2025-02-20 22:45:19+00:00,👤 Ankara 2025-07-30
2025-02-20 22:35:18+00:00,👤 Ankara 2025-07-11
2025-02-20 22:30:22+00:00,👤 Ankara 2025-07-22
2025-02-20 22:30:22+00:00,👤 Ankara 2025-06-23
2025-02-20 22:05:19+00:00,👤 Ankara 2025-08-14
2025-02-20 21:55:17+00:00,👤 Ankara 2025-07-29
2025-02-20 21:55:17+00:00,👥 Ankara 2025-07-29
2025-02-20 21:50:21+00:00,👤 Ankara 2025-07-08
2025-02-20 21:40:21+00:00,👥 Ankara 2025-08-04
2025-02-20 21:40:20+00:00,👤 Ankara 2025-08-04
2025-02-20 21:35:18+00:00,👤 Ankara 2025-06-16
2025-02-20 21:30:20+00:00,👤 Ankara 2025-06-17
2025-02-20 21:20:18+00:00,👤 Ankara 2025-05-30
2025-02-20 21:15:22+00:00,👤 Ankara 2025-08-19
2025-02-20 20:50:24+00:00,👤 Ankara 2025-07-14
2025-02-20 20:30:24+00:00,👤 Ankara 2025-07-30
2025-02-20 20:25:16+00:00,👤 Ankara 2025-07-28
2025-02-20 20:10:19+00:00,👤 Ankara 2025-04-02
2025-02-20 20:05:18+00:00,👤 Ankara 2025-07-21
2025-02-20 19:45:16+00:00,👤 Ankara 2025-07-14
2025-02-20 19:25:19+00:00,👤 Ankara 2025-08-14
2025-02-20 19:15:18+00:00,👤 Ankara 2025-06-23
2025-02-20 19:05:27+00:00,👤 Ankara 2025-08-07
2025-02-20 19:05:22+00:00,👤 Ankara 2025-07-30
2025-02-20 19:05:20+00:00,👤 Ankara 2025-07-01
2025-02-20 19:05:19+00:00,👤 Ankara 2025-06-23
2025-02-20 19:05:19+00:00,👥 Ankara 2025-08-07
2025-02-20 15:00:52+00:00,👤 Ankara 2025-07-22
2025-02-20 15:00:41+00:00,👤 Ankara 2025-05-12
2025-02-20 15:00:30+00:00,👤 Ankara 2025-07-01
2025-02-20 15:00:09+00:00,👤 Ankara 2025-07-11
2025-02-20 15:00:06+00:00,👤 Ankara 2025-08-11
2025-02-20 14:59:23+00:00,👤 Ankara 2025-05-30
2025-02-20 14:56:53+00:00,👤 Ankara 2025-06-18
2025-02-20 14:55:55+00:00,👤 Ankara 2025-06-23
2025-02-20 14:55:51+00:00,👤 Ankara 2025-07-08
2025-02-20 14:55:35+00:00,👤 Ankara 2025-08-14
2025-02-20 14:55:35+00:00,👤 Ankara 2025-07-31
2025-02-20 14:55:27+00:00,👤 Ankara 2025-07-28
2025-02-20 14:55:27+00:00,👥 Ankara 2025-07-28
2025-02-20 14:55:21+00:00,👤 Ankara 2025-07-29
2025-02-20 14:55:20+00:00,👥 Ankara 2025-07-29
2025-02-20 14:55:06+00:00,👤 Ankara 2025-08-18
2025-02-20 14:55:03+00:00,👤 Ankara 2025-07-30
2025-02-20 14:55:03+00:00,👤 Ankara 2025-07-07
2025-02-20 14:53:41+00:00,👤 Ankara 2025-07-24
2025-02-20 14:53:20+00:00,👤 Ankara 2025-04-04
2025-02-20 14:50:59+00:00,👥 Ankara 2025-05-21
2025-02-20 14:50:58+00:00,👤 Ankara 2025-05-21
2025-02-20 14:50:55+00:00,👤 Ankara 2025-07-21
2025-02-20 14:50:40+00:00,👤 Ankara 2025-07-14
2025-02-20 14:50:34+00:00,👤 İstanbul 2025-07-22
2025-02-19 20:25:21+00:00,👤 Ankara 2025-08-07
2025-02-19 20:20:19+00:00,👤 İstanbul 2025-06-10
2025-02-19 20:10:26+00:00,👥 Ankara 2025-07-10
2025-02-19 20:10:19+00:00,👤 Ankara 2025-07-10
2025-02-19 20:10:17+00:00,👤 Ankara 2025-07-07
2025-02-19 20:05:25+00:00,👤 Ankara 2025-05-22
2025-02-19 20:05:23+00:00,👤 İstanbul 2025-05-07
2025-02-19 20:05:19+00:00,👤 İstanbul 2025-06-03
2025-02-19 20:05:18+00:00,👤 Ankara 2025-05-21
2025-02-19 20:05:18+00:00,👤 Ankara 2025-04-04
2025-02-19 20:00:33+00:00,👤 Ankara 2025-03-06
2025-02-19 20:00:32+00:00,👤 Ankara 2025-06-23
2025-02-19 19:55:21+00:00,👤 Ankara 2025-04-04
2025-02-19 19:50:21+00:00,👤 Ankara 2025-07-21
2025-02-19 19:45:21+00:00,👤 Ankara 2025-05-30
2025-02-19 19:45:20+00:00,👤 Ankara 2025-04-03
2025-02-19 19:40:21+00:00,👤 Ankara 2025-08-12
2025-02-19 19:40:20+00:00,👥 Ankara 2025-08-12
2025-02-19 19:30:23+00:00,👤 Ankara 2025-06-16
2025-02-19 19:30:22+00:00,👤 Ankara 2025-04-02
2025-02-19 19:25:30+00:00,👥 İstanbul 2025-05-30
2025-02-19 19:25:21+00:00,👤 Ankara 2025-04-04
2025-02-19 19:25:20+00:00,👤 İstanbul 2025-05-30
2025-02-19 19:20:20+00:00,👤 Ankara 2025-05-27
2025-02-19 19:20:20+00:00,👤 Ankara 2025-05-08
2025-02-19 19:15:21+00:00,👤 Ankara 2025-08-07
2025-02-19 19:15:21+00:00,👤 Ankara 2025-06-23
2025-02-19 19:10:22+00:00,👤 Ankara 2025-07-31
2025-02-19 19:05:17+00:00,👤 İstanbul 2025-06-13
2025-02-19 19:00:28+00:00,👤 Ankara 2025-07-28
2025-02-19 19:00:26+00:00,👤 Ankara 2025-07-11
2025-02-19 19:00:25+00:00,👤 Ankara 2025-04-04
2025-02-19 19:00:23+00:00,👤 Ankara 2025-04-03
2025-02-19 19:00:22+00:00,👤 Ankara 2025-03-18
2025-02-19 18:50:24+00:00,👤 Ankara 2025-08-14
2025-02-19 18:50:21+00:00,👤 İstanbul 2025-05-15
2025-02-19 18:50:18+00:00,👤 Ankara 2025-07-24
2025-02-19 18:50:18+00:00,👥 Ankara 2025-06-27
2025-02-19 18:50:18+00:00,👤 Ankara 2025-06-27
2025-02-19 18:45:19+00:00,👤 Ankara 2025-07-31
2025-02-19 18:40:20+00:00,👤 Ankara 2025-06-23
2025-02-19 18:40:19+00:00,👤 Ankara 2025-04-02
2025-02-19 18:40:17+00:00,👥 Ankara 2025-04-02
2025-02-19 18:35:29+00:00,👤 Ankara 2025-04-03
2025-02-19 18:35:27+00:00,👤 Ankara 2025-07-30
2025-02-19 18:30:31+00:00,👤 Ankara 2025-07-31
2025-02-19 18:30:27+00:00,👤 Ankara 2025-07-28
2025-02-19 18:30:26+00:00,👤 Ankara 2025-06-18
2025-02-19 18:25:21+00:00,👤 Ankara 2025-07-22
2025-02-19 18:20:18+00:00,👤 Ankara 2025-04-02
2025-02-19 18:15:24+00:00,👤 Ankara 2025-08-14
2025-02-19 18:15:24+00:00,👤 Ankara 2025-08-05
2025-02-19 18:05:19+00:00,👤 Ankara 2025-07-03
2025-02-19 18:00:24+00:00,👤 Ankara 2025-06-24
2025-02-19 18:00:22+00:00,👤 Ankara 2025-08-07
2025-02-19 18:00:22+00:00,👤 Ankara 2025-08-05
2025-02-19 17:55:18+00:00,👤 Ankara 2025-07-10
2025-02-19 17:55:17+00:00,👤 Ankara 2025-06-23
2025-02-19 17:50:22+00:00,👤 Ankara 2025-03-13
2025-02-19 17:45:17+00:00,👤 Ankara 2025-04-04
2025-02-19 17:45:16+00:00,👤 Ankara 2025-04-02
2025-02-19 17:40:19+00:00,👥 Ankara 2025-07-24
2025-02-19 17:40:19+00:00,👤 Ankara 2025-07-24
2025-02-19 17:35:24+00:00,👤 Ankara 2025-05-06
2025-02-19 17:30:23+00:00,👤 Ankara 2025-07-14
2025-02-19 17:25:21+00:00,👤 Ankara 2025-06-26
2025-02-19 17:25:20+00:00,👤 Ankara 2025-05-21
2025-02-19 17:25:19+00:00,👤 Ankara 2025-04-03
2025-02-19 17:20:20+00:00,👤 Ankara 2025-07-21
2025-02-19 17:20:20+00:00,👤 Ankara 2025-06-17
2025-02-19 17:10:19+00:00,👤 Ankara 2025-07-07
2025-02-19 17:10:18+00:00,👤 İstanbul 2025-04-22
2025-02-19 17:05:21+00:00,👤 Ankara 2025-06-17
2025-02-19 17:05:20+00:00,👤 Ankara 2025-05-27
2025-02-19 17:00:29+00:00,👥 Ankara 2025-07-07
2025-02-19 17:00:26+00:00,👤 Ankara 2025-07-07
2025-02-19 17:00:26+00:00,👤 Ankara 2025-07-02
2025-02-19 17:00:22+00:00,👤 Ankara 2025-05-06
2025-02-19 17:00:21+00:00,👤 Ankara 2025-03-14
2025-02-19 16:55:20+00:00,👤 Ankara 2025-07-17
2025-02-19 16:55:18+00:00,👤 Ankara 2025-06-18
2025-02-19 16:55:18+00:00,👤 Ankara 2025-05-30
2025-02-19 16:50:19+00:00,👤 Ankara 2025-07-21
2025-02-19 16:50:18+00:00,👤 Ankara 2025-04-04
2025-02-19 16:45:22+00:00,👤 Ankara 2025-05-05
2025-02-19 16:45:20+00:00,👤 Ankara 2025-04-03
2025-02-19 16:40:23+00:00,👤 Ankara 2025-06-30
2025-02-19 16:35:19+00:00,👤 Ankara 2025-06-23
2025-02-19 16:35:18+00:00,👤 Ankara 2025-04-04
2025-02-19 16:25:21+00:00,👤 Ankara 2025-07-07
2025-02-19 16:25:20+00:00,👤 Ankara 2025-05-22
2025-02-19 16:20:22+00:00,👤 Ankara 2025-06-23
2025-02-19 16:20:21+00:00,👤 Ankara 2025-05-08
2025-02-19 16:20:19+00:00,👤 İstanbul 2025-05-07
2025-02-19 16:15:18+00:00,👤 Ankara 2025-08-08
2025-02-19 16:10:20+00:00,👤 Ankara 2025-07-24
2025-02-19 16:00:27+00:00,👤 Ankara 2025-08-04
2025-02-19 16:00:27+00:00,👥 Ankara 2025-08-04
2025-02-19 16:00:26+00:00,👤 Ankara 2025-04-30
2025-02-19 15:50:25+00:00,👤 Ankara 2025-05-21
2025-02-19 15:50:19+00:00,👤 Ankara 2025-03-17
2025-02-19 15:45:21+00:00,👤 Ankara 2025-07-07
2025-02-19 15:45:21+00:00,👤 Ankara 2025-06-23
2025-02-19 15:35:19+00:00,👤 Ankara 2025-04-04
2025-02-19 15:30:22+00:00,👤 Ankara 2025-07-18
2025-02-19 15:20:20+00:00,👤 Ankara 2025-06-18
2025-02-19 15:20:20+00:00,👤 Ankara 2025-04-02
2025-02-19 15:15:26+00:00,👤 Ankara 2025-03-18
2025-02-19 15:10:23+00:00,👤 Ankara 2025-08-05
2025-02-19 15:05:23+00:00,👤 Ankara 2025-07-30
2025-02-19 15:05:22+00:00,👤 Ankara 2025-07-14
2025-02-19 15:05:21+00:00,👤 İstanbul 2025-08-06
2025-02-19 15:00:26+00:00,👥 Ankara 2025-07-22
2025-02-19 15:00:22+00:00,👤 Ankara 2025-07-22
2025-02-19 15:00:22+00:00,👤 İstanbul 2025-08-06
2025-02-19 14:55:20+00:00,👤 İstanbul 2025-04-11
2025-02-19 14:50:19+00:00,👤 Ankara 2025-04-04
2025-02-19 14:45:18+00:00,👤 Ankara 2025-03-11
2025-02-19 14:40:19+00:00,👤 Ankara 2025-04-25
2025-02-19 14:40:18+00:00,👤 İstanbul 2025-08-01
2025-02-19 14:30:21+00:00,👤 Ankara 2025-06-18
2025-02-19 14:25:23+00:00,👤 Ankara 2025-05-21
2025-02-19 14:25:22+00:00,👤 Ankara 2025-07-30
2025-02-19 14:25:21+00:00,👤 İstanbul 2025-04-22
2025-02-19 14:20:28+00:00,👥 Ankara 2025-08-07
2025-02-19 14:20:21+00:00,👤 Ankara 2025-08-07
2025-02-19 14:20:17+00:00,👤 Ankara 2025-07-31
2025-02-19 14:15:20+00:00,👤 Ankara 2025-06-23
2025-02-19 14:05:17+00:00,👤 Ankara 2025-05-30
2025-02-19 14:00:25+00:00,👤 Ankara 2025-08-01
2025-02-19 13:55:22+00:00,👤 Ankara 2025-07-21
2025-02-19 13:55:17+00:00,👤 Ankara 2025-07-07
2025-02-19 13:55:16+00:00,👤 Ankara 2025-07-08
2025-02-19 13:55:16+00:00,👤 Ankara 2025-07-01
2025-02-19 13:50:20+00:00,👤 Ankara 2025-08-11
2025-02-19 13:50:20+00:00,👤 Ankara 2025-04-04
2025-02-19 13:45:21+00:00,👤 Ankara 2025-07-29
2025-02-19 13:45:17+00:00,👤 Ankara 2025-06-17
2025-02-19 13:40:16+00:00,👤 Ankara 2025-06-16
2025-02-19 13:35:21+00:00,👤 Ankara 2025-07-31
2025-02-19 13:35:20+00:00,👤 Ankara 2025-02-24
2025-02-19 13:35:17+00:00,👤 Ankara 2025-08-12
2025-02-19 13:30:26+00:00,👤 Ankara 2025-06-16
2025-02-19 13:30:26+00:00,👤 Ankara 2025-05-13
2025-02-19 13:25:21+00:00,👤 Ankara 2025-08-14
2025-02-19 13:25:20+00:00,👤 Ankara 2025-06-16
2025-02-19 13:20:25+00:00,👤 Ankara 2025-05-06
2025-02-19 13:15:22+00:00,👤 Ankara 2025-07-28
2025-02-19 13:15:21+00:00,👤 Ankara 2025-04-11
2025-02-19 13:05:22+00:00,👤 Ankara 2025-07-28
2025-02-19 13:05:21+00:00,👤 Ankara 2025-06-24
2025-02-19 13:00:25+00:00,👤 Ankara 2025-07-28
2025-02-19 13:00:25+00:00,👤 Ankara 2025-07-21
2025-02-19 13:00:24+00:00,👤 Ankara 2025-04-04
2025-02-19 12:55:19+00:00,👥 Ankara 2025-07-22
2025-02-19 12:55:18+00:00,👤 Ankara 2025-07-22
2025-02-19 12:50:23+00:00,👤 Ankara 2025-06-23
2025-02-19 12:40:26+00:00,👤 Ankara 2025-07-08
2025-02-19 12:40:23+00:00,👥 Ankara 2025-05-22
2025-02-19 12:40:21+00:00,👤 Ankara 2025-04-03
2025-02-19 12:40:19+00:00,👤 Ankara 2025-05-22
2025-02-19 12:40:18+00:00,👤 Ankara 2025-05-05
2025-02-19 12:35:20+00:00,👤 Ankara 2025-07-18
2025-02-19 12:35:18+00:00,👤 Ankara 2025-07-03
2025-02-19 12:25:27+00:00,👤 Ankara 2025-09-09
2025-02-19 12:25:18+00:00,👤 Ankara 2025-06-16
2025-02-19 12:20:22+00:00,👤 Ankara 2025-08-06
2025-02-19 12:20:21+00:00,👤 İstanbul 2025-05-22
2025-02-19 12:20:21+00:00,👤 Ankara 2025-06-16
2025-02-19 12:20:20+00:00,👤 Ankara 2025-05-05
2025-02-19 08:15:07+00:00,👤 Ankara 2025-04-04
2025-02-19 08:15:03+00:00,👥 Ankara 2025-04-04
2025-02-19 08:14:18+00:00,👥 Ankara 2025-04-03
2025-02-19 08:14:17+00:00,👤 Ankara 2025-04-03
2025-02-19 08:13:53+00:00,👤 Ankara 2025-04-02
2025-02-19 08:13:47+00:00,👥 Ankara 2025-04-02
2025-02-19 08:11:57+00:00,👥 Ankara 2025-03-17
2025-02-19 08:11:02+00:00,👥 Ankara 2025-03-13
2025-02-19 08:11:00+00:00,👤 Ankara 2025-03-13
2025-02-19 07:45:20+00:00,👤 Ankara 2025-07-24
2025-02-19 07:00:22+00:00,👤 Ankara 2025-08-14
2025-02-19 01:20:19+00:00,👤 Ankara 2025-07-30
2025-02-18 23:35:19+00:00,👤 Ankara 2025-06-17
2025-02-18 08:10:19+00:00,👤 Ankara 2025-07-30
2025-02-18 06:00:23+00:00,👤 İstanbul 2025-04-29
2025-02-18 01:55:18+00:00,👤 Ankara 2025-03-03
2025-02-17 21:40:17+00:00,👤 İstanbul 2025-06-10
2025-02-17 21:20:19+00:00,👤 Ankara 2025-07-09
2025-02-17 19:40:19+00:00,👤 Ankara 2025-02-24
2025-02-16 22:00:24+00:00,👤 Ankara 2025-07-24
2025-02-16 17:05:20+00:00,👤 Ankara 2025-07-07
2025-02-16 15:20:22+00:00,👥 Ankara 2025-07-31
2025-02-16 15:20:16+00:00,👤 Ankara 2025-07-31
2025-02-16 13:00:21+00:00,👤 Ankara 2025-08-07
2025-02-16 12:40:19+00:00,👤 Ankara 2025-06-16
2025-02-16 02:50:19+00:00,👤 Ankara 2025-07-29
2025-02-15 17:00:22+00:00,👥 Ankara 2025-08-04
2025-02-15 17:00:21+00:00,👤 Ankara 2025-08-04
2025-02-15 07:05:21+00:00,👤 Ankara 2025-08-07
2025-02-15 01:15:19+00:00,👤 Ankara 2025-07-24
2025-02-14 22:40:17+00:00,👤 Ankara 2025-07-30
2025-02-14 22:20:20+00:00,👥 Ankara 2025-08-04
2025-02-14 22:20:20+00:00,👤 Ankara 2025-08-04
2025-02-14 21:20:19+00:00,👤 İstanbul 2025-06-02
2025-02-14 20:40:18+00:00,👤 Ankara 2025-07-31
2025-02-14 18:35:18+00:00,👤 İstanbul 2025-02-25
2025-02-14 18:25:16+00:00,👤 Ankara 2025-07-09
2025-02-14 16:30:19+00:00,👤 Ankara 2025-07-29
2025-02-14 15:30:21+00:00,👤 Ankara 2025-07-07
2025-02-14 13:50:17+00:00,👤 Ankara 2025-07-07
2025-02-14 13:30:20+00:00,👤 İstanbul 2025-02-21
2025-02-14 13:15:20+00:00,👤 Ankara 2025-02-20
2025-02-14 09:15:17+00:00,👤 Ankara 2025-07-29
2025-02-14 07:20:22+00:00,👤 Ankara 2025-07-24
2025-02-13 19:35:17+00:00,👤 Ankara 2025-08-07
2025-02-13 18:25:17+00:00,👥 Ankara 2025-07-28
2025-02-13 16:45:17+00:00,👤 Ankara 2025-04-08
2025-02-13 13:50:18+00:00,👤 Ankara 2025-07-29
2025-02-13 09:30:21+00:00,👤 Ankara 2025-07-31
2025-02-13 05:55:18+00:00,👤 Ankara 2025-06-03
2025-02-13 02:25:19+00:00,👤 Ankara 2025-07-29
2025-02-13 00:30:20+00:00,👤 Ankara 2025-08-07
2025-02-13 00:25:18+00:00,👤 Ankara 2025-07-30
2025-02-12 22:20:19+00:00,👤 Ankara 2025-06-10
2025-02-12 21:55:16+00:00,👥 Ankara 2025-06-18
2025-02-12 21:55:16+00:00,👤 Ankara 2025-06-18
2025-02-12 20:35:18+00:00,👤 Ankara 2025-07-02
2025-02-12 20:25:17+00:00,👤 Ankara 2025-07-16
2025-02-12 20:25:16+00:00,👤 Ankara 2025-04-22
2025-02-12 19:45:17+00:00,👤 İstanbul 2025-08-08
2025-02-12 19:25:20+00:00,👤 Ankara 2025-05-21
2025-02-12 19:20:19+00:00,👤 İstanbul 2025-02-19
2025-02-12 17:20:18+00:00,👤 Ankara 2025-07-31
2025-02-12 16:40:18+00:00,👤 Ankara 2025-07-28
2025-02-12 16:20:19+00:00,👥 Ankara 2025-08-04
2025-02-12 15:25:19+00:00,👤 Ankara 2025-07-24
2025-02-12 09:15:17+00:00,👤 Ankara 2025-06-30
2025-02-12 06:05:19+00:00,👤 Ankara 2025-07-30
2025-02-12 01:25:17+00:00,👤 Ankara 2025-07-31
2025-02-12 00:10:19+00:00,👤 İstanbul 2025-08-07
2025-02-11 22:05:17+00:00,👤 Ankara 2025-07-08
2025-02-11 20:05:19+00:00,👤 Ankara 2025-03-17
2025-02-11 18:30:23+00:00,👤 Ankara 2025-11-19
2025-02-11 18:20:18+00:00,👤 İstanbul 2025-02-14
2025-02-11 18:10:17+00:00,👤 Ankara 2025-06-03
2025-02-11 15:20:21+00:00,👤 Ankara 2025-07-08
2025-02-11 13:15:17+00:00,👤 Ankara 2025-08-07
2025-02-11 12:30:19+00:00,👤 Ankara 2025-08-07
2025-02-11 10:15:21+00:00,👤 Ankara 2025-07-02
2025-02-11 08:25:20+00:00,👤 Ankara 2025-06-26
2025-02-11 01:55:17+00:00,👤 Ankara 2025-07-30
2025-02-11 01:00:27+00:00,👤 Ankara 2025-07-21
2025-02-10 22:05:18+00:00,👤 Ankara 2025-04-10
2025-02-10 20:35:17+00:00,👥 Ankara 2025-02-14
2025-02-10 18:05:17+00:00,👤 Ankara 2025-08-07
2025-02-10 17:55:15+00:00,👤 Ankara 2025-08-07
2025-02-10 15:30:21+00:00,👤 Ankara 2025-02-13
2025-02-10 12:20:18+00:00,👤 İstanbul 2025-06-10
2025-02-10 11:40:12+00:00,👤 Ankara 2025-03-28
2025-02-10 02:50:17+00:00,👤 İstanbul 2025-07-22
2025-02-09 16:15:18+00:00,👤 Ankara 2025-07-28
2025-02-09 09:45:25+00:00,👤 Ankara 2025-07-10
2025-02-09 07:50:17+00:00,👤 Ankara 2025-04-22
2025-02-09 07:45:20+00:00,👤 Ankara 2025-07-08
2025-02-08 22:20:19+00:00,👤 Ankara 2025-05-05
2025-02-08 02:35:20+00:00,👤 Ankara 2025-07-10
2025-02-07 22:05:22+00:00,👤 Ankara 2025-07-21
2025-02-07 20:20:22+00:00,👤 Ankara 2025-07-28
2025-02-07 17:30:26+00:00,👤 Ankara 2025-08-20
2025-02-07 17:05:18+00:00,👤 Ankara 2025-07-30
2025-02-07 17:05:17+00:00,👤 Ankara 2025-07-08
2025-02-07 13:10:19+00:00,👤 Ankara 2025-05-20
2025-02-07 12:50:19+00:00,👤 Ankara 2025-07-10
2025-02-07 12:40:17+00:00,👤 Ankara 2025-07-21
2025-02-07 10:30:25+00:00,👤 Ankara 2025-07-08
2025-02-07 09:55:20+00:00,👤 Ankara 2025-03-25
2025-02-07 09:15:18+00:00,👤 Ankara 2025-07-11
2025-02-07 08:20:20+00:00,👤 Ankara 2025-08-05
2025-02-07 07:25:23+00:00,👤 Ankara 2025-03-03
2025-02-07 07:10:19+00:00,👤 İstanbul 2025-02-27
2025-02-07 06:10:24+00:00,👤 Ankara 2025-07-14
2025-02-07 05:45:21+00:00,👤 Ankara 2025-07-30
2025-02-07 03:25:20+00:00,👤 Ankara 2025-07-29
2025-02-07 03:10:21+00:00,👤 Ankara 2025-06-10
2025-02-07 02:35:19+00:00,👤 Ankara 2025-06-30
2025-02-07 01:25:21+00:00,👤 Ankara 2025-07-10
2025-02-07 01:15:17+00:00,👤 Ankara 2025-08-01
2025-02-07 01:00:22+00:00,👤 Ankara 2025-02-19
2025-02-07 00:50:19+00:00,👤 Ankara 2025-08-01
2025-02-06 22:35:25+00:00,👤 İstanbul 2025-04-29
2025-02-06 22:30:20+00:00,👤 Ankara 2025-07-01
2025-02-06 22:30:19+00:00,👤 Ankara 2025-02-25
2025-02-06 22:20:20+00:00,👤 Ankara 2025-03-06
2025-02-06 20:50:19+00:00,👤 Ankara 2025-07-14
2025-02-06 19:05:18+00:00,👤 Ankara 2025-05-07
2025-02-06 18:55:22+00:00,👥 Ankara 2025-07-28
2025-02-06 16:55:16+00:00,👤 Ankara 2025-06-10
2025-02-06 16:30:20+00:00,👤 Ankara 2025-07-22
2025-02-06 16:30:20+00:00,👤 Ankara 2025-07-21
2025-02-06 16:10:17+00:00,👤 Ankara 2025-05-29
2025-02-06 16:00:20+00:00,👤 Ankara 2025-07-17
2025-02-06 15:05:17+00:00,👤 Ankara 2025-07-02
2025-02-06 14:50:20+00:00,👤 İstanbul 2025-06-10
2025-02-06 14:30:22+00:00,👤 İstanbul 2025-04-29
2025-02-06 13:35:18+00:00,👤 İstanbul 2025-04-16
2025-02-06 13:30:20+00:00,👥 Ankara 2025-07-11
2025-02-06 13:25:23+00:00,👤 Ankara 2025-06-13
2025-02-06 13:20:18+00:00,👤 Ankara 2025-07-17
2025-02-06 13:00:27+00:00,👤 Ankara 2025-06-16
2025-02-06 12:55:20+00:00,👤 İstanbul 2025-07-28
2025-02-06 12:40:18+00:00,👤 Ankara 2025-06-26
2025-02-06 12:20:19+00:00,👤 Ankara 2025-07-01
2025-02-06 12:05:22+00:00,👤 Ankara 2025-05-08
2025-02-06 11:50:16+00:00,👤 Ankara 2025-05-27
2025-02-06 11:40:21+00:00,👤 Ankara 2025-04-07
2025-02-06 11:30:21+00:00,👤 Ankara 2025-02-20
2025-02-06 10:25:18+00:00,👤 Ankara 2025-07-08
2025-02-06 09:55:16+00:00,👤 Ankara 2025-06-26
2025-02-06 09:50:20+00:00,👤 İstanbul 2025-06-04
2025-02-06 09:50:19+00:00,👤 Ankara 2025-07-08
2025-02-06 09:50:19+00:00,👤 Ankara 2025-06-03
2025-02-06 09:10:19+00:00,👤 İstanbul 2025-08-01
2025-02-06 08:20:20+00:00,👤 Ankara 2025-04-15
2025-02-06 07:55:16+00:00,👤 İstanbul 2025-08-01
2025-02-06 07:45:19+00:00,👤 Ankara 2025-07-21
2025-02-06 07:45:17+00:00,👤 İstanbul 2025-06-10
2025-02-06 06:55:16+00:00,👤 Ankara 2025-05-06
2025-02-06 06:05:17+00:00,👤 Ankara 2025-06-23
2025-02-06 06:00:25+00:00,👤 Ankara 2025-07-02
2025-02-06 05:40:20+00:00,👤 Ankara 2025-05-08
2025-02-06 05:35:18+00:00,👤 Ankara 2025-06-16
2025-02-06 05:25:18+00:00,👤 Ankara 2025-05-15
2025-02-06 05:05:20+00:00,👤 Ankara 2025-07-14
2025-02-06 04:55:19+00:00,👤 Ankara 2025-05-29
2025-02-06 04:50:21+00:00,👤 Ankara 2025-07-07
2025-02-06 04:50:21+00:00,👤 Ankara 2025-07-03
2025-02-06 04:35:18+00:00,👤 Ankara 2025-07-21
2025-02-06 04:30:22+00:00,👤 Ankara 2025-07-31
2025-02-06 04:10:25+00:00,👤 İstanbul 2025-05-06
2025-02-06 03:55:19+00:00,👤 Ankara 2025-07-03
2025-02-06 03:55:14+00:00,👤 Ankara 2025-05-07
2025-02-06 03:45:18+00:00,👤 Ankara 2025-05-29
2025-02-06 03:40:19+00:00,👤 Ankara 2025-07-22
2025-02-06 03:30:43+00:00,👤 Ankara 2025-07-11
2025-02-06 03:30:22+00:00,👤 Ankara 2025-06-17
2025-02-06 03:30:22+00:00,👤 Ankara 2025-06-10
2025-02-06 03:10:34+00:00,👤 Ankara 2025-07-08
2025-02-06 03:10:33+00:00,👤 Ankara 2025-05-21
2025-02-06 02:50:24+00:00,👤 Ankara 2025-07-07
2025-02-06 02:20:23+00:00,👤 Ankara 2025-07-09
2025-02-06 01:30:25+00:00,👤 Ankara 2025-06-26
2025-02-06 01:25:26+00:00,👤 Ankara 2025-07-01
2025-02-06 01:20:24+00:00,👤 Ankara 2025-07-14
2025-02-06 01:00:28+00:00,👤 İstanbul 2025-08-01
2025-02-06 00:40:18+00:00,👤 Ankara 2025-06-26
2025-02-06 00:30:48+00:00,👤 Ankara 2025-07-09
2025-02-06 00:20:21+00:00,👤 Ankara 2025-07-09
2025-02-06 00:00:40+00:00,👤 Ankara 2025-07-01
2025-02-05 23:55:25+00:00,👤 Ankara 2025-06-26
2025-02-05 23:20:22+00:00,👤 Ankara 2025-07-08
2025-02-05 23:15:20+00:00,👤 Ankara 2025-06-17
2025-02-05 23:15:19+00:00,👤 Ankara 2025-05-30
2025-02-05 22:55:17+00:00,👤 Ankara 2025-05-27
2025-02-05 22:50:18+00:00,👤 Ankara 2025-04-11
2025-02-05 22:35:19+00:00,👤 Ankara 2025-07-17
2025-02-05 21:20:19+00:00,👤 İstanbul 2025-08-01
2025-02-05 21:15:18+00:00,👤 Ankara 2025-05-06
2025-02-05 21:05:19+00:00,👤 Ankara 2025-04-21
2025-02-05 20:55:19+00:00,👤 Ankara 2025-05-08
2025-02-05 20:35:18+00:00,👤 Ankara 2025-05-06
2025-02-05 20:30:20+00:00,👤 Ankara 2025-07-28
2025-02-05 20:30:20+00:00,👤 Ankara 2025-07-10
2025-02-05 19:45:21+00:00,👤 Ankara 2025-06-18
2025-02-05 19:40:19+00:00,👥 İstanbul 2025-03-13
2025-02-05 19:40:19+00:00,👤 Ankara 2025-02-27
2025-02-05 19:20:19+00:00,👤 Ankara 2025-07-31
2025-02-05 19:20:18+00:00,👤 Ankara 2025-05-21
2025-02-05 19:05:17+00:00,👤 Ankara 2025-05-15
2025-02-05 19:00:30+00:00,👤 Ankara 2025-07-09
2025-02-05 19:00:25+00:00,👤 İstanbul 2025-07-25
2025-02-05 18:55:16+00:00,👤 Ankara 2025-07-01
2025-02-05 18:45:20+00:00,👤 Ankara 2025-03-06
2025-02-05 18:45:18+00:00,👥 Ankara 2025-03-06
2025-02-05 18:40:22+00:00,👤 Ankara 2025-07-07
2025-02-05 17:40:17+00:00,👤 Ankara 2025-06-18
2025-02-05 17:20:20+00:00,👤 Ankara 2025-07-09
2025-02-05 17:20:20+00:00,👤 Ankara 2025-03-10
2025-02-05 17:20:19+00:00,👤 Ankara 2025-03-06
2025-02-05 17:00:24+00:00,👤 Ankara 2025-07-08
2025-02-05 16:40:26+00:00,👤 Ankara 2025-07-30
2025-02-05 16:40:25+00:00,👤 Ankara 2025-06-16
2025-02-05 16:40:19+00:00,👥 Ankara 2025-07-30
2025-02-05 16:35:19+00:00,👤 Ankara 2025-07-10
2025-02-05 16:35:19+00:00,👤 Ankara 2025-05-06
2025-02-05 16:25:20+00:00,👤 Ankara 2025-07-11
2025-02-05 16:25:16+00:00,👥 Ankara 2025-07-11
2025-02-05 16:20:21+00:00,👤 Ankara 2025-05-21
2025-02-05 16:00:25+00:00,👤 Ankara 2025-07-09
2025-02-05 15:55:24+00:00,👤 Ankara 2025-05-08
2025-02-05 15:50:21+00:00,👤 Ankara 2025-06-16
2025-02-05 15:50:17+00:00,👤 İstanbul 2025-08-01
2025-02-05 15:40:21+00:00,👤 Ankara 2025-05-21
2025-02-05 15:05:19+00:00,👤 İstanbul 2025-06-04
2025-02-05 14:55:23+00:00,👤 Ankara 2025-07-11
2025-02-05 14:55:16+00:00,👤 İstanbul 2025-04-16
2025-02-05 14:40:22+00:00,👤 Ankara 2025-02-12
2025-02-05 14:40:21+00:00,👥 Ankara 2025-02-11
2025-02-05 14:35:20+00:00,👤 Ankara 2025-02-25
2025-02-05 14:30:21+00:00,👤 Ankara 2025-07-09
2025-02-05 14:30:21+00:00,👤 Ankara 2025-06-17
2025-02-05 14:25:16+00:00,👤 Ankara 2025-05-21
2025-02-05 14:25:16+00:00,👤 Ankara 2025-05-12
2025-02-05 14:20:20+00:00,👤 Ankara 2025-07-10
2025-02-05 14:20:20+00:00,👤 Ankara 2025-02-25
2025-02-05 14:15:17+00:00,👤 Ankara 2025-07-14
2025-02-05 14:10:19+00:00,👤 Ankara 2025-06-24
2025-02-05 13:40:26+00:00,👤 Ankara 2025-07-07
2025-02-05 13:40:20+00:00,👤 Ankara 2025-03-06
2025-02-05 13:40:19+00:00,👥 Ankara 2025-07-07
2025-02-05 13:25:19+00:00,👤 Ankara 2025-07-17
2025-02-05 13:15:27+00:00,👥 Ankara 2025-08-25
2025-02-05 13:10:19+00:00,👤 Ankara 2025-06-26
2025-02-05 13:00:22+00:00,👤 Ankara 2025-04-29
2025-02-05 09:20:21+00:00,👤 Ankara 2025-06-03
2025-02-05 08:40:19+00:00,👤 Ankara 2025-03-06
2025-02-05 08:40:14+00:00,👥 Ankara 2025-03-06
2025-02-05 08:27:04+00:00,👤 Ankara 2025-02-28
2025-02-05 08:21:48+00:00,👥 Ankara 2025-02-19
2025-02-05 08:08:59+00:00,👤 Ankara 2025-02-12
2025-02-05 08:07:15+00:00,👤 Ankara 2025-02-10
2025-02-05 02:45:17+00:00,👤 İstanbul 2025-07-16
2025-02-05 01:15:17+00:00,👤 Ankara 2025-08-01
2025-02-04 23:05:18+00:00,👤 Ankara 2025-02-24
2025-02-04 21:35:20+00:00,👤 Ankara 2025-03-13
2025-02-04 21:00:23+00:00,👤 Ankara 2025-03-06
2025-02-04 20:15:17+00:00,👤 Ankara 2025-07-08
2025-02-04 15:40:21+00:00,👤 Ankara 2025-06-03
2025-02-04 14:45:20+00:00,👤 Ankara 2025-07-30
2025-02-04 12:00:21+00:00,👤 Ankara 2025-07-07
2025-02-04 09:30:19+00:00,👤 Ankara 2025-07-22
2025-02-04 09:25:20+00:00,👤 Ankara 2025-07-03
2025-02-04 07:50:16+00:00,👤 İstanbul 2025-07-18
2025-02-04 06:55:16+00:00,👤 Ankara 2025-07-09
2025-02-04 05:00:24+00:00,👤 Ankara 2025-07-09
2025-02-03 19:50:18+00:00,👤 Ankara 2025-07-10
2025-02-03 17:35:18+00:00,👤 İstanbul 2025-08-01
2025-02-03 11:15:18+00:00,👤 İstanbul 2025-07-18
2025-02-03 04:00:22+00:00,👤 İstanbul 2025-06-16
2025-02-02 21:35:18+00:00,👤 Ankara 2025-07-03
2025-02-02 06:00:21+00:00,👤 Ankara 2025-07-22
2025-02-01 21:55:15+00:00,👤 Ankara 2025-07-14
2025-02-01 16:00:23+00:00,👥 Ankara 2025-07-24
2025-02-01 16:00:22+00:00,👤 Ankara 2025-07-24
2025-02-01 14:50:20+00:00,👤 Ankara 2025-07-29
2025-02-01 12:35:17+00:00,👤 Ankara 2025-06-26
2025-02-01 08:55:16+00:00,👤 Ankara 2025-07-22
2025-02-01 07:35:19+00:00,👤 Ankara 2025-05-27
2025-02-01 02:05:21+00:00,👤 Ankara 2025-06-26
2025-02-01 00:40:21+00:00,👤 İstanbul 2025-07-22
2025-01-31 23:40:19+00:00,👤 Ankara 2025-07-22
2025-01-31 20:55:16+00:00,👤 Ankara 2025-07-29
2025-01-31 16:25:18+00:00,👤 İstanbul 2025-06-02
2025-01-31 15:55:18+00:00,👤 Ankara 2025-07-14
2025-01-31 15:15:19+00:00,👤 Ankara 2025-06-16
2025-01-31 13:50:17+00:00,👤 Ankara 2025-07-21
2025-01-31 13:50:17+00:00,👤 Ankara 2025-04-16
2025-01-31 12:15:18+00:00,👤 Ankara 2025-06-23
2025-01-31 12:00:23+00:00,👤 Ankara 2025-06-17
2025-01-31 11:40:19+00:00,👤 Ankara 2025-07-08
2025-01-31 11:00:22+00:00,👤 Ankara 2025-07-09
2025-01-31 10:40:21+00:00,👤 Ankara 2025-07-29
2025-01-31 09:40:20+00:00,👤 Ankara 2025-07-17
2025-01-31 09:20:20+00:00,👤 Ankara 2025-07-29
2025-01-31 08:00:23+00:00,👤 Ankara 2025-07-28
2025-01-31 06:50:17+00:00,👤 İstanbul 2025-07-28
2025-01-31 05:50:19+00:00,👤 Ankara 2025-06-03
2025-01-31 05:20:18+00:00,👤 Ankara 2025-07-08
2025-01-31 04:50:21+00:00,👤 Ankara 2025-06-23
2025-01-31 04:45:17+00:00,👤 Ankara 2025-07-29
2025-01-31 04:15:25+00:00,👤 Ankara 2025-06-17
2025-01-31 03:35:20+00:00,👤 Ankara 2025-05-27
2025-01-31 01:35:22+00:00,👤 Ankara 2025-07-09
2025-01-31 01:30:20+00:00,👤 Ankara 2025-06-17
2025-01-31 01:30:19+00:00,👤 Ankara 2025-06-16
2025-01-31 01:25:17+00:00,👤 Ankara 2025-02-19
2025-01-31 01:15:15+00:00,👤 Ankara 2025-06-18
2025-01-31 01:10:18+00:00,👤 İstanbul 2025-07-18
2025-01-31 00:25:15+00:00,👤 İstanbul 2025-06-10
2025-01-31 00:15:20+00:00,👤 Ankara 2025-07-17
2025-01-30 22:25:18+00:00,👤 İstanbul 2025-06-10
2025-01-30 21:35:18+00:00,👤 Ankara 2025-06-17
2025-01-30 20:45:23+00:00,👤 Ankara 2025-07-14
2025-01-30 20:45:23+00:00,👤 Ankara 2025-06-13
2025-01-30 20:40:23+00:00,👤 Ankara 2025-07-28
2025-01-30 20:25:17+00:00,👤 Ankara 2025-05-08
2025-01-30 20:20:19+00:00,👤 Ankara 2025-05-20
2025-01-30 20:00:22+00:00,👤 İstanbul 2025-06-10
2025-01-30 20:00:21+00:00,👤 Ankara 2025-06-24
2025-01-30 19:10:21+00:00,👤 Ankara 2025-07-22
2025-01-30 19:00:25+00:00,👤 Ankara 2025-05-27
2025-01-30 18:35:18+00:00,👤 Ankara 2025-07-02
2025-01-30 18:25:21+00:00,👤 Ankara 2025-07-16
2025-01-30 18:20:24+00:00,👤 Ankara 2025-07-08
2025-01-30 17:45:19+00:00,👤 Ankara 2025-07-07
2025-01-30 17:25:21+00:00,👤 Ankara 2025-05-30
2025-01-30 17:10:36+00:00,👤 Ankara 2025-07-25
2025-01-30 16:45:23+00:00,👤 Ankara 2025-06-13
2025-01-30 16:25:17+00:00,👤 Ankara 2025-06-18
2025-01-30 16:15:18+00:00,👤 Ankara 2025-06-17
2025-01-30 16:10:20+00:00,👤 Ankara 2025-02-20
2025-01-30 15:50:16+00:00,👤 Ankara 2025-06-17
2025-01-30 15:25:17+00:00,👤 İstanbul 2025-06-10
2025-01-30 15:15:17+00:00,👤 İstanbul 2025-07-18
2025-01-30 14:35:20+00:00,👤 Ankara 2025-07-16
2025-01-30 14:25:17+00:00,👥 Ankara 2025-07-22
2025-01-30 14:25:17+00:00,👤 Ankara 2025-07-22
2025-01-30 13:55:19+00:00,👤 Ankara 2025-06-18
2025-01-30 13:50:20+00:00,👤 Ankara 2025-05-12
2025-01-30 13:00:26+00:00,👥 Ankara 2025-07-11
2025-01-30 13:00:22+00:00,👤 Ankara 2025-07-11
2025-01-30 12:50:20+00:00,👤 Ankara 2025-07-28
2025-01-30 12:35:23+00:00,👤 Ankara 2025-07-18
2025-01-30 12:35:23+00:00,👥 Ankara 2025-07-18
2025-01-30 12:30:34+00:00,👤 Ankara 2025-06-27
2025-01-30 12:25:19+00:00,👤 Ankara 2025-06-17
2025-01-30 11:05:21+00:00,👤 Ankara 2025-07-24
2025-01-30 10:05:17+00:00,👤 Ankara 2025-04-25
2025-01-30 09:40:17+00:00,👤 İstanbul 2025-05-30
2025-01-30 09:35:19+00:00,👤 Ankara 2025-06-16
2025-01-30 09:25:17+00:00,👤 Ankara 2025-07-17
2025-01-30 09:00:22+00:00,👤 Ankara 2025-05-29
2025-01-30 08:45:16+00:00,👤 Ankara 2025-06-16
2025-01-30 08:30:30+00:00,👤 Ankara 2025-07-17
2025-01-30 07:55:17+00:00,👤 Ankara 2025-06-18
2025-01-30 07:25:19+00:00,👤 Ankara 2025-05-07
2025-01-30 07:15:19+00:00,👤 Ankara 2025-07-16
2025-01-30 06:45:16+00:00,👤 Ankara 2025-05-05
2025-01-30 05:50:18+00:00,👤 İstanbul 2025-06-02
2025-01-30 05:35:16+00:00,👤 Ankara 2025-07-07
2025-01-30 05:25:17+00:00,👤 Ankara 2025-06-16
2025-01-30 05:15:22+00:00,👤 Ankara 2025-02-05
2025-01-30 05:00:26+00:00,👤 Ankara 2025-06-13
2025-01-30 04:25:22+00:00,👤 Ankara 2025-05-27
2025-01-30 04:25:21+00:00,👤 Ankara 2025-05-06
2025-01-30 03:35:22+00:00,👤 Ankara 2025-07-09
2025-01-30 03:10:18+00:00,👤 Ankara 2025-05-08
2025-01-30 02:50:16+00:00,👤 Ankara 2025-06-23
2025-01-30 02:45:18+00:00,👤 Ankara 2025-05-27
2025-01-30 02:40:17+00:00,👤 Ankara 2025-06-18
2025-01-30 02:30:25+00:00,👤 Ankara 2025-05-06
2025-01-30 01:55:16+00:00,👤 Ankara 2025-06-17
2025-01-30 01:55:16+00:00,👤 Ankara 2025-07-22
2025-01-30 01:45:19+00:00,👤 Ankara 2025-07-16
2025-01-30 01:45:18+00:00,👤 Ankara 2025-07-02
2025-01-30 01:30:25+00:00,👤 Ankara 2025-02-05
2025-01-30 01:25:22+00:00,👤 Ankara 2025-07-07
2025-01-30 01:25:21+00:00,👤 Ankara 2025-06-17
2025-01-30 00:55:16+00:00,👤 Ankara 2025-07-25
2025-01-30 00:50:17+00:00,👤 Ankara 2025-02-10
2025-01-30 00:50:16+00:00,👤 Ankara 2025-02-06
2025-01-30 00:45:16+00:00,👤 Ankara 2025-05-27
2025-01-30 00:15:19+00:00,👤 Ankara 2025-06-10
2025-01-30 00:00:36+00:00,👤 Ankara 2025-06-16
2025-01-29 23:40:17+00:00,👤 Ankara 2025-05-21
2025-01-29 22:55:19+00:00,👤 Ankara 2025-07-21
2025-01-29 22:50:19+00:00,👤 Ankara 2025-04-21
2025-01-29 22:45:20+00:00,👤 Ankara 2025-07-28
2025-01-29 22:45:19+00:00,👤 İstanbul 2025-05-30
2025-01-29 22:40:20+00:00,👤 Ankara 2025-03-20
2025-01-29 22:30:20+00:00,👤 Ankara 2025-05-06
2025-01-29 22:05:16+00:00,👤 Ankara 2025-06-10
2025-01-29 21:15:16+00:00,👤 Ankara 2025-07-22
2025-01-29 20:35:16+00:00,👤 Ankara 2025-07-01
2025-01-29 19:20:27+00:00,👤 Ankara 2025-02-06
2025-01-29 19:20:22+00:00,👤 Ankara 2025-02-03
2025-01-29 19:10:18+00:00,👤 Ankara 2025-06-30
2025-01-29 19:05:19+00:00,👤 Ankara 2025-06-16
2025-01-29 19:00:25+00:00,👤 Ankara 2025-05-29
2025-01-29 19:00:21+00:00,👤 Ankara 2025-04-08
2025-01-29 18:40:23+00:00,👤 İstanbul 2025-07-02
2025-01-29 18:35:17+00:00,👤 Ankara 2025-04-22
2025-01-29 18:15:19+00:00,👤 Ankara 2025-06-18
2025-01-29 18:05:16+00:00,👤 Ankara 2025-05-15
2025-01-29 18:00:22+00:00,👤 Ankara 2025-06-30
2025-01-29 17:50:22+00:00,👤 Ankara 2025-07-01
2025-01-29 17:45:18+00:00,👤 Ankara 2025-06-23
2025-01-29 17:40:19+00:00,👤 Ankara 2025-07-07
2025-01-29 17:30:23+00:00,👤 Ankara 2025-05-29
2025-01-29 17:30:23+00:00,👤 Ankara 2025-05-13
2025-01-29 17:30:20+00:00,👥 Ankara 2025-05-13
2025-01-29 17:05:23+00:00,👤 Ankara 2025-05-30
2025-01-29 17:05:18+00:00,👥 Ankara 2025-05-30
2025-01-29 17:00:21+00:00,👤 Ankara 2025-07-02
2025-01-29 16:40:21+00:00,👤 Ankara 2025-02-06
2025-01-29 16:00:27+00:00,👤 Ankara 2025-07-21
2025-01-29 16:00:27+00:00,👤 Ankara 2025-06-18
2025-01-29 16:00:24+00:00,👤 Ankara 2025-03-05
2025-01-29 15:45:19+00:00,👤 Ankara 2025-02-04
2025-01-29 15:35:25+00:00,👤 Ankara 2025-06-13
2025-01-29 15:25:17+00:00,👤 Ankara 2025-07-24
2025-01-29 15:25:17+00:00,👤 Ankara 2025-05-27
2025-01-29 15:20:20+00:00,👤 İstanbul 2025-06-20
2025-01-29 15:20:18+00:00,👤 Ankara 2025-07-24
2025-01-29 15:15:18+00:00,👤 Ankara 2025-06-27
2025-01-29 15:00:24+00:00,👤 Ankara 2025-07-16
2025-01-29 14:40:19+00:00,👤 Ankara 2025-07-21
2025-01-29 14:20:20+00:00,👤 Ankara 2025-07-08
2025-01-29 14:05:26+00:00,👤 Ankara 2025-06-27
2025-01-29 13:45:22+00:00,👤 Ankara 2025-07-16
2025-01-29 13:45:21+00:00,👤 Ankara 2025-05-29
2025-01-29 13:30:27+00:00,👤 Ankara 2025-06-17
2025-01-29 13:30:22+00:00,👥 Ankara 2025-07-17
2025-01-29 13:05:17+00:00,👥 İstanbul 2025-03-20
2025-01-29 12:50:19+00:00,👤 Ankara 2025-05-06
2025-01-29 12:45:17+00:00,👤 İstanbul 2025-07-10
2025-01-29 12:40:17+00:00,👤 Ankara 2025-07-09
2025-01-29 12:35:17+00:00,👤 Ankara 2025-06-23
2025-01-29 12:30:22+00:00,👤 Ankara 2025-05-08
2025-01-29 12:30:19+00:00,👤 Ankara 2025-06-17
2025-01-29 12:30:19+00:00,👤 Ankara 2025-05-06
2025-01-29 12:25:19+00:00,👤 Ankara 2025-06-23
2025-01-29 12:15:18+00:00,👤 Ankara 2025-07-01
2025-01-29 11:05:23+00:00,👥 İstanbul 2025-07-02
2025-01-29 11:05:17+00:00,👤 İstanbul 2025-07-02
2025-01-29 10:55:17+00:00,👤 Ankara 2025-06-30
2025-01-29 09:25:26+00:00,👤 Ankara 2025-07-02
2025-01-29 09:05:24+00:00,👤 Ankara 2025-07-18
2025-01-29 08:15:22+00:00,👤 Ankara 2025-07-09
2025-01-29 08:10:42+00:00,👥 Ankara 2025-02-07
2025-01-29 08:10:20+00:00,👤 İstanbul 2025-06-02
2025-01-29 07:55:25+00:00,👤 Ankara 2025-07-09
2025-01-29 07:55:15+00:00,👤 Ankara 2025-07-16
2025-01-29 07:35:17+00:00,👤 İstanbul 2025-07-21
2025-01-29 07:25:17+00:00,👤 Ankara 2025-07-08
2025-01-29 07:15:17+00:00,👤 Ankara 2025-07-16
2025-01-29 06:15:18+00:00,👤 İstanbul 2025-05-22
2025-01-29 06:15:17+00:00,👥 İstanbul 2025-05-22
2025-01-29 06:00:21+00:00,👤 Ankara 2025-07-21
2025-01-29 05:15:17+00:00,👤 Ankara 2025-07-10
2025-01-29 05:10:24+00:00,👤 Ankara 2025-07-16
2025-01-29 04:55:17+00:00,👤 Ankara 2025-06-24
2025-01-29 04:15:18+00:00,👤 Ankara 2025-07-25
2025-01-29 04:10:22+00:00,👥 Ankara 2025-07-22
2025-01-29 04:10:19+00:00,👤 Ankara 2025-07-22
2025-01-29 04:10:19+00:00,👤 Ankara 2025-07-18
2025-01-29 03:50:25+00:00,👤 Ankara 2025-06-18
2025-01-29 03:15:32+00:00,👤 İstanbul 2025-07-02
2025-01-29 03:10:23+00:00,👤 Ankara 2025-07-25
2025-01-29 03:10:23+00:00,👤 Ankara 2025-06-27
2025-01-29 03:05:19+00:00,👤 Ankara 2025-06-27
2025-01-29 02:45:22+00:00,👤 İstanbul 2025-06-20
2025-01-29 02:35:18+00:00,👤 Ankara 2025-07-08
2025-01-29 00:55:19+00:00,👤 Ankara 2025-06-27
2025-01-29 00:50:25+00:00,👤 İstanbul 2025-05-20
2025-01-29 00:45:17+00:00,👤 İstanbul 2025-07-16
2025-01-29 00:25:25+00:00,👤 Ankara 2025-07-02
2025-01-29 00:25:18+00:00,👤 İstanbul 2025-04-21
2025-01-29 00:15:17+00:00,👤 Ankara 2025-06-17
2025-01-29 00:10:18+00:00,👤 Ankara 2025-07-16
2025-01-29 00:00:31+00:00,👤 Ankara 2025-07-18
2025-01-29 00:00:31+00:00,👤 Ankara 2025-07-09
2025-01-28 23:55:21+00:00,👤 İstanbul 2025-07-10
2025-01-28 23:20:20+00:00,👤 Ankara 2025-07-01
2025-01-28 23:20:19+00:00,👤 İstanbul 2025-07-02
2025-01-28 23:15:17+00:00,👤 İstanbul 2025-06-10
2025-01-28 23:10:22+00:00,👤 İstanbul 2025-06-10
2025-01-28 23:10:18+00:00,👤 Ankara 2025-07-17
2025-01-28 23:05:17+00:00,👤 Ankara 2025-07-18
2025-01-28 22:45:17+00:00,👤 Ankara 2025-06-26
2025-01-28 22:35:21+00:00,👤 İstanbul 2025-06-04
2025-01-28 22:35:17+00:00,👤 Ankara 2025-05-07
2025-01-28 22:30:20+00:00,👤 Ankara 2025-07-02
2025-01-28 22:20:17+00:00,👤 Ankara 2025-07-01
2025-01-28 22:05:24+00:00,👤 Ankara 2025-07-18
2025-01-28 22:00:24+00:00,👤 Ankara 2025-07-22
2025-01-28 21:40:22+00:00,👥 Ankara 2025-07-22
2025-01-28 21:40:19+00:00,👤 Ankara 2025-07-22
2025-01-28 21:25:20+00:00,👤 Ankara 2025-06-18
2025-01-28 21:15:26+00:00,👤 Ankara 2025-07-18
2025-01-28 21:00:25+00:00,👤 İstanbul 2025-07-21
2025-01-28 20:25:17+00:00,👤 Ankara 2025-07-24
2025-01-28 20:05:18+00:00,👥 İstanbul 2025-06-04
2025-01-28 19:35:16+00:00,👤 İstanbul 2025-06-13
2025-01-28 19:25:18+00:00,👤 Ankara 2025-06-13
2025-01-28 18:55:16+00:00,👤 İstanbul 2025-05-21
2025-01-28 18:30:20+00:00,👤 İstanbul 2025-06-20
2025-01-28 18:30:20+00:00,👤 İstanbul 2025-05-09
2025-01-28 18:20:19+00:00,👤 Ankara 2025-06-18
2025-01-28 18:15:18+00:00,👤 Ankara 2025-07-18
2025-01-28 18:15:18+00:00,👤 Ankara 2025-07-01
2025-01-28 18:10:17+00:00,👥 İstanbul 2025-05-20
2025-01-28 18:05:19+00:00,👤 Ankara 2025-07-25
2025-01-28 18:00:21+00:00,👤 Ankara 2025-07-25
2025-01-28 17:50:18+00:00,👤 İstanbul 2025-05-29
2025-01-28 17:15:20+00:00,👤 Ankara 2025-07-07
2025-01-28 17:10:19+00:00,👤 İstanbul 2025-06-20
2025-01-28 16:30:26+00:00,👤 Ankara 2025-07-18
2025-01-28 16:20:19+00:00,👤 İstanbul 2025-04-16
2025-01-28 16:15:17+00:00,👤 İstanbul 2025-05-12
2025-01-28 16:10:21+00:00,👤 Ankara 2025-05-05
2025-01-28 15:45:20+00:00,👤 Ankara 2025-07-18
2025-01-28 15:40:19+00:00,👤 Ankara 2025-07-01
2025-01-28 15:40:19+00:00,👤 Ankara 2025-06-03
2025-01-28 15:25:16+00:00,👤 Ankara 2025-07-25
2025-01-28 15:20:22+00:00,👤 Ankara 2025-06-30
2025-01-28 15:00:22+00:00,👤 Ankara 2025-07-22
2025-01-28 14:55:16+00:00,👤 Ankara 2025-07-16
2025-01-28 14:45:16+00:00,👤 İstanbul 2025-05-15
2025-01-28 13:55:19+00:00,👤 İstanbul 2025-05-27
2025-01-28 13:55:18+00:00,👤 İstanbul 2025-05-02
2025-01-28 13:45:21+00:00,👤 Ankara 2025-06-23
2025-01-28 13:40:19+00:00,👤 İstanbul 2025-05-08
2025-01-28 13:25:19+00:00,👤 Ankara 2025-07-08
2025-01-28 13:25:18+00:00,👤 Ankara 2025-06-24
2025-01-28 13:20:19+00:00,👤 Ankara 2025-06-10
2025-01-28 13:10:17+00:00,👤 Ankara 2025-07-22
2025-01-28 13:05:19+00:00,👤 İstanbul 2025-04-29
2025-01-28 12:45:19+00:00,👤 Ankara 2025-07-07
2025-01-28 12:45:19+00:00,👤 Ankara 2025-07-07
2025-01-28 12:37:12+00:00,👤 İstanbul 2025-07-25
2025-01-28 12:37:05+00:00,👥 İstanbul 2025-07-25
2025-01-28 12:35:18+00:00,👤 Ankara 2025-07-25
2025-01-28 12:35:06+00:00,👥 ❌ İstanbul 2025-07-22
2025-01-28 12:31:54+00:00,👥 ❌ İstanbul 2025-07-22
2025-01-28 12:28:54+00:00,👥 ❌ İstanbul 2025-07-22
2025-01-28 12:15:24+00:00,👤 İstanbul 2025-05-21
2025-01-28 12:14:48+00:00,👥 İstanbul 2025-07-17
2025-01-28 12:10:21+00:00,👤 İstanbul 2025-04-25
2025-01-28 12:09:08+00:00,👤 İstanbul 2025-07-16
2025-01-28 12:08:54+00:00,👥 İstanbul 2025-07-16
2025-01-28 12:00:26+00:00,👤 İstanbul 2025-07-10
2025-01-28 12:00:21+00:00,👥 İstanbul 2025-07-10
2025-01-28 11:52:52+00:00,👥 İstanbul 2025-07-08
2025-01-28 11:45:21+00:00,👤 Ankara 2025-05-27
2025-01-28 11:38:22+00:00,👤 İstanbul 2025-07-02
2025-01-28 11:36:44+00:00,👤 ❌ İstanbul 2025-07-01
2025-01-28 11:33:25+00:00,👤 ❌ İstanbul 2025-07-01
2025-01-28 11:25:15+00:00,👤 Ankara 2025-06-17
2025-01-28 11:15:19+00:00,👤 Ankara 2025-07-18
2025-01-28 11:10:19+00:00,👤 Ankara 2025-07-17
2025-01-28 11:00:24+00:00,👤 Ankara 2025-07-01
2025-01-28 10:45:21+00:00,👤 Ankara 2025-07-18
2025-01-28 10:45:21+00:00,👤 Ankara 2025-06-23
2025-01-28 10:39:31+00:00,👥 ❌ İstanbul 2025-06-24
2025-01-28 10:35:17+00:00,👤 İstanbul 2025-04-21
2025-01-28 10:30:29+00:00,👤 Ankara 2025-07-25
2025-01-28 10:30:09+00:00,👥 İstanbul 2025-06-20
2025-01-28 10:25:26+00:00,👤 Ankara 2025-07-02
2025-01-28 10:15:20+00:00,👤 Ankara 2025-07-03
2025-01-28 10:15:02+00:00,👥 İstanbul 2025-06-10
2025-01-28 10:13:51+00:00,👤 İstanbul 2025-06-04
2025-01-28 10:13:51+00:00,👤 İstanbul 2025-06-03
2025-01-28 10:13:17+00:00,👥 İstanbul 2025-06-03
2025-01-28 10:13:17+00:00,👥 İstanbul 2025-06-02
2025-01-28 09:50:19+00:00,👤 Ankara 2025-07-07
2025-01-28 09:30:22+00:00,👤 Ankara 2025-05-27
2025-01-28 09:25:20+00:00,👤 Ankara 2025-06-26
2025-01-28 09:20:20+00:00,👤 Ankara 2025-07-02
2025-01-28 09:20:18+00:00,👤 Ankara 2025-07-08
2025-01-28 08:55:18+00:00,👤 İstanbul 2025-04-16
2025-01-28 08:45:16+00:00,👤 Ankara 2025-07-25
2025-01-28 07:50:20+00:00,👤 İstanbul 2025-05-12
2025-01-28 07:50:17+00:00,👤 Ankara 2025-07-07
2025-01-28 07:25:19+00:00,👤 Ankara 2025-07-18
2025-01-28 07:25:19+00:00,👤 Ankara 2025-06-24
2025-01-28 07:00:24+00:00,👤 İstanbul 2025-04-14
2025-01-28 06:50:22+00:00,👤 İstanbul 2025-05-08
2025-01-28 06:30:20+00:00,👤 Ankara 2025-07-10
2025-01-28 06:15:17+00:00,👤 Ankara 2025-06-13
2025-01-28 06:10:23+00:00,👤 Ankara 2025-06-16
2025-01-28 06:05:25+00:00,👤 Ankara 2025-04-08
2025-01-28 06:00:24+00:00,👤 Ankara 2025-06-03
2025-01-28 05:40:28+00:00,👤 Ankara 2025-07-01
2025-01-28 05:30:20+00:00,👤 Ankara 2025-07-18
2025-01-28 05:30:20+00:00,👤 Ankara 2025-05-05
2025-01-28 05:15:21+00:00,👤 Ankara 2025-07-02
2025-01-28 05:10:21+00:00,👤 İstanbul 2025-07-21
2025-01-28 05:00:24+00:00,👤 Ankara 2025-05-13
2025-01-28 04:55:23+00:00,👤 Ankara 2025-02-05
2025-01-28 04:55:22+00:00,👤 Ankara 2025-06-30
2025-01-28 04:30:19+00:00,👤 İstanbul 2025-07-16
2025-01-28 04:05:21+00:00,👤 İstanbul 2025-06-16
2025-01-28 04:00:34+00:00,👤 İstanbul 2025-06-12
2025-01-28 04:00:28+00:00,👤 İstanbul 2025-05-30
2025-01-28 04:00:27+00:00,👤 İstanbul 2025-04-16
2025-01-28 03:50:16+00:00,👤 Ankara 2025-07-03
2025-01-28 03:35:18+00:00,👤 Ankara 2025-07-02
2025-01-28 03:30:21+00:00,👤 İstanbul 2025-06-10
2025-01-28 03:30:21+00:00,👤 İstanbul 2025-04-28
2025-01-28 03:25:16+00:00,👤 İstanbul 2025-06-16
2025-01-28 03:20:20+00:00,👤 İstanbul 2025-04-21
2025-01-28 03:10:21+00:00,👤 İstanbul 2025-05-08
2025-01-28 03:00:31+00:00,👤 İstanbul 2025-06-12
2025-01-28 02:55:31+00:00,👤 İstanbul 2025-07-21
2025-01-28 02:55:19+00:00,👤 Ankara 2025-07-24
2025-01-28 02:55:18+00:00,👤 Ankara 2025-06-26
2025-01-28 02:50:25+00:00,👤 Ankara 2025-07-08
2025-01-28 02:40:23+00:00,👤 İstanbul 2025-04-14
2025-01-28 02:40:21+00:00,👤 Ankara 2025-06-30
2025-01-28 02:35:23+00:00,👤 Ankara 2025-07-11
2025-01-28 02:35:21+00:00,👤 Ankara 2025-04-11
2025-01-28 02:35:18+00:00,👥 Ankara 2025-07-11
2025-01-28 02:30:23+00:00,👤 Ankara 2025-07-25
2025-01-28 02:10:23+00:00,👤 İstanbul 2025-06-13
2025-01-28 02:10:22+00:00,👤 İstanbul 2025-04-08
2025-01-28 02:05:37+00:00,👤 İstanbul 2025-07-16
2025-01-28 02:05:18+00:00,👤 İstanbul 2025-06-12
2025-01-28 02:05:18+00:00,👤 İstanbul 2025-05-29
2025-01-28 02:00:27+00:00,👤 Ankara 2025-06-23
2025-01-28 01:50:24+00:00,👤 İstanbul 2025-06-12
2025-01-28 01:40:18+00:00,👤 Ankara 2025-07-16
2025-01-28 01:35:26+00:00,👤 İstanbul 2025-06-12
2025-01-28 01:35:23+00:00,👤 İstanbul 2025-06-10
2025-01-28 01:35:22+00:00,👤 İstanbul 2025-05-30
2025-01-28 01:35:17+00:00,👤 Ankara 2025-07-09
2025-01-28 01:20:19+00:00,👤 Ankara 2025-07-25
2025-01-28 01:20:17+00:00,👤 Ankara 2025-06-24
2025-01-28 01:15:21+00:00,👤 İstanbul 2025-05-07
2025-01-28 01:10:22+00:00,👤 İstanbul 2025-06-12
2025-01-28 01:10:22+00:00,👥 İstanbul 2025-06-12
2025-01-28 01:10:19+00:00,👤 Ankara 2025-06-18
2025-01-28 01:00:23+00:00,👤 İstanbul 2025-05-29
2025-01-28 00:55:29+00:00,👤 Ankara 2025-07-25
2025-01-28 00:55:28+00:00,👤 Ankara 2025-07-17
2025-01-28 00:55:17+00:00,👤 İstanbul 2025-06-10
2025-01-28 00:55:16+00:00,👤 İstanbul 2025-04-15
2025-01-28 00:50:19+00:00,👤 Ankara 2025-05-29
2025-01-28 00:45:22+00:00,👤 İstanbul 2025-06-10
2025-01-28 00:45:19+00:00,👤 Ankara 2025-07-25
2025-01-28 00:35:20+00:00,👤 Ankara 2025-07-08
2025-01-28 00:25:16+00:00,👤 Ankara 2025-07-25
2025-01-28 00:25:16+00:00,👤 Ankara 2025-05-29
2025-01-28 00:15:22+00:00,👤 ❌ İstanbul 2025-06-03
2025-01-28 00:10:21+00:00,👤 Ankara 2025-06-26
2025-01-28 00:10:20+00:00,👤 Ankara 2025-06-16
2025-01-28 00:10:19+00:00,👤 Ankara 2025-06-30
2025-01-27 23:55:24+00:00,👤 İstanbul 2025-05-08
2025-01-27 23:40:20+00:00,👤 İstanbul 2025-06-10
2025-01-27 23:35:36+00:00,👤 Ankara 2025-07-14
2025-01-27 23:30:21+00:00,👤 Ankara 2025-06-16
2025-01-27 23:25:17+00:00,👤 İstanbul 2025-06-16
2025-01-27 23:10:23+00:00,👤 İstanbul 2025-04-21
2025-01-27 23:10:22+00:00,👤 İstanbul 2025-04-16
2025-01-27 23:05:18+00:00,👤 Ankara 2025-07-16
2025-01-27 23:00:29+00:00,👤 İstanbul 2025-06-10
2025-01-27 23:00:23+00:00,👤 Ankara 2025-07-24
2025-01-27 22:50:18+00:00,👤 İstanbul 2025-05-12
2025-01-27 22:40:24+00:00,👤 İstanbul 2025-04-29
2025-01-27 22:35:20+00:00,👤 Ankara 2025-07-22
2025-01-27 22:35:17+00:00,👤 Ankara 2025-06-23
2025-01-27 22:10:18+00:00,👤 Ankara 2025-05-29
2025-01-27 22:05:19+00:00,👤 Ankara 2025-07-25
2025-01-27 22:05:19+00:00,👤 Ankara 2025-07-11
2025-01-27 21:50:31+00:00,👤 Ankara 2025-07-07
2025-01-27 21:45:16+00:00,👤 Ankara 2025-07-18
2025-01-27 21:35:19+00:00,👤 İstanbul 2025-06-16
2025-01-27 21:35:19+00:00,👤 İstanbul 2025-04-28
2025-01-27 21:30:25+00:00,👤 Ankara 2025-07-07
2025-01-27 21:25:20+00:00,👤 Ankara 2025-07-07
2025-01-27 21:25:18+00:00,👤 İstanbul 2025-06-16
2025-01-27 21:15:20+00:00,👤 İstanbul 2025-04-28
2025-01-27 21:10:21+00:00,👤 Ankara 2025-07-02
2025-01-27 21:10:21+00:00,👤 Ankara 2025-06-18
2025-01-27 21:10:21+00:00,👥 Ankara 2025-06-18
2025-01-27 21:05:20+00:00,👤 Ankara 2025-06-13
2025-01-27 21:05:19+00:00,👤 İstanbul 2025-06-16
2025-01-27 21:00:23+00:00,👤 İstanbul 2025-05-21
2025-01-27 21:00:23+00:00,👤 İstanbul 2025-04-28
2025-01-27 20:50:18+00:00,👤 İstanbul 2025-06-13
2025-01-27 20:50:18+00:00,👤 İstanbul 2025-05-20
2025-01-27 20:45:16+00:00,👤 Ankara 2025-07-08
2025-01-27 20:35:19+00:00,👤 İstanbul 2025-05-08
2025-01-27 20:30:25+00:00,👤 İstanbul 2025-06-12
2025-01-27 20:30:23+00:00,👤 Ankara 2025-07-22
2025-01-27 20:25:19+00:00,👤 Ankara 2025-07-25
2025-01-27 19:55:16+00:00,👤 Ankara 2025-07-25
2025-01-27 19:55:16+00:00,👤 Ankara 2025-07-14
2025-01-27 19:30:21+00:00,👤 Ankara 2025-05-12
2025-01-27 19:30:20+00:00,👥 Ankara 2025-07-18
2025-01-27 19:30:19+00:00,👤 Ankara 2025-07-18
2025-01-27 19:25:17+00:00,👤 Ankara 2025-05-30
2025-01-27 19:25:16+00:00,👤 İstanbul 2025-06-16
2025-01-27 19:20:21+00:00,👤 Ankara 2025-06-18
2025-01-27 19:20:19+00:00,👤 İstanbul 2025-06-12
2025-01-27 19:15:32+00:00,👤 İstanbul 2025-06-12
2025-01-27 19:15:17+00:00,👤 Ankara 2025-07-22
2025-01-27 19:05:33+00:00,👤 İstanbul 2025-06-16
2025-01-27 19:05:27+00:00,👤 İstanbul 2025-06-13
2025-01-27 19:05:27+00:00,👤 İstanbul 2025-05-08
2025-01-27 19:00:24+00:00,👤 Ankara 2025-07-10
2025-01-27 18:55:16+00:00,👤 İstanbul 2025-07-22
2025-01-27 18:45:16+00:00,👤 İstanbul 2025-04-17
2025-01-27 18:40:19+00:00,👤 İstanbul 2025-06-10
2025-01-27 18:35:21+00:00,👤 İstanbul 2025-07-16
2025-01-27 18:35:17+00:00,👤 İstanbul 2025-06-12
2025-01-27 18:35:16+00:00,👤 İstanbul 2025-05-08
2025-01-27 18:30:27+00:00,👤 İstanbul 2025-06-16
2025-01-27 18:30:23+00:00,👤 Ankara 2025-07-09
2025-01-27 18:30:22+00:00,👤 Ankara 2025-07-02
2025-01-27 18:10:23+00:00,👤 Ankara 2025-04-21
2025-01-27 18:10:23+00:00,👤 Ankara 2025-01-30
2025-01-27 18:05:19+00:00,👤 Ankara 2025-02-03
2025-01-27 18:05:19+00:00,👤 Ankara 2025-06-30
2025-01-27 17:35:18+00:00,👤 Ankara 2025-07-24
2025-01-27 17:30:24+00:00,👤 Ankara 2025-07-07
2025-01-27 17:30:21+00:00,👤 Ankara 2025-07-01
2025-01-27 17:30:21+00:00,👤 Ankara 2025-05-05
2025-01-27 17:25:25+00:00,👤 İstanbul 2025-06-13
2025-01-27 17:25:19+00:00,👤 İstanbul 2025-06-12
2025-01-27 17:25:19+00:00,👤 İstanbul 2025-04-28
2025-01-27 17:20:21+00:00,👤 İstanbul 2025-05-29
2025-01-27 17:15:20+00:00,👤 Ankara 2025-07-21
2025-01-27 17:15:20+00:00,👤 Ankara 2025-06-17
2025-01-27 17:05:17+00:00,👤 Ankara 2025-07-08
2025-01-27 17:00:29+00:00,👤 İstanbul 2025-04-16
2025-01-27 17:00:24+00:00,👤 Ankara 2025-01-30
2025-01-27 16:55:21+00:00,👤 İstanbul 2025-04-21
2025-01-27 16:50:18+00:00,👤 İstanbul 2025-06-16
2025-01-27 16:45:22+00:00,👤 İstanbul 2025-06-16
2025-01-27 16:40:22+00:00,👤 İstanbul 2025-06-10
2025-01-27 16:40:17+00:00,👤 ❌ İstanbul 2025-04-22
2025-01-27 16:30:21+00:00,👥 İstanbul 2025-06-10
2025-01-27 16:25:15+00:00,👤 İstanbul 2025-06-16
2025-01-27 16:20:27+00:00,👤 İstanbul 2025-07-02
2025-01-27 16:20:21+00:00,👤 İstanbul 2025-06-13
2025-01-27 16:20:21+00:00,👤 İstanbul 2025-06-10
2025-01-27 16:15:19+00:00,👤 İstanbul 2025-05-07
2025-01-27 16:00:25+00:00,👤 Ankara 2025-06-23
2025-01-27 15:55:19+00:00,👤 Ankara 2025-05-21
2025-01-27 15:45:19+00:00,👤 Ankara 2025-06-23
2025-01-27 15:15:18+00:00,👤 İstanbul 2025-04-10
2025-01-27 15:05:20+00:00,👤 İstanbul 2025-07-21
2025-01-27 15:05:17+00:00,👥 Ankara 2025-06-30
2025-01-27 15:00:23+00:00,👥 Ankara 2025-07-18
2025-01-27 14:50:18+00:00,👥 İstanbul 2025-06-12
2025-01-27 14:50:17+00:00,👥 İstanbul 2025-04-15
2025-01-27 14:30:20+00:00,👤 Ankara 2025-07-09
2025-01-27 14:30:20+00:00,👤 Ankara 2025-07-03
2025-01-27 14:25:19+00:00,👥 Ankara 2025-07-25
2025-01-27 14:05:17+00:00,👥 Ankara 2025-07-07
2025-01-27 13:35:17+00:00,👤 Ankara 2025-04-25
2025-01-27 13:30:20+00:00,👤 Ankara 2025-07-25
2025-01-27 13:25:19+00:00,👤 Ankara 2025-07-14
2025-01-27 13:10:18+00:00,👥 İstanbul 2025-04-22
2025-01-27 12:55:16+00:00,👤 İstanbul 2025-05-09
2025-01-27 12:55:15+00:00,👤 İstanbul 2025-04-15
2025-01-27 12:50:18+00:00,👤 İstanbul 2025-06-13
2025-01-27 12:45:21+00:00,👤 İstanbul 2025-06-16
2025-01-27 12:45:20+00:00,👤 İstanbul 2025-06-10
2025-01-27 12:40:20+00:00,👤 İstanbul 2025-06-12
2025-01-27 12:40:19+00:00,👤 İstanbul 2025-06-10
2025-01-27 12:30:22+00:00,👤 Ankara 2025-05-22
2025-01-27 12:20:17+00:00,👤 Ankara 2025-06-16
2025-01-27 12:15:17+00:00,👤 Ankara 2025-07-01
2025-01-27 12:10:24+00:00,👤 Ankara 2025-05-06
2025-01-27 11:40:20+00:00,👤 İstanbul 2025-04-28
2025-01-27 11:30:21+00:00,👤 İstanbul 2025-06-10
2025-01-27 11:05:17+00:00,👤 Ankara 2025-06-18
2025-01-27 10:50:17+00:00,👤 Ankara 2025-07-24
2025-01-27 10:45:19+00:00,👤 Ankara 2025-05-29
2025-01-27 10:30:33+00:00,👤 İstanbul 2025-07-16
2025-01-27 10:30:21+00:00,👤 İstanbul 2025-06-13
2025-01-27 10:30:21+00:00,👤 İstanbul 2025-06-10
2025-01-27 10:15:17+00:00,👥 Ankara 2025-07-17
2025-01-27 09:10:47+00:00,👥 İstanbul 2025-05-30
2025-01-27 09:10:46+00:00,👤 İstanbul 2025-05-30
2025-01-27 09:05:38+00:00,👥 İstanbul 2025-05-30
2025-01-27 08:55:21+00:00,👤 Ankara 2025-07-07
2025-01-27 08:12:01+00:00,👤 İstanbul 2025-05-20
2025-01-27 07:57:58+00:00,👤 İstanbul 2025-05-15
2025-01-27 07:43:31+00:00,👥 İstanbul 2025-05-12
2025-01-27 06:51:49+00:00,👤 İstanbul 2025-05-05
2025-01-27 06:05:19+00:00,👤 Ankara 2025-05-06
2025-01-27 05:58:16+00:00,👥 İstanbul 2025-04-21
2025-01-27 05:45:06+00:00,👤 İstanbul 2025-04-17
2025-01-27 05:44:33+00:00,👥 İstanbul 2025-04-17
2025-01-27 05:39:02+00:00,👥 İstanbul 2025-04-16
2025-01-27 05:38:26+00:00,👤 İstanbul 2025-04-16
2025-01-27 03:20:18+00:00,👤 Ankara 2025-06-23
2025-01-27 02:30:31+00:00,👤 Ankara 2025-07-08
2025-01-27 00:50:17+00:00,👤 İstanbul 2025-03-11
2025-01-26 23:50:17+00:00,👤 Ankara 2025-07-07
2025-01-26 18:55:16+00:00,👤 Ankara 2025-05-29
2025-01-26 16:35:15+00:00,👤 Ankara 2025-06-02
2025-01-26 16:30:19+00:00,👤 Ankara 2025-07-08
2025-01-26 15:15:22+00:00,👤 Ankara 2025-03-25
2025-01-26 13:20:20+00:00,👤 Ankara 2025-06-23
2025-01-26 10:55:15+00:00,👤 Ankara 2025-06-16
2025-01-26 10:50:21+00:00,👤 Ankara 2025-05-21
2025-01-26 10:25:16+00:00,👤 Ankara 2025-07-07
2025-01-26 10:15:20+00:00,👤 İstanbul 2025-03-24
2025-01-26 08:40:17+00:00,👤 İstanbul 2025-07-21
2025-01-26 08:10:19+00:00,👥 Ankara 2025-07-11
2025-01-26 08:10:18+00:00,👤 Ankara 2025-07-11
2025-01-26 06:50:24+00:00,👤 Ankara 2025-06-13
2025-01-26 06:45:18+00:00,👤 Ankara 2025-06-26
2025-01-26 06:30:22+00:00,👤 Ankara 2025-07-09
2025-01-26 05:10:22+00:00,👤 Ankara 2025-07-09
2025-01-26 04:55:20+00:00,👤 Ankara 2025-06-27
2025-01-26 04:55:15+00:00,👤 Ankara 2025-07-22
2025-01-26 04:25:23+00:00,👤 Ankara 2025-07-07
2025-01-26 03:50:18+00:00,👤 Ankara 2025-07-07
2025-01-26 02:50:18+00:00,👤 Ankara 2025-06-02
2025-01-26 01:25:19+00:00,👤 İstanbul 2025-06-12
2025-01-26 01:10:21+00:00,👤 Ankara 2025-06-30
2025-01-26 01:00:25+00:00,👤 Ankara 2025-07-02
2025-01-26 00:40:24+00:00,👤 Ankara 2025-07-03
2025-01-26 00:40:17+00:00,👤 Ankara 2025-07-01
2025-01-26 00:40:17+00:00,👤 Ankara 2025-05-29
2025-01-25 20:15:19+00:00,👤 Ankara 2025-06-16
2025-01-25 20:10:19+00:00,👤 Ankara 2025-07-18
2025-01-25 20:00:29+00:00,👤 Ankara 2025-06-18
2025-01-25 19:30:20+00:00,👤 Ankara 2025-06-13
2025-01-25 19:10:28+00:00,👤 Ankara 2025-07-02
2025-01-25 18:25:19+00:00,👤 Ankara 2025-06-16
2025-01-25 18:10:21+00:00,👤 İstanbul 2025-06-12
2025-01-25 17:20:19+00:00,👤 İstanbul 2025-06-16
2025-01-25 17:20:18+00:00,👤 Ankara 2025-04-22
2025-01-25 17:10:20+00:00,👤 İstanbul 2025-04-14
2025-01-25 16:30:21+00:00,👥 İstanbul 2025-06-13
2025-01-25 15:55:20+00:00,👤 Ankara 2025-06-16
2025-01-25 15:00:23+00:00,👤 İstanbul 2025-06-13
2025-01-25 14:45:18+00:00,👤 İstanbul 2025-06-16
2025-01-25 14:45:18+00:00,👤 İstanbul 2025-06-13
2025-01-25 14:35:32+00:00,👤 İstanbul 2025-06-13
2025-01-25 13:50:25+00:00,👥 İstanbul 2025-04-03
2025-01-25 13:50:21+00:00,👤 İstanbul 2025-04-03
2025-01-25 13:50:20+00:00,👤 İstanbul 2025-03-18
2025-01-25 13:45:21+00:00,👤 Ankara 2025-07-02
2025-01-25 13:45:16+00:00,👤 Ankara 2025-06-16
2025-01-25 13:45:16+00:00,👤 Ankara 2025-06-02
2025-01-25 13:35:20+00:00,👤 İstanbul 2025-04-08
2025-01-25 13:35:17+00:00,👤 İstanbul 2025-06-13
2025-01-25 13:35:17+00:00,👤 İstanbul 2025-06-12
2025-01-25 13:25:17+00:00,👤 İstanbul 2025-06-10
2025-01-25 13:20:20+00:00,👤 Ankara 2025-07-09
2025-01-25 13:20:20+00:00,👤 Ankara 2025-05-05
2025-01-25 12:45:17+00:00,👤 Ankara 2025-07-01
2025-01-25 12:40:21+00:00,👤 İstanbul 2025-06-16
2025-01-25 12:40:19+00:00,👤 Ankara 2025-06-23
2025-01-25 12:30:20+00:00,👤 Ankara 2025-05-30
2025-01-25 12:25:19+00:00,👥 İstanbul 2025-06-10
2025-01-25 12:10:19+00:00,👤 İstanbul 2025-06-12
2025-01-25 11:40:24+00:00,👤 İstanbul 2025-03-10
2025-01-25 11:30:21+00:00,👤 İstanbul 2025-06-12
2025-01-25 11:10:22+00:00,👤 Ankara 2025-05-27
2025-01-25 11:05:18+00:00,👤 İstanbul 2025-06-12
2025-01-25 10:55:15+00:00,👤 Ankara 2025-06-18
2025-01-25 10:50:17+00:00,👤 Ankara 2025-07-02
2025-01-25 10:20:22+00:00,👤 İstanbul 2025-06-16
2025-01-25 10:05:20+00:00,👤 İstanbul 2025-04-11
2025-01-25 09:45:16+00:00,👤 İstanbul 2025-06-12
2025-01-25 09:15:16+00:00,👤 İstanbul 2025-04-02
2025-01-25 09:05:21+00:00,👤 Ankara 2025-06-23
2025-01-25 09:05:20+00:00,👤 Ankara 2025-05-07
2025-01-25 09:00:26+00:00,👤 İstanbul 2025-06-10
2025-01-25 09:00:25+00:00,👤 Ankara 2025-07-02
2025-01-25 08:55:21+00:00,👤 İstanbul 2025-04-10
2025-01-25 08:55:20+00:00,👤 İstanbul 2025-04-07
2025-01-25 08:35:21+00:00,👤 İstanbul 2025-06-12
2025-01-25 08:35:19+00:00,👤 İstanbul 2025-06-10
2025-01-25 08:35:18+00:00,👤 İstanbul 2025-03-10
2025-01-25 07:55:28+00:00,👤 Ankara 2025-07-22
2025-01-25 07:50:18+00:00,👤 Ankara 2025-04-07
2025-01-25 07:40:22+00:00,👤 Ankara 2025-07-08
2025-01-25 07:35:18+00:00,👤 İstanbul 2025-06-12
2025-01-25 07:25:20+00:00,👤 Ankara 2025-03-19
2025-01-25 07:15:22+00:00,👤 Ankara 2025-06-23
2025-01-25 07:15:22+00:00,👤 Ankara 2025-06-17
2025-01-25 06:25:34+00:00,👤 Ankara 2025-07-14
2025-01-25 06:25:21+00:00,👤 Ankara 2025-01-30
2025-01-25 06:15:23+00:00,👤 Ankara 2025-03-03
2025-01-25 06:15:22+00:00,👤 İstanbul 2025-04-07
2025-01-25 06:05:20+00:00,👤 Ankara 2025-07-18
2025-01-25 06:05:16+00:00,👤 İstanbul 2025-04-07
2025-01-25 05:55:22+00:00,👤 Ankara 2025-07-17
2025-01-25 05:50:22+00:00,👤 İstanbul 2025-06-16
2025-01-25 05:50:21+00:00,👤 Ankara 2025-07-03
2025-01-25 05:45:24+00:00,👤 İstanbul 2025-06-12
2025-01-25 05:45:19+00:00,👤 İstanbul 2025-03-10
2025-01-25 05:45:18+00:00,👤 İstanbul 2025-03-07
2025-01-25 05:45:16+00:00,👤 Ankara 2025-05-30
2025-01-25 05:40:22+00:00,👤 Ankara 2025-06-18
2025-01-25 05:35:27+00:00,👤 İstanbul 2025-06-12
2025-01-25 05:35:24+00:00,👤 Ankara 2025-06-20
2025-01-25 05:35:23+00:00,👤 İstanbul 2025-04-02
2025-01-25 05:35:22+00:00,👤 İstanbul 2025-03-27
2025-01-25 05:30:23+00:00,👤 Ankara 2025-06-27
2025-01-25 05:25:29+00:00,👤 Ankara 2025-06-10
2025-01-25 05:25:22+00:00,👤 İstanbul 2025-06-13
2025-01-25 05:20:20+00:00,👤 İstanbul 2025-06-16
2025-01-25 05:20:18+00:00,👤 Ankara 2025-04-18
2025-01-25 05:15:20+00:00,👤 Ankara 2025-07-07
2025-01-25 05:15:19+00:00,👤 İstanbul 2025-06-10
2025-01-25 05:15:19+00:00,👤 Ankara 2025-06-26
2025-01-25 05:10:26+00:00,👤 Ankara 2025-07-01
2025-01-25 05:05:18+00:00,👤 İstanbul 2025-04-08
2025-01-25 04:55:17+00:00,👤 Ankara 2025-06-24
2025-01-25 04:05:21+00:00,👤 İstanbul 2025-04-02
2025-01-25 04:05:18+00:00,👤 Ankara 2025-06-23
2025-01-25 04:00:23+00:00,👤 Ankara 2025-06-02
2025-01-25 04:00:23+00:00,👤 İstanbul 2025-06-10
2025-01-25 04:00:21+00:00,👤 Ankara 2025-03-27
2025-01-25 03:55:20+00:00,👤 İstanbul 2025-06-12
2025-01-25 03:55:19+00:00,👤 İstanbul 2025-04-07
2025-01-25 03:50:17+00:00,👤 Ankara 2025-05-20
2025-01-25 03:50:16+00:00,👤 Ankara 2025-07-02
2025-01-25 03:45:24+00:00,👤 İstanbul 2025-03-20
2025-01-25 03:45:23+00:00,👤 İstanbul 2025-03-13
2025-01-25 03:45:18+00:00,👤 Ankara 2025-07-02
2025-01-25 03:45:18+00:00,👤 İstanbul 2025-03-11
2025-01-25 03:45:17+00:00,👤 İstanbul 2025-03-06
2025-01-25 03:40:18+00:00,👤 İstanbul 2025-03-07
2025-01-25 03:35:19+00:00,👤 İstanbul 2025-03-19
2025-01-25 03:35:18+00:00,👤 Ankara 2025-05-22
2025-01-25 03:35:16+00:00,👤 Ankara 2025-07-22
2025-01-25 03:30:26+00:00,👤 Ankara 2025-02-13
2025-01-25 03:30:23+00:00,👤 İstanbul 2025-03-18
2025-01-25 03:30:19+00:00,👤 İstanbul 2025-03-27
2025-01-25 03:25:21+00:00,👤 İstanbul 2025-07-02
2025-01-25 03:25:19+00:00,👤 İstanbul 2025-06-12
2025-01-25 03:25:18+00:00,👤 İstanbul 2025-03-18
2025-01-25 03:25:17+00:00,👤 Ankara 2025-07-09
2025-01-25 03:20:19+00:00,👤 Ankara 2025-06-23
2025-01-25 03:20:18+00:00,👤 Ankara 2025-02-20
2025-01-25 03:15:33+00:00,👤 İstanbul 2025-07-17
2025-01-25 03:15:25+00:00,👤 Ankara 2025-02-24
2025-01-25 03:15:24+00:00,👤 İstanbul 2025-06-12
2025-01-25 03:15:23+00:00,👤 Ankara 2025-06-16
2025-01-25 03:15:20+00:00,👤 İstanbul 2025-06-10
2025-01-25 03:15:20+00:00,👤 İstanbul 2025-04-03
2025-01-25 03:15:17+00:00,👤 Ankara 2025-04-29
2025-01-25 03:10:29+00:00,👤 İstanbul 2025-06-16
2025-01-25 03:10:21+00:00,👤 Ankara 2025-07-22
2025-01-25 03:10:20+00:00,👤 İstanbul 2025-04-04
2025-01-25 03:10:17+00:00,👤 İstanbul 2025-06-10
2025-01-25 03:05:26+00:00,👤 Ankara 2025-05-27
2025-01-25 03:00:25+00:00,👤 Ankara 2025-05-07
2025-01-25 03:00:24+00:00,👤 Ankara 2025-03-03
2025-01-25 03:00:22+00:00,👤 İstanbul 2025-03-06
2025-01-25 02:55:19+00:00,👤 İstanbul 2025-06-10
2025-01-25 02:55:17+00:00,👤 Ankara 2025-07-09
2025-01-25 02:50:33+00:00,👤 İstanbul 2025-07-17
2025-01-25 02:50:26+00:00,👤 İstanbul 2025-06-16
2025-01-25 02:50:20+00:00,👤 İstanbul 2025-04-08
2025-01-25 02:50:20+00:00,👤 İstanbul 2025-03-20
2025-01-25 02:45:20+00:00,👤 Ankara 2025-06-16
2025-01-25 02:45:17+00:00,👤 İstanbul 2025-03-18
2025-01-25 02:40:23+00:00,👤 İstanbul 2025-04-10
2025-01-25 02:40:21+00:00,👤 Ankara 2025-06-17
2025-01-25 02:40:19+00:00,👤 İstanbul 2025-04-04
2025-01-25 02:40:19+00:00,👤 İstanbul 2025-03-11
2025-01-25 02:40:18+00:00,👤 Ankara 2025-07-02
2025-01-25 02:35:18+00:00,👤 İstanbul 2025-06-12
2025-01-25 02:35:17+00:00,👤 İstanbul 2025-04-10
2025-01-25 02:30:26+00:00,👤 Ankara 2025-07-02
2025-01-25 02:30:22+00:00,👥 Ankara 2025-07-02
2025-01-25 02:20:25+00:00,👥 İstanbul 2025-07-11
2025-01-25 02:10:27+00:00,👤 Ankara 2025-07-09
2025-01-25 02:05:19+00:00,👤 Ankara 2025-05-05
2025-01-25 02:05:17+00:00,👤 İstanbul 2025-04-11
2025-01-25 02:05:16+00:00,👤 Ankara 2025-06-17
2025-01-25 02:00:46+00:00,👤 İstanbul 2025-06-16
2025-01-25 02:00:39+00:00,👤 İstanbul 2025-06-12
2025-01-25 02:00:26+00:00,👤 İstanbul 2025-04-03
2025-01-25 02:00:26+00:00,👤 İstanbul 2025-04-02
2025-01-25 02:00:24+00:00,👤 Ankara 2025-06-16
2025-01-25 01:55:18+00:00,👤 İstanbul 2025-03-18
2025-01-25 01:55:17+00:00,👤 Ankara 2025-03-05
2025-01-25 01:50:19+00:00,👤 İstanbul 2025-07-02
2025-01-25 01:50:19+00:00,👤 İstanbul 2025-06-12
2025-01-25 01:45:18+00:00,👤 İstanbul 2025-06-16
2025-01-25 01:45:17+00:00,👤 İstanbul 2025-03-10
2025-01-25 01:40:25+00:00,👤 Ankara 2025-07-01
2025-01-25 01:40:25+00:00,👤 Ankara 2025-05-06
2025-01-25 01:40:18+00:00,👤 İstanbul 2025-04-02
2025-01-25 01:35:20+00:00,👤 İstanbul 2025-03-20
2025-01-25 01:35:20+00:00,👤 İstanbul 2025-03-13
2025-01-25 01:30:25+00:00,👤 Ankara 2025-06-13
2025-01-25 01:30:25+00:00,👤 İstanbul 2025-06-12
2025-01-25 01:30:24+00:00,👤 İstanbul 2025-04-08
2025-01-25 01:25:19+00:00,👤 İstanbul 2025-06-10
2025-01-25 01:20:21+00:00,👤 İstanbul 2025-04-10
2025-01-25 01:20:19+00:00,👤 Ankara 2025-07-22
2025-01-25 01:20:18+00:00,👤 İstanbul 2025-03-06
2025-01-25 01:15:27+00:00,👤 Ankara 2025-07-07
2025-01-25 01:15:25+00:00,👤 İstanbul 2025-06-16
2025-01-25 01:15:22+00:00,👤 İstanbul 2025-06-13
2025-01-25 01:15:21+00:00,👤 İstanbul 2025-04-14
2025-01-25 01:15:20+00:00,👤 Ankara 2025-06-16
2025-01-25 01:15:17+00:00,👤 Ankara 2025-05-29
2025-01-25 01:10:24+00:00,👤 İstanbul 2025-06-10
2025-01-25 01:10:22+00:00,👤 Ankara 2025-06-18
2025-01-25 01:10:20+00:00,👤 İstanbul 2025-04-08
2025-01-25 01:10:19+00:00,👤 İstanbul 2025-03-20
2025-01-25 01:05:24+00:00,👤 İstanbul 2025-06-12
2025-01-25 01:05:24+00:00,👤 İstanbul 2025-04-15
2025-01-25 01:00:28+00:00,👤 İstanbul 2025-03-25
2025-01-25 01:00:27+00:00,👤 İstanbul 2025-03-13
2025-01-25 01:00:26+00:00,👤 İstanbul 2025-03-11
2025-01-25 00:55:21+00:00,👤 İstanbul 2025-03-07
2025-01-25 00:55:15+00:00,👤 İstanbul 2025-02-28
2025-01-25 00:50:24+00:00,👤 İstanbul 2025-07-02
2025-01-25 00:20:22+00:00,👥 Ankara 2025-07-11
2025-01-25 00:20:21+00:00,👤 Ankara 2025-07-11
2025-01-25 00:20:21+00:00,👤 Ankara 2025-05-27
2025-01-25 00:15:18+00:00,👤 İstanbul 2025-04-08
2025-01-25 00:00:30+00:00,👤 İstanbul 2025-04-11
2025-01-25 00:00:25+00:00,👥 İstanbul 2025-04-11
2025-01-24 23:55:18+00:00,👤 İstanbul 2025-03-20
2025-01-24 23:55:17+00:00,👤 İstanbul 2025-03-18
2025-01-24 23:55:16+00:00,👥 İstanbul 2025-03-20
2025-01-24 23:50:20+00:00,👤 İstanbul 2025-06-16
2025-01-24 23:50:19+00:00,👥 İstanbul 2025-06-16
2025-01-24 23:40:22+00:00,👤 İstanbul 2025-06-10
2025-01-24 23:40:21+00:00,👤 İstanbul 2025-04-08
2025-01-24 23:35:16+00:00,👤 İstanbul 2025-06-16
2025-01-24 23:30:24+00:00,👥 İstanbul 2025-04-11
2025-01-24 23:30:24+00:00,👤 İstanbul 2025-06-16
2025-01-24 23:30:23+00:00,👤 İstanbul 2025-04-11
2025-01-24 23:30:22+00:00,👤 İstanbul 2025-03-10
2025-01-24 23:25:18+00:00,👥 İstanbul 2025-06-10
2025-01-24 23:25:18+00:00,👤 İstanbul 2025-06-10
2025-01-24 23:20:28+00:00,👤 İstanbul 2025-06-12
2025-01-24 23:20:22+00:00,👤 İstanbul 2025-04-10
2025-01-24 23:20:18+00:00,👤 İstanbul 2025-04-15
2025-01-24 23:20:17+00:00,👤 İstanbul 2025-04-08
2025-01-24 23:10:19+00:00,👤 Ankara 2025-05-27
2025-01-24 23:00:33+00:00,👤 İstanbul 2025-07-21
2025-01-24 23:00:23+00:00,👤 İstanbul 2025-07-14
2025-01-24 23:00:22+00:00,👤 İstanbul 2025-06-12
2025-01-24 22:55:16+00:00,👤 İstanbul 2025-06-10
2025-01-24 22:35:17+00:00,👤 Ankara 2025-05-06
2025-01-24 22:25:16+00:00,👤 Ankara 2025-07-09
2025-01-24 22:20:27+00:00,👤 İstanbul 2025-06-16
2025-01-24 22:20:26+00:00,👤 İstanbul 2025-06-12
2025-01-24 22:20:20+00:00,👤 Ankara 2025-07-01
2025-01-24 22:20:20+00:00,👤 Ankara 2025-06-16
2025-01-24 22:20:20+00:00,👥 Ankara 2025-06-16
2025-01-24 22:15:24+00:00,👤 İstanbul 2025-07-02
2025-01-24 22:10:21+00:00,👤 Ankara 2025-02-24
2025-01-24 22:05:20+00:00,👤 İstanbul 2025-06-13
2025-01-24 22:00:25+00:00,👤 İstanbul 2025-06-10
2025-01-24 22:00:23+00:00,👤 Ankara 2025-07-16
2025-01-24 22:00:23+00:00,👤 Ankara 2025-05-05
2025-01-24 21:55:21+00:00,👤 İstanbul 2025-06-16
2025-01-24 21:55:20+00:00,👤 İstanbul 2025-04-10
2025-01-24 21:55:18+00:00,👤 İstanbul 2025-04-04
2025-01-24 21:55:18+00:00,👤 İstanbul 2025-03-07
2025-01-24 21:50:31+00:00,👤 İstanbul 2025-06-16
2025-01-24 21:50:26+00:00,👤 İstanbul 2025-06-12
2025-01-24 21:50:23+00:00,👤 İstanbul 2025-04-03
2025-01-24 21:50:22+00:00,👥 İstanbul 2025-03-20
2025-01-24 21:50:19+00:00,👤 İstanbul 2025-03-20
2025-01-24 21:50:19+00:00,👤 İstanbul 2025-03-19
2025-01-24 21:50:16+00:00,👤 Ankara 2025-07-22
2025-01-24 21:45:24+00:00,👤 İstanbul 2025-06-16
2025-01-24 21:45:22+00:00,👥 İstanbul 2025-06-10
2025-01-24 21:45:19+00:00,👤 İstanbul 2025-06-10
2025-01-24 21:45:18+00:00,👤 İstanbul 2025-03-24
2025-01-24 21:45:17+00:00,👥 İstanbul 2025-06-16
2025-01-24 21:40:31+00:00,👥 İstanbul 2025-04-02
2025-01-24 21:40:31+00:00,👤 İstanbul 2025-06-16
2025-01-24 21:40:28+00:00,👤 İstanbul 2025-04-02
2025-01-24 21:40:24+00:00,👤 İstanbul 2025-03-13
2025-01-24 21:40:23+00:00,👤 İstanbul 2025-03-07
2025-01-24 21:35:31+00:00,👤 İstanbul 2025-06-13
2025-01-24 21:35:27+00:00,👤 Ankara 2025-07-07
2025-01-24 21:35:25+00:00,👤 İstanbul 2025-04-08
2025-01-24 21:35:25+00:00,👤 İstanbul 2025-03-11
2025-01-24 21:35:23+00:00,👤 Ankara 2025-07-01
2025-01-24 21:35:23+00:00,👤 Ankara 2025-05-05
2025-01-24 21:35:18+00:00,👥 İstanbul 2025-02-24
2025-01-24 21:30:23+00:00,👤 İstanbul 2025-06-16
2025-01-24 21:30:23+00:00,👤 İstanbul 2025-06-12
2025-01-24 21:30:22+00:00,👤 Ankara 2025-06-27
2025-01-24 21:30:22+00:00,👤 İstanbul 2025-04-03
2025-01-24 21:30:20+00:00,👤 Ankara 2025-04-18
2025-01-24 21:25:24+00:00,👤 İstanbul 2025-06-12
2025-01-24 21:25:23+00:00,👤 İstanbul 2025-03-20
2025-01-24 21:20:25+00:00,👤 İstanbul 2025-06-12
2025-01-24 21:20:20+00:00,👤 İstanbul 2025-03-13
2025-01-24 21:20:20+00:00,👤 İstanbul 2025-03-11
2025-01-24 21:15:25+00:00,👤 Ankara 2025-06-13
2025-01-24 21:15:24+00:00,👤 İstanbul 2025-07-02
2025-01-24 21:15:23+00:00,👤 İstanbul 2025-03-13
2025-01-24 21:10:31+00:00,👤 İstanbul 2025-06-13
2025-01-24 21:10:26+00:00,👤 Ankara 2025-04-08
2025-01-24 21:10:25+00:00,👤 İstanbul 2025-04-08
2025-01-24 21:10:25+00:00,👤 İstanbul 2025-03-24
2025-01-24 21:07:58+00:00,"Vizesini erkene çekmek için randevu takibi yapamayan @emtr34 ile iletişime geçebilir, randevu takip hizmetinden yararlanabilir."
2025-01-24 21:05:18+00:00,👤 İstanbul 2025-03-13
2025-01-24 21:05:17+00:00,👤 İstanbul 2025-03-11
2025-01-24 21:00:27+00:00,👤 İstanbul 2025-04-08
2025-01-24 21:00:24+00:00,👤 İstanbul 2025-03-24
2025-01-24 21:00:23+00:00,👤 İstanbul 2025-03-19
2025-01-24 20:55:21+00:00,👤 Ankara 2025-03-10
2025-01-24 20:55:20+00:00,👤 İstanbul 2025-04-03
2025-01-24 20:55:19+00:00,👤 İstanbul 2025-03-18
2025-01-24 20:50:28+00:00,👤 Ankara 2025-07-16
2025-01-24 20:50:26+00:00,👤 Ankara 2025-07-08
2025-01-24 20:50:24+00:00,👤 İstanbul 2025-06-13
2025-01-24 20:50:21+00:00,👤 İstanbul 2025-03-13
2025-01-24 20:50:21+00:00,👤 İstanbul 2025-03-11
2025-01-24 20:50:21+00:00,👤 Ankara 2025-06-17
2025-01-24 20:50:19+00:00,👤 Ankara 2025-05-08
2025-01-24 20:50:19+00:00,👤 Ankara 2025-04-28
2025-01-24 20:45:24+00:00,👤 İstanbul 2025-04-14
2025-01-24 20:45:23+00:00,👤 İstanbul 2025-03-24
2025-01-24 20:45:21+00:00,👤 Ankara 2025-02-28
2025-01-24 20:45:20+00:00,👤 İstanbul 2025-03-20
2025-01-24 20:45:20+00:00,👤 İstanbul 2025-03-11
2025-01-24 20:40:21+00:00,👤 Ankara 2025-05-27
2025-01-24 20:30:23+00:00,👥 İstanbul 2025-04-04
2025-01-24 20:20:22+00:00,👤 Ankara 2025-05-30
2025-01-24 20:20:20+00:00,👤 İstanbul 2025-03-27
2025-01-24 20:20:19+00:00,👤 Ankara 2025-07-08
2025-01-24 20:20:18+00:00,👤 Ankara 2025-04-22
2025-01-24 20:15:34+00:00,👤 İstanbul 2025-06-16
2025-01-24 20:15:18+00:00,👤 Ankara 2025-05-05
2025-01-24 20:10:29+00:00,👤 İstanbul 2025-03-18
2025-01-24 20:10:25+00:00,👤 İstanbul 2025-03-13
2025-01-24 20:10:25+00:00,👤 İstanbul 2025-03-11
2025-01-24 20:10:23+00:00,👤 Ankara 2025-06-16
2025-01-24 20:05:30+00:00,👤 İstanbul 2025-06-16
2025-01-24 20:05:25+00:00,👤 İstanbul 2025-06-13
2025-01-24 20:05:25+00:00,👤 İstanbul 2025-04-10
2025-01-24 20:00:29+00:00,👤 İstanbul 2025-06-12
2025-01-24 19:55:22+00:00,👤 İstanbul 2025-06-12
2025-01-24 19:55:17+00:00,👤 İstanbul 2025-03-13
2025-01-24 19:55:17+00:00,👤 İstanbul 2025-03-11
2025-01-24 19:50:23+00:00,👤 İstanbul 2025-03-20
2025-01-24 19:50:23+00:00,👤 İstanbul 2025-03-14
2025-01-24 19:50:20+00:00,👤 Ankara 2025-04-08
2025-01-24 19:45:36+00:00,👤 İstanbul 2025-07-17
2025-01-24 19:45:24+00:00,👤 İstanbul 2025-03-27
2025-01-24 19:45:21+00:00,👤 İstanbul 2025-03-20
2025-01-24 19:45:20+00:00,👤 İstanbul 2025-03-13
2025-01-24 19:40:23+00:00,👤 Ankara 2025-05-29
2025-01-24 19:40:23+00:00,👤 Ankara 2025-05-09
2025-01-24 19:40:21+00:00,👤 İstanbul 2025-06-12
2025-01-24 19:35:30+00:00,👤 İstanbul 2025-06-10
2025-01-24 19:35:25+00:00,👤 Ankara 2025-07-22
2025-01-24 19:35:18+00:00,👤 Ankara 2025-03-24
2025-01-24 19:35:16+00:00,👤 Ankara 2025-05-30
2025-01-24 19:30:26+00:00,👤 İstanbul 2025-03-20
2025-01-24 19:30:23+00:00,👤 İstanbul 2025-03-13
2025-01-24 19:30:22+00:00,👤 İstanbul 2025-03-10
2025-01-24 19:30:21+00:00,👤 Ankara 2025-04-07
2025-01-24 19:30:20+00:00,👤 Ankara 2025-02-27
2025-01-24 19:25:31+00:00,👤 İstanbul 2025-07-16
2025-01-24 19:25:24+00:00,👤 İstanbul 2025-06-12
2025-01-24 19:25:21+00:00,👤 İstanbul 2025-06-10
2025-01-24 19:25:20+00:00,👤 İstanbul 2025-03-19
2025-01-24 19:25:18+00:00,👤 Ankara 2025-04-21
2025-01-24 19:20:24+00:00,👤 İstanbul 2025-06-10
2025-01-24 19:20:24+00:00,👤 İstanbul 2025-04-02
2025-01-24 19:20:18+00:00,👤 İstanbul 2025-03-25
2025-01-24 19:20:17+00:00,👤 İstanbul 2025-03-13
2025-01-24 19:15:23+00:00,👤 İstanbul 2025-04-07
2025-01-24 19:15:22+00:00,👤 Ankara 2025-05-05
2025-01-24 19:15:22+00:00,👤 İstanbul 2025-03-18
2025-01-24 18:50:19+00:00,👤 ❌ İstanbul 2025-07-02
2025-01-24 18:50:18+00:00,👤 ❌ İstanbul 2025-04-07
2025-01-24 18:20:26+00:00,👤 İstanbul 2025-06-16
2025-01-24 18:20:25+00:00,👤 İstanbul 2025-06-10
2025-01-24 18:15:25+00:00,👤 İstanbul 2025-06-12
2025-01-24 18:15:24+00:00,👤 İstanbul 2025-06-10
2025-01-24 18:10:28+00:00,👤 İstanbul 2025-07-02
2025-01-24 18:10:22+00:00,👤 İstanbul 2025-04-14
2025-01-24 18:10:22+00:00,👤 Ankara 2025-06-23
2025-01-24 18:10:22+00:00,👤 Ankara 2025-05-06
2025-01-24 18:10:21+00:00,👤 İstanbul 2025-03-20
2025-01-24 18:00:27+00:00,👤 İstanbul 2025-06-12
2025-01-24 18:00:26+00:00,👤 Ankara 2025-06-17
2025-01-24 18:00:22+00:00,👤 İstanbul 2025-03-20
2025-01-24 18:00:22+00:00,👤 İstanbul 2025-03-07
2025-01-24 17:55:21+00:00,👤 Ankara 2025-05-29
2025-01-24 17:50:21+00:00,👤 Ankara 2025-05-21
2025-01-24 17:10:24+00:00,👤 Ankara 2025-02-25
2025-01-24 17:00:31+00:00,👤 İstanbul 2025-06-16
2025-01-24 17:00:28+00:00,👤 Ankara 2025-07-08
2025-01-24 17:00:28+00:00,👤 İstanbul 2025-06-10
2025-01-24 17:00:25+00:00,👤 İstanbul 2025-03-20
2025-01-24 17:00:24+00:00,👤 İstanbul 2025-03-19
2025-01-24 16:55:23+00:00,👤 Ankara 2025-07-22
2025-01-24 16:55:20+00:00,👤 İstanbul 2025-03-19
2025-01-24 16:55:17+00:00,👤 Ankara 2025-07-08
2025-01-24 16:55:17+00:00,👤 Ankara 2025-04-29
2025-01-24 16:50:24+00:00,👤 İstanbul 2025-03-20
2025-01-24 16:50:16+00:00,👤 İstanbul 2025-03-13
2025-01-24 16:45:21+00:00,👤 İstanbul 2025-04-03
2025-01-24 16:45:19+00:00,👤 Ankara 2025-07-10
2025-01-24 16:45:18+00:00,👤 İstanbul 2025-03-10
2025-01-24 16:45:18+00:00,👤 Ankara 2025-04-11
2025-01-24 16:45:18+00:00,👤 İstanbul 2025-03-07
2025-01-24 16:40:22+00:00,👤 Ankara 2025-04-21
2025-01-24 16:40:16+00:00,👤 İstanbul 2025-06-16
2025-01-24 16:35:25+00:00,👤 İstanbul 2025-06-16
2025-01-24 16:35:24+00:00,👤 İstanbul 2025-06-13
2025-01-24 16:35:22+00:00,👤 İstanbul 2025-03-19
2025-01-24 16:35:21+00:00,👤 İstanbul 2025-03-11
2025-01-24 16:35:20+00:00,👤 Ankara 2025-07-07
2025-01-24 16:30:20+00:00,👤 İstanbul 2025-04-04
2025-01-24 16:25:22+00:00,👤 İstanbul 2025-03-10
2025-01-24 16:25:19+00:00,👤 Ankara 2025-07-21
2025-01-24 16:20:21+00:00,👤 İstanbul 2025-03-24
2025-01-24 16:20:20+00:00,👤 İstanbul 2025-03-20
2025-01-24 16:20:19+00:00,👤 İstanbul 2025-06-16
2025-01-24 16:20:18+00:00,👤 İstanbul 2025-03-06
2025-01-24 15:50:28+00:00,👥 İstanbul 2025-06-10
2025-01-24 15:50:26+00:00,👤 İstanbul 2025-03-27
2025-01-24 15:50:22+00:00,👤 İstanbul 2025-03-20
2025-01-24 15:50:21+00:00,👤 İstanbul 2025-03-10
2025-01-24 15:50:20+00:00,👤 Ankara 2025-05-07
2025-01-24 15:50:18+00:00,👤 İstanbul 2025-03-07
2025-01-24 15:50:17+00:00,👤 İstanbul 2025-03-06
2025-01-24 15:45:23+00:00,👤 İstanbul 2025-03-20
2025-01-24 15:45:19+00:00,👤 Ankara 2025-07-02
2025-01-24 15:45:18+00:00,👤 İstanbul 2025-03-19
2025-01-24 15:45:17+00:00,👤 İstanbul 2025-03-13
2025-01-24 15:40:20+00:00,👤 İstanbul 2025-03-10
2025-01-24 15:35:21+00:00,👤 Ankara 2025-02-05
2025-01-24 15:35:20+00:00,👤 Ankara 2025-07-11
2025-01-24 15:35:20+00:00,👤 Ankara 2025-07-09
2025-01-24 15:30:29+00:00,👤 İstanbul 2025-06-12
2025-01-24 15:30:25+00:00,👤 İstanbul 2025-06-10
2025-01-24 15:30:25+00:00,👤 İstanbul 2025-04-08
2025-01-24 15:30:20+00:00,👤 Ankara 2025-07-08
2025-01-24 15:30:19+00:00,👤 Ankara 2025-07-09
2025-01-24 15:25:19+00:00,👤 Ankara 2025-07-16
2025-01-24 15:25:16+00:00,👤 İstanbul 2025-06-12
2025-01-24 15:20:22+00:00,👤 İstanbul 2025-06-16
2025-01-24 15:20:21+00:00,👤 İstanbul 2025-03-11
2025-01-24 15:20:19+00:00,👤 Ankara 2025-05-29
2025-01-24 15:15:21+00:00,👤 İstanbul 2025-03-11
2025-01-24 15:15:20+00:00,👤 Ankara 2025-02-24
2025-01-24 15:10:24+00:00,👤 İstanbul 2025-06-12
2025-01-24 15:10:19+00:00,👤 Ankara 2025-05-12
2025-01-24 14:40:24+00:00,👤 İstanbul 2025-06-13
2025-01-24 14:40:18+00:00,👤 Ankara 2025-07-08
2025-01-24 14:35:22+00:00,👤 İstanbul 2025-06-16
2025-01-24 14:35:20+00:00,👤 Ankara 2025-05-09
2025-01-24 14:25:20+00:00,👤 Ankara 2025-06-16
2025-01-24 14:25:18+00:00,👤 İstanbul 2025-03-10
2025-01-24 14:25:17+00:00,👤 İstanbul 2025-03-07
2025-01-24 14:20:27+00:00,👤 İstanbul 2025-06-16
2025-01-24 14:15:20+00:00,👤 İstanbul 2025-06-12
2025-01-24 14:15:19+00:00,👤 İstanbul 2025-03-07
2025-01-24 14:10:24+00:00,👤 İstanbul 2025-06-16
2025-01-24 14:10:20+00:00,👤 İstanbul 2025-03-11
2025-01-24 14:10:20+00:00,👤 İstanbul 2025-03-10
2025-01-24 14:00:24+00:00,👤 İstanbul 2025-06-12
2025-01-24 13:55:22+00:00,👤 İstanbul 2025-03-24
2025-01-24 13:55:21+00:00,👤 İstanbul 2025-03-18
2025-01-24 13:55:20+00:00,👤 Ankara 2025-08-14
2025-01-24 13:55:16+00:00,👤 İstanbul 2025-06-16
2025-01-24 13:55:15+00:00,👤 İstanbul 2025-03-20
2025-01-24 11:51:47+00:00,👤 İstanbul 2025-04-15
2025-01-24 11:47:09+00:00,👤 İstanbul 2025-04-14
2025-01-24 11:36:24+00:00,👤 İstanbul 2025-04-11
2025-01-24 11:07:55+00:00,👤 İstanbul 2025-04-08
2025-01-24 10:40:21+00:00,👤 Ankara 2025-04-30
2025-01-24 10:25:27+00:00,👤 İstanbul 2025-04-02
2025-01-24 09:51:40+00:00,👤 İstanbul 2025-03-04
2025-01-24 09:51:11+00:00,👥 İstanbul 2025-03-06
2025-01-24 09:50:57+00:00,👤 İstanbul 2025-03-06
2025-01-24 09:50:45+00:00,👤 İstanbul 2025-03-07
2025-01-24 09:50:38+00:00,👥 İstanbul 2025-03-11
2025-01-24 09:50:36+00:00,👤 İstanbul 2025-03-10
2025-01-24 09:50:28+00:00,👤 İstanbul 2025-03-11
2025-01-24 09:50:17+00:00,👤 İstanbul 2025-03-13
2025-01-24 09:50:07+00:00,👤 İstanbul 2025-03-14
2025-01-24 09:49:36+00:00,👥 İstanbul 2025-03-18
2025-01-24 09:49:31+00:00,👤 İstanbul 2025-03-19
2025-01-24 07:50:20+00:00,👤 Ankara 2025-06-16
2025-01-24 06:05:18+00:00,👤 İstanbul 2025-06-16
2025-01-24 06:00:23+00:00,👤 Ankara 2025-07-07
2025-01-24 05:50:22+00:00,👤 Ankara 2025-07-09
2025-01-24 05:50:18+00:00,👥 Ankara 2025-07-14
2025-01-24 05:30:24+00:00,👤 Ankara 2025-07-01
2025-01-24 05:15:21+00:00,👥 Ankara 2025-07-10
2025-01-24 05:15:19+00:00,👤 Ankara 2025-07-10
2025-01-24 03:05:20+00:00,👤 Ankara 2025-07-22
2025-01-24 01:35:25+00:00,👤 Ankara 2025-07-08
2025-01-24 00:35:17+00:00,👤 Ankara 2025-07-02
2025-01-23 23:45:19+00:00,👤 Ankara 2025-07-08
2025-01-23 23:35:18+00:00,👤 Ankara 2025-06-17
2025-01-23 23:35:18+00:00,👤 Ankara 2025-01-28
2025-01-23 23:25:22+00:00,👤 Ankara 2025-07-10
2025-01-23 23:10:21+00:00,👤 İstanbul 2025-06-12
2025-01-23 23:00:22+00:00,👤 Ankara 2025-06-30
2025-01-23 23:00:22+00:00,👤 Ankara 2025-06-18
2025-01-23 22:50:20+00:00,👤 Ankara 2025-07-02
2025-01-23 22:45:18+00:00,👤 Ankara 2025-07-07
2025-01-23 22:10:19+00:00,👤 Ankara 2025-06-13
2025-01-23 21:00:20+00:00,👤 Ankara 2025-07-02
2025-01-23 20:15:20+00:00,👤 Ankara 2025-07-01
2025-01-23 19:15:19+00:00,👤 Ankara 2025-06-16
2025-01-23 19:00:23+00:00,👤 Ankara 2025-07-03
2025-01-23 18:50:18+00:00,👤 Ankara 2025-06-24
2025-01-23 18:25:18+00:00,👤 Ankara 2025-06-18
2025-01-23 18:20:18+00:00,👤 Ankara 2025-06-17
2025-01-23 17:55:24+00:00,👤 Ankara 2025-07-10
2025-01-23 17:50:18+00:00,👤 Ankara 2025-06-27
2025-01-23 17:50:17+00:00,👤 Ankara 2025-03-17
2025-01-23 17:45:17+00:00,👤 Ankara 2025-03-20
2025-01-23 17:35:18+00:00,👤 İstanbul 2025-07-02
2025-01-23 17:05:17+00:00,👤 Ankara 2025-06-18
2025-01-23 16:55:15+00:00,👤 Ankara 2025-06-30
2025-01-23 16:40:22+00:00,👤 Ankara 2025-04-16
2025-01-23 16:35:18+00:00,👤 Ankara 2025-07-10
2025-01-23 16:35:18+00:00,👤 Ankara 2025-06-10
2025-01-23 16:25:17+00:00,👤 Ankara 2025-02-05
2025-01-23 16:25:17+00:00,👤 Ankara 2025-01-30
2025-01-23 16:05:21+00:00,👤 Ankara 2025-07-08
2025-01-23 16:05:20+00:00,👤 Ankara 2025-07-01
2025-01-23 16:00:23+00:00,👤 Ankara 2025-07-08
2025-01-23 15:55:18+00:00,👤 Ankara 2025-07-02
2025-01-23 14:30:22+00:00,👤 Ankara 2025-06-17
2025-01-23 13:45:17+00:00,👤 Ankara 2025-06-17
2025-01-23 13:40:19+00:00,👤 Ankara 2025-07-08
2025-01-23 13:30:23+00:00,👤 Ankara 2025-05-15
2025-01-23 13:25:17+00:00,👤 Ankara 2025-07-07
2025-01-23 13:20:23+00:00,👤 Ankara 2025-07-08
2025-01-23 12:40:19+00:00,👤 Ankara 2025-07-17
2025-01-23 12:30:22+00:00,👤 Ankara 2025-02-13
2025-01-23 12:10:23+00:00,👥 Ankara 2025-07-02
2025-01-23 12:00:22+00:00,👤 Ankara 2025-06-17
2025-01-23 11:55:14+00:00,👤 Ankara 2025-06-27
2025-01-23 11:40:19+00:00,👤 Ankara 2025-07-07
2025-01-23 11:40:18+00:00,👤 Ankara 2025-05-27
2025-01-23 11:40:18+00:00,👤 İstanbul 2025-06-16
2025-01-23 11:25:18+00:00,👤 Ankara 2025-07-08
2025-01-23 11:15:21+00:00,👤 Ankara 2025-05-21
2025-01-23 10:55:17+00:00,👤 Ankara 2025-07-02
2025-01-23 10:50:16+00:00,👤 Ankara 2025-06-27
2025-01-23 10:40:18+00:00,👤 Ankara 2025-07-01
2025-01-23 10:35:28+00:00,👥 Ankara 2025-08-25
2025-01-23 10:35:17+00:00,👤 Ankara 2025-07-02
2025-01-23 10:25:21+00:00,👤 Ankara 2025-04-16
2025-01-23 09:45:17+00:00,👤 Ankara 2025-06-30
2025-01-23 09:35:18+00:00,👤 Ankara 2025-07-10
2025-01-23 09:30:21+00:00,👤 Ankara 2025-07-01
2025-01-23 09:15:22+00:00,👥 Ankara 2025-07-07
2025-01-23 09:15:21+00:00,👤 Ankara 2025-07-07
2025-01-23 09:10:18+00:00,👤 Ankara 2025-06-18
2025-01-23 09:05:19+00:00,👤 Ankara 2025-07-03
2025-01-23 09:05:18+00:00,👤 Ankara 2025-06-16
2025-01-23 09:00:23+00:00,👤 Ankara 2025-07-09
2025-01-23 08:35:16+00:00,👤 Ankara 2025-07-01
2025-01-23 08:30:20+00:00,👤 Ankara 2025-06-04
2025-01-23 08:09:07+00:00,👤 Ankara 2025-01-28
2025-01-23 07:40:20+00:00,👤 Ankara 2025-07-08
2025-01-23 07:40:19+00:00,👤 Ankara 2025-01-31
2025-01-23 07:35:17+00:00,👤 İstanbul 2025-06-16
2025-01-23 07:30:22+00:00,👤 İstanbul 2025-06-16
2025-01-23 07:25:19+00:00,👤 Ankara 2025-06-18
2025-01-23 07:25:19+00:00,👤 İstanbul 2025-06-12
2025-01-23 07:20:20+00:00,👤 Ankara 2025-06-18
2025-01-23 07:10:21+00:00,👤 Ankara 2025-02-04
2025-01-23 07:05:19+00:00,👤 Ankara 2025-04-07
2025-01-23 06:55:29+00:00,👤 Ankara 2025-04-29
2025-01-23 06:45:20+00:00,👤 Ankara 2025-04-21
2025-01-23 06:40:20+00:00,👤 Ankara 2025-07-17
2025-01-23 06:40:19+00:00,👤 Ankara 2025-05-15
2025-01-23 06:35:18+00:00,👤 Ankara 2025-05-21
2025-01-23 06:25:19+00:00,👤 Ankara 2025-07-09
2025-01-23 06:25:19+00:00,👤 Ankara 2025-04-22
2025-01-23 06:15:28+00:00,👤 Ankara 2025-07-09
2025-01-23 06:10:23+00:00,👤 Ankara 2025-05-13
2025-01-23 06:10:19+00:00,👤 Ankara 2025-07-01
2025-01-23 06:05:24+00:00,👤 Ankara 2025-05-06
2025-01-23 06:05:19+00:00,👤 İstanbul 2025-07-08
2025-01-23 05:50:20+00:00,👤 Ankara 2025-07-09
2025-01-23 05:50:18+00:00,👤 Ankara 2025-07-02
2025-01-23 05:45:20+00:00,👤 Ankara 2025-06-10
2025-01-23 05:40:20+00:00,👤 Ankara 2025-07-08
2025-01-23 05:35:17+00:00,👤 Ankara 2025-07-07
2025-01-23 05:35:17+00:00,👤 İstanbul 2025-06-13
2025-01-23 05:25:26+00:00,👤 Ankara 2025-07-02
2025-01-23 05:25:17+00:00,👤 Ankara 2025-06-23
2025-01-23 05:25:16+00:00,👤 Ankara 2025-05-06
2025-01-23 05:15:20+00:00,👤 Ankara 2025-07-18
2025-01-23 05:15:17+00:00,👤 Ankara 2025-07-07
2025-01-23 05:15:17+00:00,👤 Ankara 2025-06-18
2025-01-23 05:10:20+00:00,👤 Ankara 2025-06-16
2025-01-23 05:00:25+00:00,👤 İstanbul 2025-06-16
2025-01-23 05:00:24+00:00,👤 Ankara 2025-06-23
2025-01-23 04:50:18+00:00,👤 Ankara 2025-05-21
2025-01-23 04:30:22+00:00,👤 Ankara 2025-06-24
2025-01-23 04:30:19+00:00,👤 Ankara 2025-07-10
2025-01-23 04:25:16+00:00,👤 Ankara 2025-07-16
2025-01-23 04:25:16+00:00,👤 Ankara 2025-07-02
2025-01-23 04:15:23+00:00,👤 Ankara 2025-06-24
2025-01-23 04:15:21+00:00,👥 Ankara 2025-06-24
2025-01-23 04:10:18+00:00,👤 Ankara 2025-05-27
2025-01-23 04:10:18+00:00,👤 Ankara 2025-04-29
2025-01-23 04:05:18+00:00,👤 Ankara 2025-06-16
2025-01-23 04:00:25+00:00,👤 Ankara 2025-07-09
2025-01-23 03:45:20+00:00,👤 İstanbul 2025-06-12
2025-01-23 03:45:15+00:00,👤 Ankara 2025-07-07
2025-01-23 03:40:18+00:00,👤 Ankara 2025-05-29
2025-01-23 03:40:17+00:00,👤 Ankara 2025-06-16
2025-01-23 03:35:17+00:00,👤 Ankara 2025-04-07
2025-01-23 03:25:20+00:00,👤 Ankara 2025-06-20
2025-01-23 03:25:18+00:00,👤 Ankara 2025-06-18
2025-01-23 03:25:17+00:00,👤 Ankara 2025-04-10
2025-01-23 03:20:20+00:00,👤 Ankara 2025-06-23
2025-01-23 03:05:19+00:00,👤 Ankara 2025-07-08
2025-01-23 03:05:18+00:00,👤 Ankara 2025-06-16
2025-01-23 03:00:25+00:00,👤 Ankara 2025-03-04
2025-01-23 03:00:23+00:00,👤 İstanbul 2025-06-12
2025-01-23 03:00:22+00:00,👤 Ankara 2025-05-29
2025-01-23 02:45:17+00:00,👤 Ankara 2025-05-27
2025-01-23 02:40:18+00:00,👤 Ankara 2025-06-16
2025-01-23 02:40:16+00:00,👤 Ankara 2025-07-01
2025-01-23 02:15:22+00:00,👤 Ankara 2025-02-11
2025-01-23 02:10:26+00:00,👤 Ankara 2025-06-18
2025-01-23 02:10:17+00:00,👤 İstanbul 2025-06-12
2025-01-23 02:05:23+00:00,👤 Ankara 2025-06-18
2025-01-23 02:00:26+00:00,👤 Ankara 2025-04-15
2025-01-23 02:00:25+00:00,👤 Ankara 2025-04-08
2025-01-23 01:55:17+00:00,👤 Ankara 2025-04-28
2025-01-23 01:50:20+00:00,👤 Ankara 2025-07-07
2025-01-23 01:35:21+00:00,👤 Ankara 2025-05-27
2025-01-23 01:35:20+00:00,👤 Ankara 2025-01-31
2025-01-23 01:20:18+00:00,👤 Ankara 2025-07-01
2025-01-23 01:20:18+00:00,👥 Ankara 2025-07-01
2025-01-23 01:20:17+00:00,👤 İstanbul 2025-06-16
2025-01-23 01:15:26+00:00,👤 Ankara 2025-04-10
2025-01-23 01:10:18+00:00,👤 Ankara 2025-06-16
2025-01-23 01:05:23+00:00,👤 İstanbul 2025-06-16
2025-01-23 01:05:22+00:00,👤 Ankara 2025-05-06
2025-01-23 01:05:21+00:00,👤 Ankara 2025-04-15
2025-01-23 01:05:19+00:00,👤 Ankara 2025-05-13
2025-01-23 01:05:19+00:00,👤 Ankara 2025-05-22
2025-01-23 01:00:27+00:00,👤 İstanbul 2025-06-16
2025-01-23 00:55:16+00:00,👤 Ankara 2025-05-30
2025-01-23 00:55:16+00:00,👤 Ankara 2025-02-11
2025-01-23 00:50:20+00:00,👤 Ankara 2025-07-16
2025-01-23 00:50:19+00:00,👤 Ankara 2025-06-17
2025-01-23 00:45:18+00:00,👤 Ankara 2025-06-17
2025-01-23 00:40:26+00:00,👤 Ankara 2025-07-18
2025-01-23 00:40:24+00:00,👤 Ankara 2025-07-07
2025-01-23 00:40:24+00:00,👤 Ankara 2025-07-02
2025-01-23 00:30:23+00:00,👤 İstanbul 2025-06-16
2025-01-23 00:30:23+00:00,👤 Ankara 2025-07-01
2025-01-23 00:25:23+00:00,👤 Ankara 2025-02-28
2025-01-23 00:20:21+00:00,👤 Ankara 2025-04-21
2025-01-23 00:20:17+00:00,👤 Ankara 2025-07-01
2025-01-23 00:15:19+00:00,👤 Ankara 2025-05-29
2025-01-23 00:10:22+00:00,👤 Ankara 2025-07-07
2025-01-23 00:10:21+00:00,👤 Ankara 2025-07-21
2025-01-23 00:05:21+00:00,👤 Ankara 2025-07-10
2025-01-23 00:05:19+00:00,👤 Ankara 2025-07-01
2025-01-23 00:00:29+00:00,👤 Ankara 2025-07-01
2025-01-22 23:55:16+00:00,👤 Ankara 2025-07-07
2025-01-22 23:50:28+00:00,👤 Ankara 2025-07-03
2025-01-22 23:50:21+00:00,👤 Ankara 2025-03-24
2025-01-22 23:50:18+00:00,👤 Ankara 2025-04-28
2025-01-22 23:50:17+00:00,👤 Ankara 2025-03-27
2025-01-22 23:45:21+00:00,👤 Ankara 2025-07-01
2025-01-22 23:45:20+00:00,👤 Ankara 2025-02-05
2025-01-22 23:40:18+00:00,👤 İstanbul 2025-07-08
2025-01-22 23:35:17+00:00,👤 Ankara 2025-07-02
2025-01-22 23:30:19+00:00,👤 İstanbul 2025-02-19
2025-01-22 23:25:20+00:00,👤 Ankara 2025-05-08
2025-01-22 23:25:17+00:00,👤 Ankara 2025-06-23
2025-01-22 23:25:16+00:00,👤 Ankara 2025-02-06
2025-01-22 23:20:21+00:00,👤 Ankara 2025-06-30
2025-01-22 23:20:20+00:00,👤 Ankara 2025-05-06
2025-01-22 23:20:20+00:00,👤 Ankara 2025-04-08
2025-01-22 23:15:20+00:00,👤 İstanbul 2025-06-12
2025-01-22 23:15:19+00:00,👥 Ankara 2025-07-10
2025-01-22 23:10:20+00:00,👤 Ankara 2025-07-10
2025-01-22 23:00:24+00:00,👤 Ankara 2025-06-04
2025-01-22 23:00:23+00:00,👤 İstanbul 2025-02-20
2025-01-22 22:55:19+00:00,👤 Ankara 2025-06-18
2025-01-22 22:55:16+00:00,👤 Ankara 2025-07-07
2025-01-22 22:45:17+00:00,👤 Ankara 2025-04-21
2025-01-22 22:40:18+00:00,👤 Ankara 2025-06-10
2025-01-22 22:40:18+00:00,👤 İstanbul 2025-02-19
2025-01-22 22:35:22+00:00,👤 Ankara 2025-07-02
2025-01-22 22:35:22+00:00,👤 Ankara 2025-06-30
2025-01-22 22:35:18+00:00,👤 Ankara 2025-02-12
2025-01-22 22:30:29+00:00,👤 Ankara 2025-07-10
2025-01-22 22:30:22+00:00,👤 Ankara 2025-07-07
2025-01-22 22:30:19+00:00,👤 Ankara 2025-06-02
2025-01-22 22:05:19+00:00,👤 İstanbul 2025-06-13
2025-01-22 21:35:19+00:00,👤 Ankara 2025-04-15
2025-01-22 21:30:26+00:00,👤 Ankara 2025-06-13
2025-01-22 21:10:45+00:00,👤 Ankara 2025-07-17
2025-01-22 21:10:44+00:00,👤 Ankara 2025-07-16
2025-01-22 21:10:36+00:00,👤 Ankara 2025-07-09
2025-01-22 21:10:29+00:00,👤 Ankara 2025-07-14
2025-01-22 21:10:20+00:00,👤 Ankara 2025-04-30
2025-01-22 21:10:19+00:00,👤 Ankara 2025-02-05
2025-01-22 20:15:22+00:00,👤 Ankara 2025-07-07
2025-01-22 20:10:22+00:00,👤 Ankara 2025-06-16
2025-01-22 20:10:17+00:00,👤 Ankara 2025-07-02
2025-01-22 20:05:28+00:00,👤 Ankara 2025-07-16
2025-01-22 20:05:21+00:00,👤 İstanbul 2025-06-16
2025-01-22 20:05:19+00:00,👤 Ankara 2025-07-09
2025-01-22 20:05:19+00:00,👤 Ankara 2025-05-27
2025-01-22 20:00:28+00:00,👤 Ankara 2025-02-04
2025-01-22 19:55:34+00:00,👤 Ankara 2025-07-02
2025-01-22 19:50:29+00:00,👤 Ankara 2025-07-16
2025-01-22 19:50:25+00:00,👤 Ankara 2025-05-29
2025-01-22 19:50:25+00:00,👤 Ankara 2025-05-20
2025-01-22 19:45:19+00:00,👤 Ankara 2025-02-19
2025-01-22 19:45:17+00:00,👤 İstanbul 2025-02-21
2025-01-22 19:40:20+00:00,👤 Ankara 2025-07-02
2025-01-22 19:40:19+00:00,👤 İstanbul 2025-07-11
2025-01-22 19:40:18+00:00,👤 İstanbul 2025-06-16
2025-01-22 19:40:17+00:00,👤 Ankara 2025-06-30
2025-01-22 19:35:21+00:00,👤 Ankara 2025-06-27
2025-01-22 19:35:20+00:00,👤 Ankara 2025-06-26
2025-01-22 19:30:27+00:00,👤 Ankara 2025-07-10
2025-01-22 19:30:22+00:00,👤 Ankara 2025-07-01
2025-01-22 19:30:21+00:00,👤 Ankara 2025-07-07
2025-01-22 19:30:20+00:00,👤 Ankara 2025-02-06
2025-01-22 19:25:25+00:00,👤 Ankara 2025-04-21
2025-01-22 19:20:22+00:00,👥 Ankara 2025-06-23
2025-01-22 19:20:21+00:00,👤 Ankara 2025-07-09
2025-01-22 19:20:20+00:00,👤 Ankara 2025-06-23
2025-01-22 19:20:19+00:00,👤 Ankara 2025-02-04
2025-01-22 19:15:20+00:00,👤 Ankara 2025-06-17
2025-01-22 19:10:22+00:00,👤 Ankara 2025-07-10
2025-01-22 19:10:21+00:00,👤 Ankara 2025-01-28
2025-01-22 19:10:21+00:00,👤 Ankara 2025-01-30
2025-01-22 19:10:19+00:00,👤 İstanbul 2025-06-12
2025-01-22 19:05:18+00:00,👤 İstanbul 2025-06-12
2025-01-22 19:00:26+00:00,👤 Ankara 2025-06-18
2025-01-22 19:00:25+00:00,👤 İstanbul 2025-06-16
2025-01-22 19:00:24+00:00,👤 Ankara 2025-04-16
2025-01-22 19:00:23+00:00,👤 Ankara 2025-02-21
2025-01-22 18:55:17+00:00,👤 Ankara 2025-05-21
2025-01-22 18:50:17+00:00,👤 İstanbul 2025-06-12
2025-01-22 18:45:23+00:00,👤 Ankara 2025-05-29
2025-01-22 18:45:23+00:00,👤 Ankara 2025-04-07
2025-01-22 18:45:18+00:00,👤 Ankara 2025-02-05
2025-01-22 18:45:17+00:00,👤 İstanbul 2025-06-10
2025-01-22 18:45:16+00:00,👤 İstanbul 2025-06-12
2025-01-22 18:45:15+00:00,👤 Ankara 2025-07-07
2025-01-22 18:40:22+00:00,👤 Ankara 2025-07-01
2025-01-22 18:40:22+00:00,👤 Ankara 2025-06-17
2025-01-22 18:40:19+00:00,👤 Ankara 2025-07-07
2025-01-22 18:40:18+00:00,👤 Ankara 2025-04-08
2025-01-22 18:35:26+00:00,👤 Ankara 2025-07-10
2025-01-22 18:35:24+00:00,👤 Ankara 2025-06-24
2025-01-22 18:35:21+00:00,👤 Ankara 2025-02-05
2025-01-22 18:35:20+00:00,👤 Ankara 2025-03-24
2025-01-22 18:35:19+00:00,👤 İstanbul 2025-06-10
2025-01-22 18:35:17+00:00,👤 Ankara 2025-06-23
2025-01-22 18:35:17+00:00,👤 Ankara 2025-02-13
2025-01-22 18:30:23+00:00,👤 Ankara 2025-07-07
2025-01-22 18:30:21+00:00,👤 İstanbul 2025-06-16
2025-01-22 18:30:20+00:00,👤 Ankara 2025-05-15
2025-01-22 18:25:18+00:00,👤 Ankara 2025-02-06
2025-01-22 18:20:19+00:00,👤 Ankara 2025-07-07
2025-01-22 18:20:19+00:00,👤 İstanbul 2025-06-12
2025-01-22 18:15:28+00:00,👤 Ankara 2025-07-09
2025-01-22 18:15:22+00:00,👤 Ankara 2025-07-08
2025-01-22 18:15:22+00:00,👤 Ankara 2025-06-23
2025-01-22 18:10:20+00:00,👤 İstanbul 2025-06-16
2025-01-22 18:10:18+00:00,👤 Ankara 2025-02-25
2025-01-22 18:05:20+00:00,👤 Ankara 2025-07-02
2025-01-22 18:05:20+00:00,👤 Ankara 2025-04-29
2025-01-22 18:05:17+00:00,👥 Ankara 2025-07-09
2025-01-22 18:05:17+00:00,👤 Ankara 2025-07-09
2025-01-22 18:05:16+00:00,👤 Ankara 2025-03-27
2025-01-22 18:00:24+00:00,👤 İstanbul 2025-06-10
2025-01-22 18:00:23+00:00,👤 İstanbul 2025-06-16
2025-01-22 17:55:17+00:00,👤 Ankara 2025-05-13
2025-01-22 17:55:16+00:00,👤 Ankara 2025-03-04
2025-01-22 17:55:15+00:00,👤 İstanbul 2025-06-13
2025-01-22 17:50:26+00:00,👤 Ankara 2025-06-27
2025-01-22 17:45:24+00:00,👤 Ankara 2025-07-08
2025-01-22 17:45:21+00:00,👤 Ankara 2025-05-06
2025-01-22 17:45:19+00:00,👤 İstanbul 2025-03-03
2025-01-22 17:40:20+00:00,👤 Ankara 2025-06-17
2025-01-22 17:35:19+00:00,👤 Ankara 2025-06-17
2025-01-22 17:35:19+00:00,👤 Ankara 2025-05-15
2025-01-22 17:30:25+00:00,👤 Ankara 2025-06-18
2025-01-22 17:30:20+00:00,👤 Ankara 2025-02-07
2025-01-22 17:30:19+00:00,👤 Ankara 2025-02-04
2025-01-22 17:25:19+00:00,👤 Ankara 2025-07-09
2025-01-22 17:20:20+00:00,👤 Ankara 2025-03-25
2025-01-22 17:15:19+00:00,👤 İstanbul 2025-06-12
2025-01-22 17:05:20+00:00,👤 Ankara 2025-02-06
2025-01-22 17:05:19+00:00,👤 Ankara 2025-02-04
2025-01-22 17:00:23+00:00,👤 Ankara 2025-04-11
2025-01-22 17:00:23+00:00,👤 Ankara 2025-02-20
2025-01-22 16:55:20+00:00,👤 Ankara 2025-06-16
2025-01-22 16:55:19+00:00,👥 Ankara 2025-06-24
2025-01-22 16:55:17+00:00,👤 Ankara 2025-06-24
2025-01-22 16:55:16+00:00,👤 Ankara 2025-04-08
2025-01-22 16:50:21+00:00,👤 Ankara 2025-07-01
2025-01-22 16:50:17+00:00,👤 Ankara 2025-05-29
2025-01-22 16:50:17+00:00,👤 İstanbul 2025-06-13
2025-01-22 16:50:17+00:00,👤 Ankara 2025-02-04
2025-01-22 16:45:22+00:00,👤 Ankara 2025-05-06
2025-01-22 16:45:16+00:00,👥 İstanbul 2025-06-12
2025-01-22 16:40:22+00:00,👤 Ankara 2025-04-08
2025-01-22 16:40:18+00:00,👤 Ankara 2025-04-10
2025-01-22 16:40:18+00:00,👤 Ankara 2025-02-04
2025-01-22 16:35:22+00:00,👤 Ankara 2025-07-08
2025-01-22 16:30:29+00:00,👤 Ankara 2025-07-18
2025-01-22 16:30:20+00:00,👥 Ankara 2025-07-09
2025-01-22 16:30:20+00:00,👥 Ankara 2025-06-23
2025-01-22 16:20:22+00:00,👤 Ankara 2025-03-24
2025-01-22 16:20:19+00:00,👤 İstanbul 2025-06-16
2025-01-22 16:20:19+00:00,👤 İstanbul 2025-06-13
2025-01-22 16:20:18+00:00,👥 İstanbul 2025-06-16
2025-01-22 16:15:25+00:00,👤 Ankara 2025-07-01
2025-01-22 16:15:25+00:00,👤 Ankara 2025-06-23
2025-01-22 16:10:26+00:00,👤 Ankara 2025-07-10
2025-01-22 16:10:25+00:00,👤 Ankara 2025-07-02
2025-01-22 16:10:25+00:00,👤 Ankara 2025-06-17
2025-01-22 16:10:24+00:00,👤 Ankara 2025-05-06
2025-01-22 16:10:23+00:00,👥 Ankara 2025-06-17
2025-01-22 16:05:21+00:00,👤 Ankara 2025-06-18
2025-01-22 16:05:19+00:00,👤 İstanbul 2025-06-10
2025-01-22 16:05:16+00:00,👤 İstanbul 2025-06-12
2025-01-22 16:00:24+00:00,👤 Ankara 2025-06-18
2025-01-22 15:55:21+00:00,👤 Ankara 2025-05-27
2025-01-22 15:50:19+00:00,👤 Ankara 2025-01-30
2025-01-22 15:50:17+00:00,👤 İstanbul 2025-06-12
2025-01-22 15:45:26+00:00,👤 Ankara 2025-07-09
2025-01-22 15:45:21+00:00,👤 Ankara 2025-07-08
2025-01-22 15:45:21+00:00,👤 Ankara 2025-06-24
2025-01-22 15:45:18+00:00,👤 Ankara 2025-03-03
2025-01-22 15:45:17+00:00,👤 Ankara 2025-01-28
2025-01-22 15:40:24+00:00,👤 Ankara 2025-07-11
2025-01-22 15:40:23+00:00,👤 Ankara 2025-07-01
2025-01-22 15:40:21+00:00,👤 Ankara 2025-02-05
2025-01-22 15:40:20+00:00,👤 Ankara 2025-01-30
2025-01-22 15:35:19+00:00,👤 Ankara 2025-04-21
2025-01-22 15:35:19+00:00,👤 Ankara 2025-04-08
2025-01-22 15:30:28+00:00,👤 Ankara 2025-04-21
2025-01-22 15:30:26+00:00,👤 Ankara 2025-07-08
2025-01-22 15:30:26+00:00,👤 Ankara 2025-06-04
2025-01-22 15:30:21+00:00,👤 Ankara 2025-03-13
2025-01-22 15:30:21+00:00,👤 Ankara 2025-02-04
2025-01-22 15:25:20+00:00,👤 Ankara 2025-07-09
2025-01-22 15:25:20+00:00,👤 Ankara 2025-05-22
2025-01-22 15:25:19+00:00,👤 Ankara 2025-04-16
2025-01-22 15:20:24+00:00,👤 Ankara 2025-04-15
2025-01-22 15:20:24+00:00,👤 Ankara 2025-06-23
2025-01-22 15:20:20+00:00,👤 Ankara 2025-02-06
2025-01-22 15:15:18+00:00,👤 Ankara 2025-07-17
2025-01-22 15:15:18+00:00,👤 Ankara 2025-07-01
2025-01-22 15:05:20+00:00,👤 Ankara 2025-02-06
2025-01-22 15:00:26+00:00,👤 Ankara 2025-07-10
2025-01-22 15:00:23+00:00,👤 Ankara 2025-04-10
2025-01-22 15:00:23+00:00,👤 Ankara 2025-02-05
2025-01-22 15:00:22+00:00,👤 Ankara 2025-06-20
2025-01-22 14:55:15+00:00,👤 Ankara 2025-07-08
2025-01-22 14:50:26+00:00,👤 Ankara 2025-06-18
2025-01-22 14:50:24+00:00,👥 Ankara 2025-05-27
2025-01-22 14:50:22+00:00,👤 Ankara 2025-05-27
2025-01-22 14:50:21+00:00,👤 Ankara 2025-04-29
2025-01-22 14:45:17+00:00,👤 İstanbul 2025-06-12
2025-01-22 14:30:22+00:00,👤 Ankara 2025-02-27
2025-01-22 14:30:21+00:00,👤 İstanbul 2025-06-16
2025-01-22 14:30:20+00:00,👤 İstanbul 2025-06-10
2025-01-22 14:25:24+00:00,👤 Ankara 2025-07-16
2025-01-22 14:25:21+00:00,👤 Ankara 2025-07-07
2025-01-22 14:25:21+00:00,👤 Ankara 2025-06-18
2025-01-22 14:25:20+00:00,👥 İstanbul 2025-06-16
2025-01-22 14:25:19+00:00,👤 İstanbul 2025-06-16
2025-01-22 14:20:20+00:00,👤 Ankara 2025-05-08
2025-01-22 14:20:19+00:00,👤 Ankara 2025-04-11
2025-01-22 14:10:21+00:00,👤 Ankara 2025-06-13
2025-01-22 14:10:18+00:00,👤 İstanbul 2025-06-10
2025-01-22 14:05:19+00:00,👤 Ankara 2025-07-07
2025-01-22 14:05:17+00:00,👤 İstanbul 2025-02-28
2025-01-22 14:00:30+00:00,👤 Ankara 2025-06-26
2025-01-22 13:40:18+00:00,👤 Ankara 2025-06-18
2025-01-22 13:35:19+00:00,👤 Ankara 2025-02-04
2025-01-22 13:30:20+00:00,👤 Ankara 2025-06-16
2025-01-22 13:30:19+00:00,👤 Ankara 2025-06-10
2025-01-22 13:25:19+00:00,👤 Ankara 2025-07-09
2025-01-22 13:20:21+00:00,👤 Ankara 2025-02-04
2025-01-22 13:15:19+00:00,👤 Ankara 2025-03-24
2025-01-22 13:15:19+00:00,👥 İstanbul 2025-06-12
2025-01-22 13:15:17+00:00,👤 İstanbul 2025-06-12
2025-01-22 13:10:20+00:00,👤 Ankara 2025-02-05
2025-01-22 13:05:18+00:00,👤 Ankara 2025-06-17
2025-01-22 13:05:18+00:00,👤 İstanbul 2025-02-24
2025-01-22 13:05:18+00:00,👤 Ankara 2025-05-21
2025-01-22 13:00:26+00:00,👤 Ankara 2025-07-07
2025-01-22 13:00:26+00:00,👤 Ankara 2025-04-29
2025-01-22 13:00:22+00:00,👤 Ankara 2025-07-18
2025-01-22 12:55:18+00:00,👤 Ankara 2025-07-11
2025-01-22 12:55:17+00:00,👤 Ankara 2025-06-16
2025-01-22 12:50:21+00:00,👤 Ankara 2025-06-02
2025-01-22 12:50:21+00:00,👤 Ankara 2025-05-29
2025-01-22 12:50:18+00:00,👤 İstanbul 2025-06-16
2025-01-22 12:45:20+00:00,👤 Ankara 2025-06-16
2025-01-22 12:45:19+00:00,👤 Ankara 2025-02-25
2025-01-22 12:45:17+00:00,👤 İstanbul 2025-06-10
2025-01-22 12:40:16+00:00,👤 Ankara 2025-03-05
2025-01-22 12:35:22+00:00,👥 Ankara 2025-07-07
2025-01-22 12:35:19+00:00,👤 Ankara 2025-07-07
2025-01-22 12:30:20+00:00,👤 Ankara 2025-07-18
2025-01-22 12:30:19+00:00,👤 Ankara 2025-07-02
2025-01-22 12:20:19+00:00,👤 Ankara 2025-07-02
2025-01-22 12:20:18+00:00,👤 Ankara 2025-02-04
2025-01-22 10:15:17+00:00,👤 Ankara 2025-07-07
2025-01-22 08:24:56+00:00,👤 Ankara 2025-02-27
2025-01-22 08:24:14+00:00,👤 Ankara 2025-02-25
2025-01-22 08:23:03+00:00,👤 Ankara 2025-02-20
2025-01-22 08:21:00+00:00,👤 Ankara 2025-02-12
2025-01-22 08:20:31+00:00,👤 Ankara 2025-02-11
2025-01-22 08:19:56+00:00,👤 Ankara 2025-02-07
2025-01-22 08:19:10+00:00,👤 Ankara 2025-02-06
2025-01-22 08:19:04+00:00,👥 Ankara 2025-02-05
2025-01-22 08:18:16+00:00,👤 Ankara 2025-02-04
2025-01-22 08:11:59+00:00,👤 Ankara 2025-01-30
2025-01-22 08:11:21+00:00,👥 Ankara 2025-01-28
2025-01-22 05:40:17+00:00,👤 Ankara 2025-06-16
2025-01-22 04:20:19+00:00,👤 Ankara 2025-06-17
2025-01-21 21:05:17+00:00,👤 Ankara 2025-04-29
2025-01-21 20:40:18+00:00,👤 Ankara 2025-04-29
2025-01-21 19:45:18+00:00,👤 Ankara 2025-07-18
2025-01-21 19:40:18+00:00,👤 Ankara 2025-05-29
2025-01-21 17:45:17+00:00,👤 İstanbul 2025-06-12
2025-01-21 15:40:20+00:00,👤 Ankara 2025-07-07
2025-01-21 14:50:17+00:00,👤 Ankara 2025-05-21
2025-01-21 14:30:20+00:00,👤 Ankara 2025-07-18
2025-01-21 14:05:17+00:00,👤 Ankara 2025-05-05
2025-01-21 13:15:17+00:00,👤 Ankara 2025-07-10
2025-01-21 13:15:16+00:00,👥 Ankara 2025-07-10
2025-01-21 13:05:18+00:00,👤 Ankara 2025-03-21
2025-01-21 08:00:58+00:00,👥 Ankara 2025-01-27
2025-01-21 08:00:57+00:00,👤 Ankara 2025-01-27
2025-01-20 20:40:17+00:00,👤 Ankara 2025-01-27
2025-01-20 11:10:23+00:00,👤 Ankara 2025-01-24
2025-01-19 05:20:19+00:00,👤 İstanbul 2025-03-04
2025-01-19 03:35:16+00:00,👤 Ankara 2025-03-05
2025-01-18 05:50:18+00:00,👤 Ankara 2025-01-30
2025-01-18 03:10:20+00:00,👤 Ankara 2025-07-02
2025-01-18 00:10:19+00:00,👤 Ankara 2025-07-08
2025-01-17 22:50:19+00:00,👤 Ankara 2025-06-18
2025-01-17 18:25:16+00:00,👤 Ankara 2025-06-18
2025-01-17 14:55:16+00:00,👤 Ankara 2025-01-27
2025-01-17 10:55:16+00:00,👤 Ankara 2025-05-30
2025-01-17 05:10:20+00:00,👥 Ankara 2025-07-07
2025-01-17 05:10:20+00:00,👤 Ankara 2025-07-07
2025-01-16 23:30:21+00:00,👤 Ankara 2025-07-07
2025-01-16 22:30:19+00:00,👤 Ankara 2025-04-24
2025-01-16 22:20:19+00:00,👤 Ankara 2025-06-24
2025-01-16 19:15:17+00:00,👤 Ankara 2025-01-24
2025-01-16 19:10:18+00:00,👤 Ankara 2025-02-28
2025-01-16 17:10:18+00:00,👤 Ankara 2025-06-30
2025-01-16 17:10:17+00:00,👤 Ankara 2025-06-23
2025-01-16 17:05:18+00:00,👤 Ankara 2025-01-31
2025-01-16 14:20:20+00:00,👤 Ankara 2025-07-09
2025-01-16 05:35:18+00:00,👤 Ankara 2025-07-10
2025-01-16 05:20:22+00:00,👤 Ankara 2025-06-30
2025-01-16 05:10:17+00:00,👤 Ankara 2025-07-09
2025-01-16 03:55:16+00:00,👤 Ankara 2025-07-02
2025-01-16 01:55:15+00:00,👤 Ankara 2025-07-07
2025-01-16 01:50:16+00:00,👤 Ankara 2025-07-02
2025-01-16 01:00:23+00:00,👤 Ankara 2025-07-09
2025-01-16 00:35:18+00:00,👤 Ankara 2025-04-15
2025-01-15 22:50:21+00:00,👥 Ankara 2025-07-09
2025-01-15 22:50:19+00:00,👤 Ankara 2025-07-09
2025-01-15 22:40:19+00:00,👤 Ankara 2025-07-09
2025-01-15 21:50:17+00:00,👤 Ankara 2025-06-27
2025-01-15 21:35:18+00:00,👤 Ankara 2025-06-23
2025-01-15 18:55:15+00:00,👤 Ankara 2025-06-30
2025-01-15 18:45:25+00:00,👤 Ankara 2025-07-14
2025-01-15 18:15:18+00:00,👤 Ankara 2025-07-08
2025-01-15 18:15:18+00:00,👤 Ankara 2025-06-17
2025-01-15 17:00:23+00:00,👤 Ankara 2025-03-18
2025-01-15 16:35:17+00:00,👤 Ankara 2025-03-04
2025-01-15 16:25:18+00:00,👤 Ankara 2025-06-18
2025-01-15 16:00:23+00:00,👤 Ankara 2025-06-16
2025-01-15 16:00:21+00:00,👤 Ankara 2025-07-07
2025-01-15 15:45:16+00:00,👤 İstanbul 2025-02-27
2025-01-15 15:25:17+00:00,👤 Ankara 2025-04-08
2025-01-15 14:40:18+00:00,👤 Ankara 2025-07-02
2025-01-15 14:35:17+00:00,👤 Ankara 2025-07-07
2025-01-15 14:30:19+00:00,👤 Ankara 2025-06-16
2025-01-15 14:10:19+00:00,👤 Ankara 2025-05-29
2025-01-15 13:55:17+00:00,👤 Ankara 2025-03-17
2025-01-15 13:55:16+00:00,👤 Ankara 2025-06-16
2025-01-15 13:40:19+00:00,👤 Ankara 2025-07-09
2025-01-15 13:05:16+00:00,👤 İstanbul 2025-02-19
2025-01-15 13:00:22+00:00,👤 Ankara 2025-05-12
2025-01-15 12:30:20+00:00,👤 Ankara 2025-07-09
2025-01-15 12:15:17+00:00,👤 İstanbul 2025-02-18
2025-01-15 11:45:17+00:00,👤 Ankara 2025-07-07
2025-01-15 11:45:17+00:00,👤 Ankara 2025-06-17
2025-01-15 11:45:17+00:00,👤 Ankara 2025-06-23
2025-01-15 11:30:19+00:00,👤 Ankara 2025-07-07
2025-01-15 11:05:17+00:00,👤 Ankara 2025-03-24
2025-01-15 10:50:18+00:00,👤 Ankara 2025-07-07
2025-01-15 10:50:18+00:00,👥 Ankara 2025-07-07
2025-01-15 10:45:16+00:00,👤 Ankara 2025-03-03
2025-01-15 10:35:17+00:00,👤 İstanbul 2025-06-12
2025-01-15 10:35:17+00:00,👤 Ankara 2025-01-23
2025-01-15 10:15:17+00:00,👤 Ankara 2025-07-09
2025-01-15 03:45:17+00:00,👤 Ankara 2025-06-17
2025-01-15 00:35:24+00:00,👤 Ankara 2025-07-28
2025-01-14 23:30:19+00:00,👤 Ankara 2025-06-18
2025-01-14 19:50:18+00:00,👤 Ankara 2025-02-13
2025-01-14 15:30:29+00:00,👤 Ankara 2025-07-31
2025-01-14 02:35:19+00:00,👤 Ankara 2025-07-09
2025-01-14 02:20:18+00:00,👤 Ankara 2025-04-21
2025-01-14 00:45:18+00:00,👤 Ankara 2025-07-09
2025-01-13 22:05:17+00:00,👤 Ankara 2025-05-22
2025-01-13 20:40:19+00:00,👤 Ankara 2025-02-03
2025-01-13 20:20:17+00:00,👤 Ankara 2025-06-30
2025-01-13 16:30:18+00:00,👤 Ankara 2025-01-16
2025-01-13 09:25:19+00:00,👤 Ankara 2025-04-16
2025-01-13 02:05:18+00:00,👤 Ankara 2025-01-15
2025-01-12 21:30:19+00:00,👤 Ankara 2025-04-15
2025-01-11 18:35:16+00:00,👤 Ankara 2025-06-26
2025-01-11 10:50:17+00:00,👤 İstanbul 2025-02-20
2025-01-11 07:35:17+00:00,👤 İstanbul 2025-06-12
2025-01-11 07:15:17+00:00,👤 Ankara 2025-05-06
2025-01-11 04:45:17+00:00,👤 Ankara 2025-01-30
2025-01-11 04:20:21+00:00,👤 Ankara 2025-01-30
2025-01-11 02:30:19+00:00,👤 İstanbul 2025-06-10
2025-01-11 02:30:18+00:00,👤 Ankara 2025-05-29
2025-01-11 00:15:18+00:00,👤 Ankara 2025-02-12
2025-01-10 23:35:19+00:00,👤 Ankara 2025-01-17
2025-01-10 21:50:17+00:00,👤 Ankara 2025-05-30
2025-01-10 21:15:18+00:00,👤 Ankara 2025-05-05
2025-01-10 21:10:18+00:00,👤 Ankara 2025-07-01
2025-01-10 17:45:16+00:00,👤 Ankara 2025-04-08
2025-01-10 17:30:20+00:00,👤 Ankara 2025-04-29
2025-01-10 16:00:22+00:00,👤 Ankara 2025-01-15
2025-01-10 13:10:19+00:00,👤 Ankara 2025-04-30
2025-01-10 12:05:18+00:00,👤 Ankara 2025-05-06
2025-01-10 04:00:21+00:00,👤 Ankara 2025-01-16
2025-01-10 01:10:27+00:00,👤 Ankara 2025-02-21
2025-01-09 21:45:20+00:00,👤 İstanbul 2025-02-18
2025-01-09 21:10:28+00:00,👤 Ankara 2025-01-16
2025-01-09 19:35:22+00:00,👥 Ankara 2025-01-15
2025-01-09 19:35:20+00:00,👤 Ankara 2025-01-15
2025-01-09 18:45:19+00:00,👤 Ankara 2025-02-12
2025-01-09 12:10:22+00:00,👤 Ankara 2025-07-03
2025-01-09 08:45:16+00:00,👥 İstanbul 2025-06-16
2025-01-09 08:45:16+00:00,👤 İstanbul 2025-06-16
2025-01-09 04:10:18+00:00,👤 Ankara 2025-06-18
2025-01-09 01:45:18+00:00,👤 Ankara 2025-07-07
2025-01-08 23:50:18+00:00,👤 Ankara 2025-06-02
2025-01-08 23:45:22+00:00,👤 Ankara 2025-01-14
2025-01-08 22:35:17+00:00,👤 Ankara 2025-01-15
2025-01-08 18:20:18+00:00,👤 Ankara 2025-07-02
2025-01-08 16:45:18+00:00,👤 Ankara 2025-06-23
2025-01-08 16:05:18+00:00,👤 Ankara 2025-07-03
2025-01-08 14:30:21+00:00,👤 Ankara 2025-06-16
2025-01-08 14:10:21+00:00,👤 Ankara 2025-06-18
2025-01-08 12:15:17+00:00,👤 Ankara 2025-07-01
2025-01-08 11:25:15+00:00,👤 İstanbul 2025-02-21
2025-01-08 10:45:16+00:00,👤 İstanbul 2025-06-13
2025-01-08 10:35:19+00:00,👤 İstanbul 2025-06-16
2025-01-08 08:45:18+00:00,👤 Ankara 2025-06-26
2025-01-08 08:15:17+00:00,👤 Ankara 2025-04-25
2025-01-08 08:10:19+00:00,👤 Ankara 2025-05-29
2025-01-08 06:20:17+00:00,👤 Ankara 2025-05-08
2025-01-08 05:35:22+00:00,👤 Ankara 2025-02-19
2025-01-08 05:30:20+00:00,👤 Ankara 2025-03-05
2025-01-08 04:25:18+00:00,👤 Ankara 2025-06-27
2025-01-08 04:15:19+00:00,👤 İstanbul 2025-06-13
2025-01-08 04:15:17+00:00,👤 Ankara 2025-05-29
2025-01-08 03:50:17+00:00,👤 Ankara 2025-05-29
2025-01-08 03:40:18+00:00,👤 Ankara 2025-03-06
2025-01-08 03:20:17+00:00,👤 Ankara 2025-06-30
2025-01-08 03:10:18+00:00,👤 İstanbul 2025-06-12
2025-01-08 02:50:17+00:00,👤 Ankara 2025-07-03
2025-01-08 02:45:16+00:00,👤 Ankara 2025-05-06
2025-01-08 02:25:20+00:00,👤 Ankara 2025-03-04
2025-01-08 01:40:18+00:00,👤 Ankara 2025-05-29
2025-01-08 01:10:23+00:00,👥 Ankara 2025-07-02
2025-01-08 01:10:19+00:00,👤 Ankara 2025-07-02
2025-01-08 00:05:18+00:00,👤 Ankara 2025-04-10
2025-01-07 23:50:19+00:00,👤 İstanbul 2025-02-28
2025-01-07 23:50:17+00:00,👤 Ankara 2025-06-23
2025-01-07 23:30:22+00:00,👤 Ankara 2025-01-14
2025-01-07 23:20:18+00:00,👤 Ankara 2025-05-12
2025-01-07 23:05:17+00:00,👤 İstanbul 2025-06-12
2025-01-07 22:55:18+00:00,👥 Ankara 2025-06-16
2025-01-07 22:55:16+00:00,👤 Ankara 2025-06-16
2025-01-07 22:50:17+00:00,👤 Ankara 2025-02-25
2025-01-07 22:45:17+00:00,👤 Ankara 2025-05-21
2025-01-07 22:00:23+00:00,👤 Ankara 2025-03-20
2025-01-07 21:55:27+00:00,👤 Ankara 2025-05-30
2025-01-07 21:55:15+00:00,👤 Ankara 2025-06-30
2025-01-07 21:45:20+00:00,👤 Ankara 2025-04-07
2025-01-07 21:05:17+00:00,👤 Ankara 2025-03-24
2025-01-07 21:00:23+00:00,👤 Ankara 2025-04-07
2025-01-07 20:55:17+00:00,👤 Ankara 2025-07-02
2025-01-07 20:40:18+00:00,👤 Ankara 2025-06-30
2025-01-07 20:30:20+00:00,👤 Ankara 2025-03-28
2025-01-07 20:15:19+00:00,👤 İstanbul 2025-02-13
2025-01-07 20:10:20+00:00,👤 İstanbul 2025-06-12
2025-01-07 20:10:19+00:00,👤 Ankara 2025-05-21
2025-01-07 19:50:18+00:00,👤 Ankara 2025-03-18
2025-01-07 19:40:18+00:00,👤 İstanbul 2025-03-03
2025-01-07 19:05:18+00:00,👤 Ankara 2025-03-18
2025-01-07 18:50:22+00:00,👤 İstanbul 2025-02-19
2025-01-07 18:50:17+00:00,👤 Ankara 2025-06-24
2025-01-07 18:45:20+00:00,👤 Ankara 2025-01-24
2025-01-07 18:35:18+00:00,👤 Ankara 2025-03-27
2025-01-07 18:35:17+00:00,👤 Ankara 2025-01-14
2025-01-07 18:30:21+00:00,👤 Ankara 2025-06-27
2025-01-07 18:25:17+00:00,👤 Ankara 2025-03-20
2025-01-07 17:55:48+00:00,👤 İstanbul 2025-02-20
2025-01-07 17:50:17+00:00,👤 Ankara 2025-03-04
2025-01-07 17:40:19+00:00,👤 İstanbul 2025-02-27
2025-01-07 17:40:18+00:00,👤 Ankara 2025-02-27
2025-01-07 17:35:16+00:00,👤 İstanbul 2025-06-16
2025-01-07 17:25:17+00:00,👤 Ankara 2025-04-22
2025-01-07 16:55:16+00:00,👤 Ankara 2025-01-10
2025-01-07 16:45:18+00:00,👤 Ankara 2025-03-04
2025-01-07 16:35:18+00:00,👤 İstanbul 2025-03-19
2025-01-07 16:05:21+00:00,👤 Ankara 2025-04-21
2025-01-07 16:05:17+00:00,👤 Ankara 2025-03-21
2025-01-07 15:55:17+00:00,👤 İstanbul 2025-02-19
2025-01-07 14:45:20+00:00,👤 Ankara 2025-01-13
2025-01-03 21:45:17+00:00,👤 Ankara 2025-06-26
2025-01-03 15:45:23+00:00,👤 Ankara 2025-04-07
2025-01-03 15:00:21+00:00,👤 Ankara 2025-06-04
2025-01-03 12:25:19+00:00,👤 İstanbul 2025-02-18
2025-01-03 10:55:17+00:00,👤 Ankara 2025-04-22
2025-01-03 06:20:18+00:00,👤 Ankara 2025-06-30
2025-01-03 05:35:18+00:00,👤 İstanbul 2025-02-28
2025-01-02 23:30:21+00:00,👤 Ankara 2025-01-15
2025-01-02 22:55:21+00:00,👤 Ankara 2025-03-06
2025-01-02 19:00:24+00:00,👤 İstanbul 2025-02-28
2025-01-02 15:25:16+00:00,👤 Ankara 2025-06-30
2025-01-02 14:45:16+00:00,👤 Ankara 2025-06-27
2025-01-02 13:05:21+00:00,👤 Ankara 2025-06-30
2025-01-02 08:35:05+00:00,👤 Ankara 2025-06-24
2025-01-02 08:25:21+00:00,👤 İstanbul 2025-06-12
2025-01-02 07:25:19+00:00,👤 Ankara 2025-04-07
2025-01-02 06:45:11+00:00,👤 İstanbul 2025-06-13
2025-01-02 06:15:39+00:00,👤 İstanbul 2025-06-16
2025-01-02 06:13:02+00:00,👤 Ankara 2025-06-17
2025-01-02 04:45:17+00:00,👤 Ankara 2025-06-20
2025-01-02 00:15:36+00:00,👤 İstanbul 2025-06-10
2025-01-01 23:45:16+00:00,👤 Ankara 2025-04-29
2025-01-01 23:40:16+00:00,👤 Ankara 2025-03-17
2025-01-01 23:30:19+00:00,👤 Ankara 2025-06-30
2025-01-01 22:45:24+00:00,👤 İstanbul 2025-06-12
2025-01-01 22:35:18+00:00,👤 Ankara 2025-05-27
2025-01-01 22:14:52+00:00,👤 İstanbul 2025-06-12
2025-01-01 21:40:17+00:00,👤 İstanbul 2025-06-16
2025-01-01 21:20:17+00:00,👤 Ankara 2025-06-03
2025-01-01 19:45:07+00:00,👤 İstanbul 2025-06-12
2025-01-01 19:00:25+00:00,👤 İstanbul 2025-06-12
2025-01-01 18:15:56+00:00,👤 İstanbul 2025-06-16
2025-01-01 15:10:42+00:00,👤 Ankara 2025-06-24
2025-01-01 14:40:22+00:00,👤 Ankara 2025-04-25
2025-01-01 14:10:34+00:00,👤 İstanbul 2025-06-12
2025-01-01 13:15:21+00:00,👤 İstanbul 2025-06-12
2025-01-01 12:20:18+00:00,👤 Ankara 2025-06-16
2025-01-01 12:15:16+00:00,👤 İstanbul 2025-06-16
2025-01-01 12:10:15+00:00,👤 İstanbul 2025-06-12
2025-01-01 12:05:19+00:00,👤 İstanbul 2025-06-16
2025-01-01 11:45:17+00:00,👤 İstanbul 2025-06-13
2025-01-01 11:40:18+00:00,👤 İstanbul 2025-06-16
2025-01-01 11:10:20+00:00,👤 İstanbul 2025-06-10
2025-01-01 10:25:21+00:00,👥 İstanbul 2025-06-13
2025-01-01 10:25:15+00:00,👤 İstanbul 2025-06-13
2025-01-01 10:08:53+00:00,👤 İstanbul 2025-06-12
2025-01-01 09:50:17+00:00,👤 İstanbul 2025-06-12
2025-01-01 07:50:34+00:00,👤 İstanbul 2025-02-18
2025-01-01 07:45:18+00:00,👤 İstanbul 2025-06-12
2025-01-01 07:35:17+00:00,👤 Ankara 2025-06-23
2025-01-01 07:25:28+00:00,👤 Ankara 2025-05-22
2025-01-01 06:40:22+00:00,👤 İstanbul 2025-06-16
2025-01-01 06:34:11+00:00,👤 İstanbul 2025-06-16
2025-01-01 06:25:17+00:00,👤 İstanbul 2025-06-12
2025-01-01 05:45:19+00:00,👤 Ankara 2025-06-24
2025-01-01 05:25:31+00:00,👤 İstanbul 2025-06-13
2025-01-01 05:25:17+00:00,👤 Ankara 2025-04-07
2025-01-01 05:20:18+00:00,👤 Ankara 2025-06-17
2025-01-01 05:20:17+00:00,👤 İstanbul 2025-06-16
2025-01-01 05:00:22+00:00,👤 İstanbul 2025-06-10
2025-01-01 04:40:18+00:00,👤 Ankara 2025-03-18
2025-01-01 04:30:45+00:00,👤 Ankara 2025-06-04
2025-01-01 04:20:20+00:00,👤 İstanbul 2025-06-10
2025-01-01 04:15:21+00:00,👤 Ankara 2025-04-29
2025-01-01 04:05:19+00:00,👤 İstanbul 2025-06-12
2025-01-01 04:00:22+00:00,👤 İstanbul 2025-06-12
2025-01-01 03:35:21+00:00,👤 İstanbul 2025-06-12
2025-01-01 03:20:25+00:00,👤 İstanbul 2025-06-16
2025-01-01 02:55:22+00:00,👤 İstanbul 2025-06-12
2025-01-01 02:50:19+00:00,👤 Ankara 2025-06-24
2025-01-01 02:40:20+00:00,👤 İstanbul 2025-06-12
2025-01-01 02:40:19+00:00,👤 İstanbul 2025-03-10
2025-01-01 02:20:25+00:00,👤 İstanbul 2025-06-12
2025-01-01 02:20:19+00:00,👤 Ankara 2025-05-21
2025-01-01 02:15:19+00:00,👤 Ankara 2025-04-22
2025-01-01 02:05:20+00:00,👤 Ankara 2025-04-29
2025-01-01 02:05:20+00:00,👤 İstanbul 2025-02-27
2025-01-01 02:05:19+00:00,👤 İstanbul 2025-02-19
2025-01-01 02:00:25+00:00,👤 İstanbul 2025-06-12
2025-01-01 01:58:21+00:00,👤 İstanbul 2025-06-16
2025-01-01 01:25:25+00:00,👤 İstanbul 2025-06-16
2025-01-01 01:25:22+00:00,👤 Ankara 2025-05-06
2025-01-01 01:10:21+00:00,👤 İstanbul 2025-06-12
2025-01-01 01:05:21+00:00,👤 Ankara 2025-06-04
2025-01-01 00:55:19+00:00,👤 Ankara 2025-05-13
2025-01-01 00:45:20+00:00,👤 Ankara 2025-04-11
2025-01-01 00:40:17+00:00,👤 İstanbul 2025-06-16
2025-01-01 00:30:22+00:00,👤 İstanbul 2025-02-24
2025-01-01 00:25:18+00:00,👤 İstanbul 2025-02-24
2025-01-01 00:20:23+00:00,👥 İstanbul 2025-06-13
2025-01-01 00:20:19+00:00,👤 İstanbul 2025-06-13
2025-01-01 00:05:19+00:00,👤 İstanbul 2025-06-16
2025-01-01 00:00:23+00:00,👤 İstanbul 2025-06-12
2024-12-31 23:55:18+00:00,👤 İstanbul 2025-06-16
2024-12-31 23:45:18+00:00,👤 Ankara 2025-06-26
2024-12-31 23:40:20+00:00,👤 İstanbul 2025-06-13
2024-12-31 23:30:20+00:00,👤 İstanbul 2025-03-03
2024-12-31 23:05:17+00:00,👤 İstanbul 2025-06-13
2024-12-31 23:05:16+00:00,👤 İstanbul 2025-06-12
2024-12-31 22:55:17+00:00,👤 Ankara 2025-06-17
2024-12-31 22:55:16+00:00,👤 Ankara 2025-03-21
2024-12-31 22:55:15+00:00,👤 İstanbul 2025-06-13
2024-12-31 22:40:16+00:00,👤 İstanbul 2025-06-12
2024-12-31 22:30:23+00:00,👤 İstanbul 2025-05-07
2024-12-31 22:30:23+00:00,👤 İstanbul 2025-06-12
2024-12-31 22:30:19+00:00,👤 Ankara 2025-06-10
2024-12-31 22:25:17+00:00,👤 İstanbul 2025-06-12
2024-12-31 22:20:19+00:00,👤 İstanbul 2025-06-16
2024-12-31 22:15:17+00:00,👤 İstanbul 2025-06-13
2024-12-31 22:15:16+00:00,👤 İstanbul 2025-06-10
2024-12-31 22:10:18+00:00,👤 İstanbul 2025-06-13
2024-12-31 22:05:16+00:00,👤 İstanbul 2025-06-10
2024-12-31 22:00:23+00:00,👤 İstanbul 2025-06-12
2024-12-31 22:00:23+00:00,👤 İstanbul 2025-05-21
2024-12-31 21:50:17+00:00,👤 Ankara 2025-05-22
2024-12-31 21:40:21+00:00,👤 İstanbul 2025-06-16
2024-12-31 21:40:21+00:00,👥 İstanbul 2025-06-16
2024-12-31 21:20:17+00:00,👤 Ankara 2025-05-06
2024-12-31 21:15:23+00:00,👤 Ankara 2025-04-21
2024-12-31 21:15:17+00:00,👤 Ankara 2025-06-20
2024-12-31 21:05:18+00:00,👤 Ankara 2025-05-12
2024-12-31 21:00:22+00:00,👤 İstanbul 2025-06-13
2024-12-31 20:45:16+00:00,👤 Ankara 2025-06-18
2024-12-31 20:20:19+00:00,👤 Ankara 2025-04-28
2024-12-31 20:15:23+00:00,👤 İstanbul 2025-05-21
2024-12-31 19:50:18+00:00,👤 Ankara 2025-03-05
2024-12-31 19:50:16+00:00,👤 İstanbul 2025-06-16
2024-12-31 19:45:17+00:00,👤 İstanbul 2025-06-12
2024-12-31 19:40:20+00:00,👤 İstanbul 2025-06-13
2024-12-31 19:00:21+00:00,👤 Ankara 2025-06-16
2024-12-31 18:30:20+00:00,👤 İstanbul 2025-06-13
2024-12-31 18:25:17+00:00,👤 Ankara 2025-06-26
2024-12-31 18:25:17+00:00,👤 İstanbul 2025-06-13
2024-12-31 18:15:21+00:00,👤 Ankara 2025-05-29
2024-12-31 18:15:19+00:00,👤 İstanbul 2025-02-25
2024-12-31 18:10:17+00:00,👤 İstanbul 2025-06-16
2024-12-31 18:10:17+00:00,👤 İstanbul 2025-06-12
2024-12-31 18:05:22+00:00,👥 İstanbul 2025-06-16
2024-12-31 18:05:17+00:00,👤 İstanbul 2025-05-07
2024-12-31 18:05:17+00:00,👤 İstanbul 2025-06-16
2024-12-31 18:00:23+00:00,👤 İstanbul 2025-06-13
2024-12-31 18:00:22+00:00,👤 İstanbul 2025-06-12
2024-12-31 18:00:21+00:00,👤 İstanbul 2025-02-19
2024-12-31 18:00:21+00:00,👤 Ankara 2025-05-22
2024-12-31 17:55:17+00:00,👤 İstanbul 2025-06-13
2024-12-31 17:55:17+00:00,👤 İstanbul 2025-06-12
2024-12-31 17:55:15+00:00,👤 Ankara 2025-06-16
2024-12-31 17:50:21+00:00,👤 İstanbul 2025-06-12
2024-12-31 17:50:18+00:00,👤 İstanbul 2025-03-06
2024-12-31 17:45:25+00:00,👤 İstanbul 2025-06-16
2024-12-31 17:45:17+00:00,👤 İstanbul 2025-06-12
2024-12-31 17:45:17+00:00,👤 İstanbul 2025-06-10
2024-12-31 17:40:19+00:00,👤 İstanbul 2025-06-16
2024-12-31 17:40:19+00:00,👤 İstanbul 2025-06-12
2024-12-31 17:40:18+00:00,👤 Ankara 2025-05-08
2024-12-31 17:35:18+00:00,👤 İstanbul 2025-06-12
2024-12-31 17:30:19+00:00,👤 İstanbul 2025-06-12
2024-12-31 17:25:22+00:00,👤 İstanbul 2025-02-21
2024-12-31 17:25:19+00:00,👤 İstanbul 2025-02-19
2024-12-31 17:25:16+00:00,👤 Ankara 2025-03-03
2024-12-31 17:20:21+00:00,👤 İstanbul 2025-06-12
2024-12-31 17:20:17+00:00,👥 İstanbul 2025-06-12
2024-12-31 17:15:22+00:00,👤 Ankara 2025-06-26
2024-12-31 17:15:21+00:00,👤 İstanbul 2025-02-21
2024-12-31 17:15:21+00:00,👤 Ankara 2025-05-27
2024-12-31 17:15:21+00:00,👤 Ankara 2025-04-07
2024-12-31 17:10:20+00:00,👥 İstanbul 2025-06-16
2024-12-31 17:10:18+00:00,👤 İstanbul 2025-06-16
2024-12-31 17:10:17+00:00,👤 İstanbul 2025-02-21
2024-12-31 17:05:22+00:00,👤 İstanbul 2025-06-12
2024-12-31 17:05:20+00:00,👤 İstanbul 2025-02-27
2024-12-31 17:05:16+00:00,👤 Ankara 2025-03-03
2024-12-31 17:00:22+00:00,👤 İstanbul 2025-06-16
2024-12-31 17:00:21+00:00,👤 İstanbul 2025-03-19
2024-12-31 16:55:21+00:00,👤 Ankara 2025-01-17
2024-12-31 16:55:19+00:00,👤 İstanbul 2025-02-21
2024-12-31 16:55:18+00:00,👤 İstanbul 2025-03-10
2024-12-31 16:55:17+00:00,👤 Ankara 2025-01-08
2024-12-31 16:50:22+00:00,👥 İstanbul 2025-06-12
2024-12-31 16:50:16+00:00,👤 İstanbul 2025-06-12
2024-12-31 16:45:18+00:00,👤 İstanbul 2025-06-16
2024-12-31 16:45:18+00:00,👤 İstanbul 2025-06-12
2024-12-31 16:45:17+00:00,👥 İstanbul 2025-06-12
2024-12-31 16:40:22+00:00,👥 İstanbul 2025-06-12
2024-12-31 16:40:18+00:00,👤 İstanbul 2025-06-16
2024-12-31 16:40:18+00:00,👤 İstanbul 2025-06-12
2024-12-31 16:35:17+00:00,👤 İstanbul 2025-02-20
2024-12-31 16:30:24+00:00,👥 İstanbul 2025-06-16
2024-12-31 16:30:21+00:00,👤 İstanbul 2025-06-16
2024-12-31 16:30:20+00:00,👥 İstanbul 2025-02-20
2024-12-31 16:30:20+00:00,👤 İstanbul 2025-02-20
2024-12-31 16:30:19+00:00,👤 Ankara 2025-03-24
2024-12-31 16:30:18+00:00,👤 Ankara 2025-03-27
2024-12-31 16:25:22+00:00,👤 Ankara 2025-03-20
2024-12-31 16:25:20+00:00,👤 İstanbul 2025-06-12
2024-12-31 16:25:17+00:00,👤 İstanbul 2025-02-21
2024-12-31 16:20:24+00:00,👤 İstanbul 2025-06-10
2024-12-31 16:20:23+00:00,👥 İstanbul 2025-06-10
2024-12-31 16:20:23+00:00,👤 İstanbul 2025-02-28
2024-12-31 16:20:23+00:00,👤 İstanbul 2025-02-21
2024-12-31 16:20:18+00:00,👤 Ankara 2025-05-21
2024-12-31 16:15:20+00:00,👤 İstanbul 2025-06-16
2024-12-31 16:15:20+00:00,👤 İstanbul 2025-06-12
2024-12-31 16:10:17+00:00,👤 İstanbul 2025-02-25
2024-12-31 16:05:18+00:00,👥 İstanbul 2025-06-12
2024-12-31 16:05:18+00:00,👤 İstanbul 2025-06-12
2024-12-31 16:05:17+00:00,👤 İstanbul 2025-02-19
2024-12-31 16:05:17+00:00,👤 Ankara 2025-05-08
2024-12-31 16:00:22+00:00,👤 İstanbul 2025-06-16
2024-12-31 16:00:21+00:00,👤 İstanbul 2025-02-24
2024-12-31 15:55:17+00:00,👤 Ankara 2025-04-29
2024-12-31 15:50:23+00:00,👤 İstanbul 2025-06-12
2024-12-31 15:50:22+00:00,👤 İstanbul 2025-06-10
2024-12-31 15:50:22+00:00,👤 İstanbul 2025-02-27
2024-12-31 15:50:21+00:00,👤 İstanbul 2025-02-19
2024-12-31 15:45:22+00:00,👥 İstanbul 2025-06-10
2024-12-31 15:45:19+00:00,👤 İstanbul 2025-06-12
2024-12-31 15:45:17+00:00,👤 İstanbul 2025-06-10
2024-12-31 15:40:22+00:00,👤 İstanbul 2025-06-10
2024-12-31 15:40:20+00:00,👤 İstanbul 2025-02-19
2024-12-31 15:40:16+00:00,👤 Ankara 2025-06-26
2024-12-31 15:35:22+00:00,👤 İstanbul 2025-03-03
2024-12-31 15:35:20+00:00,👤 İstanbul 2025-06-16
2024-12-31 15:35:20+00:00,👥 İstanbul 2025-06-16
2024-12-31 15:25:19+00:00,👤 İstanbul 2025-05-07
2024-12-31 15:25:16+00:00,👤 İstanbul 2025-06-12
2024-12-31 15:20:17+00:00,👤 İstanbul 2025-06-16
2024-12-31 15:10:24+00:00,👤 📩 İstanbul 2025-02-24
2024-12-31 15:10:18+00:00,👤 İstanbul 2025-06-10
2024-12-31 15:10:17+00:00,👤 Ankara 2025-05-20
2024-12-31 15:05:17+00:00,👤 İstanbul 2025-02-28
2024-12-31 15:00:24+00:00,👤 İstanbul 2025-06-13
2024-12-31 15:00:23+00:00,👥 İstanbul 2025-06-13
2024-12-31 14:55:21+00:00,👤 İstanbul 2025-06-16
2024-12-31 14:55:21+00:00,👤 İstanbul 2025-06-12
2024-12-31 14:55:16+00:00,👤 İstanbul 2025-06-10
2024-12-31 14:55:16+00:00,👤 İstanbul 2025-02-21
2024-12-31 14:50:17+00:00,👤 İstanbul 2025-02-24
2024-12-31 14:50:16+00:00,👤 Ankara 2025-06-24
2024-12-31 14:45:20+00:00,👤 İstanbul 2025-06-10
2024-12-31 14:35:18+00:00,👤 İstanbul 2025-06-16
2024-12-31 14:35:18+00:00,👤 İstanbul 2025-06-12
2024-12-31 14:35:17+00:00,👥 İstanbul 2025-06-12
2024-12-31 14:30:19+00:00,👤 İstanbul 2025-02-24
2024-12-31 14:30:18+00:00,👤 Ankara 2025-06-23
2024-12-31 14:25:16+00:00,👤 Ankara 2025-04-16
2024-12-31 14:15:24+00:00,👤 İstanbul 2025-06-16
2024-12-31 14:10:24+00:00,👤 İstanbul 2025-06-10
2024-12-31 14:05:20+00:00,👤 İstanbul 2025-06-13
2024-12-31 14:05:19+00:00,👤 Ankara 2025-05-06
2024-12-31 14:05:16+00:00,👤 İstanbul 2025-06-10
2024-12-31 13:55:20+00:00,👤 İstanbul 2025-06-16
2024-12-31 13:55:20+00:00,👤 İstanbul 2025-06-10
2024-12-31 13:55:19+00:00,👥 İstanbul 2025-02-21
2024-12-31 13:55:19+00:00,👤 Ankara 2025-05-05
2024-12-31 13:50:27+00:00,👤 İstanbul 2025-06-16
2024-12-31 13:50:24+00:00,👤 İstanbul 2025-05-07
2024-12-31 13:45:26+00:00,👤 İstanbul 2025-02-27
2024-12-31 13:45:23+00:00,👤 İstanbul 2025-06-16
2024-12-31 13:40:17+00:00,👤 Ankara 2025-05-07
2024-12-31 13:25:21+00:00,👤 İstanbul 2025-06-10
2024-12-31 13:25:17+00:00,👤 Ankara 2025-03-20
2024-12-31 13:15:21+00:00,👤 İstanbul 2025-06-10
2024-12-31 13:15:17+00:00,👤 Ankara 2025-03-20
2024-12-31 13:10:21+00:00,👤 İstanbul 2025-06-13
2024-12-31 13:00:21+00:00,👤 İstanbul 2025-06-10
2024-12-31 12:50:17+00:00,👤 İstanbul 2025-06-16
2024-12-31 12:50:16+00:00,👥 İstanbul 2025-06-16
2024-12-31 12:45:19+00:00,👤 Ankara 2025-03-06
2024-12-31 12:45:17+00:00,👤 İstanbul 2025-02-21
2024-12-31 12:40:19+00:00,👤 Ankara 2025-04-08
2024-12-31 12:40:19+00:00,👤 İstanbul 2025-05-21
2024-12-31 12:40:18+00:00,👤 Ankara 2025-03-27
2024-12-31 12:30:21+00:00,👤 İstanbul 2025-06-16
2024-12-31 12:25:22+00:00,👤 ❌ İstanbul 2025-03-04
2024-12-31 12:20:20+00:00,👤 İstanbul 2025-06-16
2024-12-31 12:20:19+00:00,👤 İstanbul 2025-06-10
2024-12-31 12:20:19+00:00,👤 İstanbul 2025-06-13
2024-12-31 12:15:20+00:00,👤 İstanbul 2025-06-12
2024-12-31 12:10:20+00:00,👤 İstanbul 2025-06-16
2024-12-31 12:10:19+00:00,👤 İstanbul 2025-02-27
2024-12-31 12:00:24+00:00,👤 İstanbul 2025-06-16
2024-12-31 12:00:23+00:00,👤 İstanbul 2025-02-25
2024-12-31 12:00:21+00:00,👥 İstanbul 2025-06-16
2024-12-31 11:55:16+00:00,👤 İstanbul 2025-06-12
2024-12-31 11:55:16+00:00,👥 İstanbul 2025-06-12
2024-12-31 11:50:18+00:00,👥 İstanbul 2025-06-12
2024-12-31 11:50:17+00:00,👤 İstanbul 2025-06-12
2024-12-31 11:50:17+00:00,👤 İstanbul 2025-05-07
2024-12-31 11:50:16+00:00,👤 Ankara 2025-06-26
2024-12-31 11:45:17+00:00,👤 Ankara 2025-05-13
2024-12-31 11:40:20+00:00,👤 İstanbul 2025-06-16
2024-12-31 11:40:18+00:00,👥 İstanbul 2025-06-16
2024-12-31 11:35:17+00:00,👤 İstanbul 2025-06-16
2024-12-31 11:35:16+00:00,👤 İstanbul 2025-06-10
2024-12-31 11:30:20+00:00,👤 İstanbul 2025-06-12
2024-12-31 11:30:20+00:00,👤 Ankara 2025-03-20
2024-12-31 11:30:20+00:00,👤 İstanbul 2025-05-07
2024-12-31 11:30:19+00:00,👤 Ankara 2025-05-21
2024-12-31 11:25:20+00:00,👤 İstanbul 2025-06-12
2024-12-31 11:25:16+00:00,👥 İstanbul 2025-06-12
2024-12-31 11:15:20+00:00,👤 İstanbul 2025-06-16
2024-12-31 11:15:17+00:00,👤 İstanbul 2025-06-13
2024-12-31 11:15:16+00:00,👤 İstanbul 2025-02-28
2024-12-31 11:10:19+00:00,👤 İstanbul 2025-06-12
2024-12-31 11:10:18+00:00,👥 Ankara 2025-06-24
2024-12-31 11:10:17+00:00,👤 Ankara 2025-06-24
2024-12-31 11:05:19+00:00,👤 İstanbul 2025-06-16
2024-12-31 11:00:25+00:00,👥 İstanbul 2025-06-10
2024-12-31 11:00:23+00:00,👤 Ankara 2025-01-08
2024-12-31 11:00:21+00:00,👤 İstanbul 2025-06-13
2024-12-31 11:00:21+00:00,👤 İstanbul 2025-06-10
2024-12-31 10:55:19+00:00,👤 İstanbul 2025-02-27
2024-12-31 10:55:18+00:00,👤 İstanbul 2025-06-16
2024-12-31 10:55:15+00:00,👤 Ankara 2025-04-22
2024-12-31 10:45:21+00:00,👤 İstanbul 2025-06-10
2024-12-31 10:45:18+00:00,👤 İstanbul 2025-02-21
2024-12-31 10:45:18+00:00,👤 İstanbul 2025-02-19
2024-12-31 10:45:16+00:00,👤 Ankara 2025-04-28
2024-12-31 10:40:18+00:00,👤 Ankara 2025-05-09
2024-12-31 10:35:26+00:00,👥 İstanbul 2025-06-13
2024-12-31 10:35:18+00:00,👤 Ankara 2025-06-16
2024-12-31 10:35:18+00:00,👤 Ankara 2025-05-22
2024-12-31 10:35:17+00:00,👤 İstanbul 2025-06-13
2024-12-31 10:35:16+00:00,👤 İstanbul 2025-02-19
2024-12-31 10:30:21+00:00,👤 İstanbul 2025-06-16
2024-12-31 10:25:18+00:00,👤 İstanbul 2025-06-13
2024-12-31 10:25:17+00:00,👤 İstanbul 2025-02-19
2024-12-31 10:25:16+00:00,👤 Ankara 2025-05-12
2024-12-31 10:25:16+00:00,👤 Ankara 2025-04-10
2024-12-31 10:20:20+00:00,👤 Ankara 2025-01-08
2024-12-31 10:20:20+00:00,👤 İstanbul 2025-06-12
2024-12-31 10:15:17+00:00,👤 Ankara 2025-03-19
2024-12-31 07:00:21+00:00,👤 Ankara 2025-06-18
2024-12-31 06:13:38+00:00,👤 İstanbul 2025-02-28
2024-12-31 06:13:37+00:00,👤 İstanbul 2025-02-27
2024-12-31 06:12:42+00:00,👤 İstanbul 2025-02-24
2024-12-31 06:12:00+00:00,👤 İstanbul 2025-02-21
2024-12-31 06:10:40+00:00,👤 İstanbul 2025-02-20
2024-12-31 06:10:04+00:00,👤 İstanbul 2025-02-19
2024-12-31 03:10:20+00:00,👤 Ankara 2025-06-18
2024-12-31 00:10:18+00:00,👤 Ankara 2025-06-23
2024-12-30 20:50:17+00:00,👤 Ankara 2025-01-09
2024-12-30 19:20:18+00:00,👤 Ankara 2025-04-11
2024-12-30 18:40:16+00:00,👤 📩 İstanbul 2025-03-19
2024-12-30 18:35:16+00:00,👤 Ankara 2025-05-22
2024-12-30 18:20:22+00:00,👤 📩 İstanbul 2025-03-19
2024-12-30 14:55:18+00:00,👤 Ankara 2025-06-20
2024-12-30 14:27:06+00:00,👤 📩 İstanbul 2025-03-05
2024-12-30 11:40:20+00:00,👤 İstanbul 2025-06-12
2024-12-30 07:10:05+00:00,👤 📩 İstanbul 2025-02-19
2024-12-30 07:07:02+00:00,👤 📩 İstanbul 2025-02-19
2024-12-30 07:03:45+00:00,👤 📩 İstanbul 2025-02-19
2024-12-30 00:30:18+00:00,👤 Ankara 2025-05-29
2024-12-28 21:25:15+00:00,👤 Ankara 2025-04-24
2024-12-28 20:05:18+00:00,👤 Ankara 2025-05-22
2024-12-28 14:25:16+00:00,👤 İstanbul 2025-06-12
2024-12-28 09:15:21+00:00,👤 Ankara 2025-01-13
2024-12-28 04:30:23+00:00,👤 İstanbul 2025-06-12
2024-12-27 18:25:18+00:00,👤 Ankara 2025-01-07
2024-12-27 14:00:22+00:00,👤 İstanbul 2025-06-16
2024-12-27 09:35:22+00:00,👤 İstanbul 2025-06-13
2024-12-27 08:20:18+00:00,👤 İstanbul 2025-06-16
2024-12-27 07:00:33+00:00,👤 Ankara 2024-12-31
2024-12-27 06:55:25+00:00,👤 Ankara 2024-12-31
2024-12-27 06:10:18+00:00,👤 Ankara 2025-06-18
2024-12-27 05:00:28+00:00,👤 İstanbul 2025-06-16
2024-12-27 04:30:18+00:00,👤 Ankara 2025-06-03
2024-12-27 03:50:16+00:00,👤 Ankara 2025-01-08
2024-12-27 01:50:23+00:00,👤 İstanbul 2025-06-16
2024-12-27 01:30:19+00:00,👤 Ankara 2025-06-18
2024-12-27 01:25:17+00:00,👤 İstanbul 2025-06-16
2024-12-27 00:35:18+00:00,👤 İstanbul 2025-06-13
2024-12-27 00:10:18+00:00,👤 İstanbul 2025-06-12
2024-12-26 23:40:19+00:00,👤 İstanbul 2025-06-13
2024-12-26 23:30:19+00:00,👤 İstanbul 2025-06-13
2024-12-26 23:15:16+00:00,👤 Ankara 2025-04-29
2024-12-26 23:10:18+00:00,👤 İstanbul 2025-06-16
2024-12-26 22:55:16+00:00,👤 Ankara 2025-06-24
2024-12-26 22:50:20+00:00,👤 İstanbul 2025-06-12
2024-12-26 22:25:18+00:00,👤 İstanbul 2025-06-13
2024-12-26 22:20:18+00:00,👤 İstanbul 2025-06-13
2024-12-26 22:00:36+00:00,👤 İstanbul 2025-06-16
2024-12-26 19:35:17+00:00,👤 İstanbul 2025-06-16
2024-12-26 18:55:17+00:00,👤 Ankara 2025-06-17
2024-12-26 17:50:18+00:00,👤 Ankara 2025-03-05
2024-12-26 17:20:18+00:00,👤 İstanbul 2025-06-16
2024-12-26 16:50:25+00:00,👤 İstanbul 2025-06-16
2024-12-26 16:30:23+00:00,👥 İstanbul 2025-06-16
2024-12-26 16:30:22+00:00,👤 İstanbul 2025-06-16
2024-12-26 16:30:22+00:00,👤 İstanbul 2025-06-13
2024-12-26 16:20:19+00:00,👤 İstanbul 2025-06-13
2024-12-26 16:15:37+00:00,👤 İstanbul 2025-06-16
2024-12-26 16:10:43+00:00,👤 İstanbul 2025-06-16
2024-12-26 16:10:23+00:00,👥 İstanbul 2025-06-13
2024-12-26 16:10:22+00:00,👥 İstanbul 2025-06-12
2024-12-26 16:10:21+00:00,👤 İstanbul 2025-06-13
2024-12-26 16:10:20+00:00,👤 İstanbul 2025-06-12
2024-12-26 16:00:23+00:00,👤 İstanbul 2025-06-12
2024-12-26 15:55:20+00:00,👤 İstanbul 2025-06-16
2024-12-26 15:50:18+00:00,👤 Ankara 2025-06-23
2024-12-26 15:25:18+00:00,👥 İstanbul 2025-06-12
2024-12-26 14:25:23+00:00,👤 İstanbul 2025-06-16
2024-12-26 14:20:18+00:00,👤 İstanbul 2025-06-16
2024-12-26 14:10:18+00:00,👤 İstanbul 2025-06-16
2024-12-26 14:05:22+00:00,👤 İstanbul 2025-06-16
2024-12-26 14:00:25+00:00,👤 İstanbul 2025-06-12
2024-12-26 13:50:18+00:00,👤 İstanbul 2025-06-16
2024-12-26 13:35:18+00:00,👥 İstanbul 2025-06-13
2024-12-26 13:25:19+00:00,👤 İstanbul 2025-06-16
2024-12-26 13:20:17+00:00,👤 İstanbul 2025-06-13
2024-12-26 12:50:25+00:00,👤 İstanbul 2025-06-16
2024-12-26 12:45:17+00:00,👤 İstanbul 2025-06-16
2024-12-26 12:40:17+00:00,👤 İstanbul 2025-06-12
2024-12-26 12:35:20+00:00,👤 İstanbul 2025-06-12
2024-12-26 12:30:20+00:00,👤 İstanbul 2025-06-12
2024-12-26 12:25:18+00:00,👤 İstanbul 2025-06-16
2024-12-26 12:20:18+00:00,👤 Ankara 2025-03-28
2024-12-26 12:10:20+00:00,👤 İstanbul 2025-06-12
2024-12-26 12:05:17+00:00,👤 Ankara 2025-03-04
2024-12-26 12:00:23+00:00,👤 İstanbul 2025-06-16
2024-12-26 11:55:17+00:00,👥 İstanbul 2025-06-12
2024-12-26 11:55:15+00:00,👤 İstanbul 2025-06-12
2024-12-26 11:45:17+00:00,👥 İstanbul 2025-06-12
2024-12-26 11:45:17+00:00,👤 İstanbul 2025-06-12
2024-12-26 11:35:16+00:00,👤 İstanbul 2025-06-12
2024-12-26 11:20:28+00:00,👤 İstanbul 2025-06-12
2024-12-26 11:20:20+00:00,👤 Ankara 2025-06-16
2024-12-26 11:00:33+00:00,👤 İstanbul 2025-06-12
2024-12-26 10:45:18+00:00,👤 İstanbul 2025-06-16
2024-12-26 10:35:18+00:00,👤 Ankara 2025-05-29
2024-12-26 10:15:19+00:00,👤 İstanbul 2025-06-16
2024-12-26 09:50:16+00:00,👤 İstanbul 2025-06-16
2024-12-26 09:35:19+00:00,👤 İstanbul 2025-06-16
2024-12-26 09:35:19+00:00,👤 İstanbul 2025-06-13
2024-12-26 09:35:17+00:00,👥 İstanbul 2025-06-16
2024-12-26 05:30:23+00:00,👥 İstanbul 2025-06-16
2024-12-26 05:30:17+00:00,👥 İstanbul 2025-06-16
2024-12-26 05:27:13+00:00,👥 İstanbul 2025-06-10
2024-12-26 05:25:38+00:00,👥 İstanbul 2025-06-16
2024-12-26 05:25:14+00:00,👥 İstanbul 2025-06-13
2024-12-26 05:25:14+00:00,👥 İstanbul 2025-06-12
2024-12-26 05:21:31+00:00,👥 İstanbul 2025-06-12
2024-12-26 05:21:31+00:00,👥 İstanbul 2025-06-10
2024-12-26 05:20:41+00:00,👤 İstanbul 2025-06-13
2024-12-26 05:20:41+00:00,👥 İstanbul 2025-06-13
2024-12-26 05:20:15+00:00,👤 İstanbul 2025-06-16
2024-12-26 05:20:06+00:00,👥 İstanbul 2025-06-16
2024-12-26 04:20:19+00:00,👤 Ankara 2025-06-18
2024-12-25 03:30:21+00:00,👤 Ankara 2025-05-22
2024-12-24 23:00:22+00:00,👤 Ankara 2025-01-06
2024-12-24 22:50:24+00:00,👤 Ankara 2025-06-23
2024-12-24 20:00:23+00:00,👤 Ankara 2025-03-05
2024-12-24 19:30:26+00:00,👤 Ankara 2025-06-20
2024-12-24 12:40:18+00:00,👤 Ankara 2025-01-27
2024-12-24 09:05:18+00:00,👤 Ankara 2025-06-18
2024-12-24 01:55:17+00:00,👤 Ankara 2025-04-07
2024-12-24 01:35:17+00:00,👤 Ankara 2025-01-13
2024-12-24 00:40:17+00:00,👤 Ankara 2025-02-28
2024-12-23 19:20:17+00:00,👤 Ankara 2025-03-20
2024-12-23 17:50:31+00:00,👤 ❌ Ankara 2025-07-18
2024-12-23 11:45:16+00:00,👤 Ankara 2025-06-03
2024-12-23 11:14:55+00:00,👥 ❌ İstanbul 2025-06-10
2024-12-23 11:04:07+00:00,👤 ❌ İstanbul 2025-06-03
2024-12-22 19:30:19+00:00,👤 Ankara 2025-03-06
2024-12-22 02:05:19+00:00,👤 Ankara 2025-04-16
2024-12-21 23:35:18+00:00,👤 Ankara 2025-06-18
2024-12-21 04:50:18+00:00,👤 Ankara 2025-05-21
2024-12-21 00:05:18+00:00,👤 Ankara 2025-01-03
2024-12-20 17:40:17+00:00,👤 Ankara 2025-03-20
2024-12-20 16:55:17+00:00,👤 Ankara 2025-04-28
2024-12-20 14:00:23+00:00,👤 Ankara 2025-06-03
2024-12-20 13:45:25+00:00,👤 Ankara 2025-06-18
2024-12-20 06:00:20+00:00,👤 Ankara 2025-06-16
2024-12-19 23:45:23+00:00,👤 Ankara 2025-05-21
2024-12-19 22:35:18+00:00,👤 İstanbul 2025-03-03
2024-12-19 21:15:19+00:00,👤 Ankara 2025-06-16
2024-12-19 15:05:18+00:00,👤 Ankara 2025-06-03
2024-12-19 14:55:20+00:00,👤 Ankara 2025-05-22
2024-12-19 13:45:32+00:00,👤 Ankara 2025-08-14
2024-12-19 12:17:06+00:00,👥 İstanbul 2025-03-03
2024-12-19 12:17:04+00:00,👤 İstanbul 2025-03-03
2024-12-19 11:45:34+00:00,👤 Ankara 2025-08-19
2024-12-19 06:15:28+00:00,👤 Ankara 2025-08-14
2024-12-19 04:10:28+00:00,👤 Ankara 2025-08-19
2024-12-18 23:10:23+00:00,👤 Ankara 2025-07-08
2024-12-18 22:15:38+00:00,👤 Ankara 2025-07-22
2024-12-18 12:25:17+00:00,👤 Ankara 2025-05-21
2024-12-18 11:15:34+00:00,👤 Ankara 2025-09-22
2024-12-18 10:45:17+00:00,👤 Ankara 2025-01-02
2024-12-18 03:20:18+00:00,👤 Ankara 2025-05-21
2024-12-18 01:10:24+00:00,👤 📩 İstanbul 2024-12-24
2024-12-17 16:25:17+00:00,👤 Ankara 2025-05-06
2024-12-17 16:25:10+00:00,👤 Ankara 2025-06-04
2024-12-17 16:15:17+00:00,👤 Ankara 2025-06-04
2024-12-17 14:55:17+00:00,👤 Ankara 2025-05-22
2024-12-17 05:30:25+00:00,👤 Toronto 2025-02-25
2024-12-17 05:30:21+00:00,👤 Toronto 2025-02-14
2024-12-17 05:30:20+00:00,👤 Toronto 2025-01-06
2024-12-17 05:25:24+00:00,👤 Toronto 2025-02-07
2024-12-17 05:25:24+00:00,👤 Toronto 2025-01-29
2024-12-17 05:10:23+00:00,👤 Toronto 2025-03-31
2024-12-17 05:05:28+00:00,👤 Toronto 2025-03-10
2024-12-17 04:55:22+00:00,👤 Toronto 2025-03-20
2024-12-17 04:55:17+00:00,👤 Toronto 2025-02-12
2024-12-17 04:55:17+00:00,👤 Toronto 2025-01-06
2024-12-17 04:40:18+00:00,👤 Toronto 2025-01-06
2024-12-17 03:15:23+00:00,👤 Toronto 2025-02-13
2024-12-17 03:05:20+00:00,👤 Toronto 2025-01-06
2024-12-17 03:00:25+00:00,👤 Toronto 2025-01-06
2024-12-17 02:55:19+00:00,👤 Toronto 2025-01-06
2024-12-17 02:55:15+00:00,👤 Toronto 2025-03-25
2024-12-17 02:35:25+00:00,👤 Toronto 2025-03-24
2024-12-17 02:35:22+00:00,👤 Toronto 2025-02-26
2024-12-17 02:35:21+00:00,👤 Toronto 2025-01-06
2024-12-17 02:30:20+00:00,👤 Toronto 2025-01-06
2024-12-17 01:30:20+00:00,👤 Toronto 2025-01-06
2024-12-17 01:25:21+00:00,👤 Toronto 2025-03-14
2024-12-17 01:20:24+00:00,👤 Toronto 2025-02-14
2024-12-17 01:20:23+00:00,👤 Toronto 2025-02-07
2024-12-17 01:00:29+00:00,👤 Toronto 2025-01-06
2024-12-17 00:35:23+00:00,👤 Toronto 2025-03-17
2024-12-16 16:20:20+00:00,👤 Ankara 2025-05-06
2024-12-16 00:00:25+00:00,👤 Toronto 2025-02-26
2024-12-15 08:10:21+00:00,👤 Ankara 2025-01-30
2024-12-15 04:50:18+00:00,👤 Ankara 2025-03-19
2024-12-15 04:10:19+00:00,👤 Toronto 2025-03-31
2024-12-15 02:15:18+00:00,👤 İstanbul 2025-06-12
2024-12-14 23:00:28+00:00,👤 Ankara 2025-05-05
2024-12-14 20:15:16+00:00,👤 Ankara 2025-01-30
2024-12-14 13:55:16+00:00,👤 Ankara 2025-06-10
2024-12-14 11:45:20+00:00,👤 Ankara 2025-07-02
2024-12-14 11:45:09+00:00,"Sık uyarıların önüne geçmek için uyarılar son 6 ay içerisindeki tarihler aralığında olacaktır. 
Beğendiysen 👍
Beğenmediysen 👎🏾"
2024-12-14 11:38:49+00:00,👤 Ankara 2025-09-04
2024-12-14 11:35:19+00:00,👤 Ankara 2025-07-10
2024-12-14 11:34:16+00:00,👤 Ankara 2025-09-04
2024-12-14 11:30:21+00:00,👤 Ankara 2025-09-04
2024-12-14 11:30:20+00:00,👤 Ankara 2025-08-19
2024-12-14 11:28:52+00:00,👤 Ankara 2025-08-08
2024-12-14 11:25:18+00:00,👤 Ankara 2025-08-08
2024-12-14 11:20:18+00:00,👤 Ankara 2025-06-26
2024-12-14 11:10:21+00:00,👤 Ankara 2025-08-07
2024-12-14 11:10:21+00:00,👤 Ankara 2025-07-17
2024-12-14 10:50:21+00:00,👤 Ankara 2025-07-31
2024-12-14 10:45:45+00:00,👥 Ankara 2025-07-21
2024-12-14 10:45:22+00:00,👤 Ankara 2025-07-21
2024-12-14 10:40:19+00:00,👤 Ankara 2025-08-21
2024-12-14 10:30:27+00:00,👤 Ankara 2025-08-19
2024-12-14 10:25:35+00:00,👤 Ankara 2025-07-21
2024-12-14 10:25:27+00:00,👤 Ankara 2025-07-08
2024-12-14 10:25:19+00:00,👤 Ankara 2025-06-16
2024-12-14 10:25:18+00:00,👤 Ankara 2025-04-29
2024-12-14 10:20:24+00:00,👤 Ankara 2025-08-18
2024-12-14 10:15:17+00:00,👤 Ankara 2025-08-01
2024-12-14 10:15:16+00:00,👤 Ankara 2025-04-08
2024-12-14 09:45:26+00:00,👤 Ankara 2025-08-25
2024-12-14 09:40:32+00:00,👤 Ankara 2025-09-05
2024-12-14 09:40:29+00:00,👤 Ankara 2025-09-04
2024-12-14 09:40:29+00:00,👤 Ankara 2025-07-31
2024-12-14 09:35:22+00:00,👤 Ankara 2025-09-04
2024-12-14 09:35:15+00:00,👤 Ankara 2025-07-02
2024-12-14 09:30:33+00:00,👤 Ankara 2025-09-03
2024-12-14 09:30:33+00:00,👤 Ankara 2025-08-19
2024-12-14 09:30:22+00:00,👤 Ankara 2025-06-17
2024-12-14 09:30:21+00:00,👤 Ankara 2025-04-07
2024-12-14 09:20:23+00:00,👤 Ankara 2025-07-30
2024-12-14 09:00:24+00:00,👤 Ankara 2025-08-14
2024-12-14 08:55:36+00:00,👤 Ankara 2025-08-25
2024-12-14 08:55:17+00:00,👤 Ankara 2025-07-22
2024-12-14 08:55:17+00:00,👤 Ankara 2025-07-09
2024-12-14 08:50:20+00:00,👤 Ankara 2025-08-14
2024-12-14 08:50:20+00:00,👤 Ankara 2025-07-22
2024-12-14 08:50:19+00:00,👤 Toronto 2025-03-26
2024-12-14 08:45:17+00:00,👤 Ankara 2025-09-09
2024-12-14 08:45:16+00:00,👤 Toronto 2025-03-21
2024-12-14 08:45:11+00:00,👤 Ankara 2025-08-18
2024-12-14 08:42:11+00:00,👤 Ankara 2025-08-18
2024-12-14 08:40:17+00:00,👤 Ankara 2025-08-11
2024-12-14 08:40:17+00:00,👤 Ankara 2025-07-16
2024-12-14 08:35:21+00:00,👤 Toronto 2025-03-10
2024-12-14 08:30:24+00:00,👥 Ankara 2025-06-30
2024-12-14 08:30:20+00:00,👤 Ankara 2025-01-06
2024-12-14 08:30:19+00:00,👤 Ankara 2025-06-30
2024-12-14 08:25:23+00:00,👤 Ankara 2025-09-02
2024-12-14 08:25:22+00:00,👤 Ankara 2025-07-01
2024-12-14 08:20:25+00:00,👤 Ankara 2025-08-18
2024-12-14 08:20:25+00:00,👤 Ankara 2025-06-18
2024-12-14 08:15:29+00:00,👤 Ankara 2025-07-08
2024-12-14 08:15:25+00:00,👥 Ankara 2025-07-08
2024-12-14 08:15:24+00:00,👤 Ankara 2025-06-10
2024-12-14 08:15:18+00:00,👤 Ankara 2025-03-19
2024-12-14 08:15:17+00:00,👤 Ankara 2025-03-06
2024-12-14 08:10:22+00:00,👤 Toronto 2025-03-27
2024-12-14 08:10:22+00:00,👤 Toronto 2025-03-06
2024-12-14 08:07:13+00:00,👤 Ankara 2025-09-09
2024-12-14 08:05:41+00:00,👤 Ankara 2025-08-14
2024-12-14 08:05:28+00:00,👤 Ankara 2025-07-01
2024-12-14 08:05:27+00:00,👤 Ankara 2025-06-30
2024-12-14 08:00:23+00:00,👤 Ankara 2025-07-14
2024-12-14 07:55:33+00:00,👤 Ankara 2025-08-08
2024-12-14 07:55:33+00:00,👤 Ankara 2025-08-01
2024-12-14 07:50:27+00:00,👤 Ankara 2025-07-03
2024-12-14 07:45:22+00:00,👤 Ankara 2025-09-02
2024-12-14 07:40:24+00:00,👤 Ankara 2025-09-05
2024-12-14 07:40:19+00:00,👤 Ankara 2025-07-02
2024-12-14 07:40:19+00:00,👤 Ankara 2025-04-21
2024-12-14 07:30:23+00:00,👤 Ankara 2025-08-18
2024-12-14 07:30:22+00:00,👤 Ankara 2025-06-16
2024-12-14 07:25:18+00:00,👤 Ankara 2025-08-14
2024-12-14 07:15:24+00:00,👥 Ankara 2025-08-18
2024-12-14 07:15:21+00:00,👤 Ankara 2025-08-18
2024-12-14 07:14:04+00:00,👤 Ankara 2025-08-08
2024-12-14 07:10:42+00:00,👤 Ankara 2025-08-08
2024-12-14 07:10:26+00:00,👤 Ankara 2025-08-05
2024-12-14 07:10:25+00:00,👤 Ankara 2025-07-08
2024-12-14 07:05:22+00:00,👥 Ankara 2025-08-07
2024-12-14 07:05:21+00:00,👤 Ankara 2025-08-07
2024-12-14 07:05:21+00:00,👤 Ankara 2025-07-10
2024-12-14 07:00:23+00:00,👤 Ankara 2025-08-04
2024-12-14 06:55:21+00:00,👤 Ankara 2025-08-22
2024-12-14 06:50:25+00:00,👤 Ankara 2025-08-19
2024-12-14 06:35:24+00:00,👤 Ankara 2025-08-14
2024-12-14 06:35:22+00:00,👤 İstanbul 2025-07-16
2024-12-14 06:30:21+00:00,👤 Ankara 2025-08-18
2024-12-14 06:30:21+00:00,👤 Ankara 2025-07-16
2024-12-14 06:28:47+00:00,👤 Ankara 2025-09-02
2024-12-14 06:26:41+00:00,👤 Ankara 2025-08-19
2024-12-14 06:26:40+00:00,👤 Ankara 2025-08-14
2024-12-14 05:59:58+00:00,👤 Ankara 2025-08-22
2024-12-14 05:59:58+00:00,👤 Ankara 2025-08-11
2024-12-14 05:56:49+00:00,👤 Ankara 2025-07-21
2024-12-14 05:55:10+00:00,👤 Ankara 2025-08-22
2024-12-14 05:55:10+00:00,👤 Ankara 2025-08-11
2024-12-14 05:52:02+00:00,👤 Ankara 2025-08-22
2024-12-14 05:50:23+00:00,👤 Ankara 2025-08-11
2024-12-14 05:50:22+00:00,👤 Ankara 2025-06-24
2024-12-14 05:40:21+00:00,👤 Ankara 2025-07-21
2024-12-14 05:40:21+00:00,👤 Ankara 2025-06-17
2024-12-14 05:35:20+00:00,👤 Ankara 2025-08-04
2024-12-14 05:30:23+00:00,👤 Ankara 2025-05-12
2024-12-14 05:25:20+00:00,👤 Ankara 2025-03-18
2024-12-14 05:25:18+00:00,👤 Ankara 2025-01-07
2024-12-14 05:20:24+00:00,👤 Ankara 2025-08-04
2024-12-14 05:20:23+00:00,👤 Ankara 2025-01-16
2024-12-14 05:16:50+00:00,👤 Ankara 2025-08-19
2024-12-14 05:16:50+00:00,👤 Ankara 2025-07-21
2024-12-14 05:15:31+00:00,👤 Ankara 2025-07-16
2024-12-14 05:15:31+00:00,👤 Ankara 2025-06-18
2024-12-14 05:15:19+00:00,👤 İstanbul 2025-08-20
2024-12-14 05:15:18+00:00,👥 İstanbul 2025-08-20
2024-12-14 05:10:22+00:00,👥 Ankara 2025-07-08
2024-12-14 05:10:20+00:00,👤 Ankara 2025-07-28
2024-12-14 05:10:20+00:00,👤 Ankara 2025-07-08
2024-12-14 05:08:45+00:00,👤 Ankara 2025-09-04
2024-12-14 05:05:20+00:00,👥 Ankara 2025-08-19
2024-12-14 05:05:18+00:00,👤 Ankara 2025-08-08
2024-12-14 05:05:18+00:00,👤 Ankara 2025-05-29
2024-12-14 05:04:14+00:00,👤 Ankara 2025-09-04
2024-12-14 05:04:13+00:00,👤 Ankara 2025-08-19
2024-12-14 05:00:40+00:00,👤 Ankara 2025-09-04
2024-12-14 05:00:26+00:00,👤 Ankara 2025-06-17
2024-12-14 04:58:06+00:00,👤 Ankara 2025-08-19
2024-12-14 04:53:54+00:00,👤 Ankara 2025-08-19
2024-12-14 04:50:24+00:00,👤 Ankara 2025-08-19
2024-12-14 04:45:24+00:00,👤 Ankara 2025-07-22
2024-12-14 04:45:23+00:00,👤 Ankara 2025-05-21
2024-12-14 04:40:19+00:00,👤 Ankara 2025-08-19
2024-12-14 04:40:19+00:00,👤 Ankara 2025-05-29
2024-12-14 04:35:18+00:00,👤 Ankara 2025-07-17
2024-12-14 04:34:12+00:00,👤 Ankara 2025-08-11
2024-12-14 04:34:11+00:00,👤 Ankara 2025-07-31
2024-12-14 04:30:24+00:00,👤 Ankara 2025-08-11
2024-12-14 04:30:24+00:00,👤 Ankara 2025-07-31
2024-12-14 04:25:26+00:00,👤 Ankara 2025-07-17
2024-12-14 04:20:18+00:00,👤 Ankara 2025-06-18
2024-12-14 04:18:23+00:00,👤 Ankara 2025-07-30
2024-12-14 04:14:25+00:00,👤 Ankara 2025-07-30
2024-12-14 04:10:19+00:00,👤 Ankara 2025-07-30
2024-12-14 04:10:19+00:00,👤 Ankara 2025-07-28
2024-12-14 04:05:49+00:00,👤 Ankara 2025-08-04
2024-12-14 04:05:34+00:00,👤 Ankara 2025-07-21
2024-12-14 04:05:34+00:00,👤 Ankara 2025-05-12
2024-12-14 04:05:22+00:00,👥 Ankara 2025-07-21
2024-12-14 04:00:30+00:00,👤 Ankara 2025-06-17
2024-12-14 04:00:23+00:00,👤 İstanbul 2025-09-05
2024-12-14 03:54:00+00:00,👤 Ankara 2025-09-09
2024-12-14 03:50:50+00:00,👤 Ankara 2025-07-16
2024-12-14 03:50:23+00:00,👤 Ankara 2025-06-23
2024-12-14 03:50:23+00:00,👤 Ankara 2025-06-17
2024-12-14 03:49:12+00:00,👤 Ankara 2025-09-09
2024-12-14 03:49:11+00:00,👤 Ankara 2025-09-08
2024-12-14 03:45:24+00:00,👤 Ankara 2025-07-21
2024-12-14 03:44:00+00:00,👤 Ankara 2025-09-09
2024-12-14 03:43:59+00:00,👤 Ankara 2025-09-08
2024-12-14 03:40:29+00:00,👤 Ankara 2025-09-09
2024-12-14 03:40:29+00:00,👤 Ankara 2025-09-08
2024-12-14 03:35:19+00:00,👤 Ankara 2025-07-07
2024-12-14 03:25:27+00:00,👤 Ankara 2025-08-08
2024-12-14 03:20:52+00:00,👤 Ankara 2025-08-14
2024-12-14 03:20:19+00:00,👤 Ankara 2025-07-29
2024-12-14 03:20:17+00:00,👤 Ankara 2025-07-10
2024-12-14 03:11:48+00:00,👤 Ankara 2025-09-02
2024-12-14 03:11:47+00:00,👤 Ankara 2025-07-14
2024-12-14 03:08:46+00:00,👤 Ankara 2025-09-02
2024-12-14 03:08:46+00:00,👤 Ankara 2025-07-14
2024-12-14 03:05:18+00:00,👤 Ankara 2025-07-14
2024-12-14 03:02:50+00:00,👤 Ankara 2025-09-02
2024-12-14 02:59:09+00:00,👤 Ankara 2025-09-02
2024-12-14 02:55:17+00:00,👤 Ankara 2025-09-02
2024-12-14 02:50:16+00:00,👤 İstanbul 2025-08-06
2024-12-14 02:35:03+00:00,👤 Ankara 2025-09-05
2024-12-14 02:32:02+00:00,👤 Ankara 2025-09-05
2024-12-14 02:28:22+00:00,👤 Ankara 2025-09-05
2024-12-14 02:25:10+00:00,👤 Ankara 2025-09-05
2024-12-14 02:22:08+00:00,👤 Ankara 2025-09-05
2024-12-14 02:21:22+00:00,👤 Ankara 2025-08-05
2024-12-14 02:21:21+00:00,👤 Ankara 2025-07-22
2024-12-14 02:20:19+00:00,👥 Ankara 2025-05-06
2024-12-14 02:15:22+00:00,👤 Ankara 2025-09-05
2024-12-14 02:15:22+00:00,👤 Ankara 2025-08-14
2024-12-14 02:05:24+00:00,👤 Ankara 2025-06-10
2024-12-14 02:00:24+00:00,👤 Ankara 2025-03-25
2024-12-14 01:55:17+00:00,👤 Ankara 2025-07-25
2024-12-14 01:55:15+00:00,👤 Ankara 2025-07-01
2024-12-14 01:50:48+00:00,👤 Ankara 2025-08-14
2024-12-14 01:50:34+00:00,👤 Ankara 2025-07-24
2024-12-14 01:50:19+00:00,👤 Ankara 2025-06-02
2024-12-14 01:50:19+00:00,👤 Ankara 2025-05-20
2024-12-14 01:40:31+00:00,👤 Ankara 2025-08-18
2024-12-14 01:40:31+00:00,👤 Ankara 2025-06-24
2024-12-14 01:35:25+00:00,👤 Ankara 2025-06-18
2024-12-14 01:33:52+00:00,👤 Ankara 2025-09-03
2024-12-14 01:30:36+00:00,👤 Ankara 2025-08-06
2024-12-14 01:29:30+00:00,👤 Ankara 2025-09-03
2024-12-14 01:25:49+00:00,👤 Ankara 2025-08-14
2024-12-14 01:24:46+00:00,👤 Ankara 2025-09-03
2024-12-14 01:20:50+00:00,👤 Ankara 2025-09-02
2024-12-14 01:20:39+00:00,👤 Ankara 2025-05-30
2024-12-14 01:19:37+00:00,👤 Ankara 2025-09-03
2024-12-14 01:18:42+00:00,👤 Ankara 2025-08-26
2024-12-14 01:18:41+00:00,👤 Ankara 2025-08-18
2024-12-14 01:10:20+00:00,👥 Ankara 2025-07-31
2024-12-14 00:40:24+00:00,👤 Ankara 2025-08-18
2024-12-14 00:40:24+00:00,👤 Ankara 2025-07-31
2024-12-14 00:40:18+00:00,👥 Ankara 2025-08-18
2024-12-14 00:35:36+00:00,👤 Ankara 2025-08-25
2024-12-14 00:30:31+00:00,👥 Ankara 2025-08-04
2024-12-14 00:30:21+00:00,👤 Ankara 2025-08-11
2024-12-14 00:30:21+00:00,👤 Ankara 2025-08-04
2024-12-14 00:24:06+00:00,👤 Ankara 2025-09-02
2024-12-14 00:20:20+00:00,👤 Ankara 2025-07-07
2024-12-14 00:20:19+00:00,👤 İstanbul 2025-09-04
2024-12-14 00:20:18+00:00,👤 İstanbul 2025-08-06
2024-12-14 00:20:18+00:00,👤 Ankara 2025-07-21
2024-12-14 00:18:35+00:00,👤 Ankara 2025-09-02
2024-12-14 00:18:34+00:00,👤 Ankara 2025-07-30
2024-12-14 00:15:19+00:00,👤 Ankara 2025-07-30
2024-12-14 00:15:19+00:00,👤 Ankara 2025-03-04
2024-12-14 00:13:11+00:00,👤 Ankara 2025-09-02
2024-12-14 00:10:28+00:00,👤 Ankara 2025-08-19
2024-12-14 00:10:28+00:00,👤 Ankara 2025-07-31
2024-12-14 00:10:21+00:00,👥 Ankara 2025-07-31
2024-12-14 00:00:29+00:00,👤 Ankara 2025-08-04
2024-12-14 00:00:29+00:00,👤 Ankara 2025-07-09
2024-12-13 23:58:37+00:00,👤 Ankara 2025-09-05
2024-12-13 23:55:17+00:00,👤 Ankara 2025-07-08
2024-12-13 23:53:30+00:00,👤 Ankara 2025-09-05
2024-12-13 23:50:27+00:00,👤 Ankara 2025-09-05
2024-12-13 23:50:21+00:00,👤 Ankara 2025-05-21
2024-12-13 23:50:02+00:00,👤 Ankara 2025-08-14
2024-12-13 23:46:57+00:00,👤 Ankara 2025-08-14
2024-12-13 23:45:18+00:00,👤 Ankara 2025-08-01
2024-12-13 23:45:18+00:00,👤 Ankara 2025-07-22
2024-12-13 23:40:19+00:00,👤 Ankara 2025-07-07
2024-12-13 23:40:19+00:00,👤 Ankara 2025-06-27
2024-12-13 23:30:55+00:00,👤 Ankara 2025-08-19
2024-12-13 23:25:18+00:00,👤 Ankara 2025-07-29
2024-12-13 23:25:16+00:00,👤 Ankara 2025-07-07
2024-12-13 23:20:19+00:00,👤 Ankara 2025-09-08
2024-12-13 23:15:26+00:00,👤 Ankara 2025-07-10
2024-12-13 23:15:17+00:00,👤 Ankara 2025-07-31
2024-12-13 23:10:19+00:00,👤 Ankara 2025-04-24
2024-12-13 23:10:18+00:00,👤 Ankara 2024-12-20
2024-12-13 23:08:46+00:00,👤 Ankara 2025-09-04
2024-12-13 23:05:21+00:00,👤 Ankara 2025-09-04
2024-12-13 23:05:20+00:00,👤 Ankara 2025-07-25
2024-12-13 23:05:19+00:00,👤 Ankara 2025-03-11
2024-12-13 23:00:23+00:00,👤 Ankara 2025-08-19
2024-12-13 22:55:21+00:00,👤 Ankara 2025-07-07
2024-12-13 22:55:19+00:00,👤 Ankara 2025-07-02
2024-12-13 22:55:19+00:00,👤 Ankara 2025-04-08
2024-12-13 22:40:25+00:00,👥 Ankara 2025-04-08
2024-12-13 22:15:19+00:00,👤 Ankara 2025-08-08
2024-12-13 22:15:18+00:00,👤 Ankara 2025-05-06
2024-12-13 22:10:25+00:00,👤 Ankara 2025-08-18
2024-12-13 22:05:40+00:00,👤 Ankara 2025-08-18
2024-12-13 22:05:29+00:00,👤 Ankara 2025-07-03
2024-12-13 22:05:28+00:00,👤 Ankara 2025-05-29
2024-12-13 21:55:17+00:00,👤 Ankara 2025-07-11
2024-12-13 21:55:16+00:00,👤 Ankara 2025-03-28
2024-12-13 21:55:15+00:00,👤 Ankara 2025-08-22
2024-12-13 21:50:22+00:00,👤 Ankara 2025-09-05
2024-12-13 21:50:22+00:00,👤 Ankara 2025-07-29
2024-12-13 21:45:37+00:00,👤 Ankara 2025-08-11
2024-12-13 21:45:19+00:00,👤 Ankara 2025-07-28
2024-12-13 21:45:18+00:00,👤 Ankara 2025-06-16
2024-12-13 21:40:21+00:00,👤 Ankara 2025-07-21
2024-12-13 21:40:21+00:00,👤 Ankara 2025-05-21
2024-12-13 21:35:21+00:00,👤 Ankara 2025-07-21
2024-12-13 21:35:21+00:00,👤 Ankara 2025-06-24
2024-12-13 21:30:47+00:00,👤 Ankara 2025-08-18
2024-12-13 21:30:25+00:00,👤 Ankara 2025-07-08
2024-12-13 21:30:24+00:00,👤 Ankara 2025-06-26
2024-12-13 21:25:23+00:00,👤 Ankara 2024-12-19
2024-12-13 21:20:39+00:00,👤 Ankara 2025-07-16
2024-12-13 21:20:27+00:00,👤 Ankara 2025-07-02
2024-12-13 21:20:27+00:00,👤 Ankara 2025-05-09
2024-12-13 21:15:22+00:00,👤 Ankara 2025-07-16
2024-12-13 21:10:30+00:00,👤 Ankara 2025-09-02
2024-12-13 21:10:30+00:00,👤 Ankara 2025-08-15
2024-12-13 21:10:17+00:00,👤 Ankara 2025-04-22
2024-12-13 21:05:30+00:00,👤 Ankara 2025-07-22
2024-12-13 20:55:15+00:00,👤 Ankara 2025-08-15
2024-12-13 20:30:38+00:00,👤 Ankara 2025-07-28
2024-12-13 20:30:25+00:00,👥 Ankara 2025-07-28
2024-12-13 20:25:28+00:00,👤 Ankara 2025-08-19
2024-12-13 20:25:19+00:00,👥 Ankara 2025-08-19
2024-12-13 20:25:17+00:00,👤 Ankara 2025-07-03
2024-12-13 20:20:28+00:00,👤 Ankara 2025-08-18
2024-12-13 20:15:20+00:00,👤 Ankara 2025-08-18
2024-12-13 20:15:20+00:00,👤 Ankara 2025-04-15
2024-12-13 20:10:23+00:00,👤 Ankara 2025-07-14
2024-12-13 20:10:20+00:00,👤 İstanbul 2025-02-18
2024-12-13 20:10:19+00:00,👥 Ankara 2025-07-14
2024-12-13 20:05:29+00:00,👥 Ankara 2025-08-18
2024-12-13 20:05:28+00:00,👤 Ankara 2025-08-18
2024-12-13 20:05:28+00:00,👤 Ankara 2025-04-24
2024-12-13 20:00:29+00:00,👤 Ankara 2025-07-31
2024-12-13 19:55:20+00:00,👤 Ankara 2025-08-14
2024-12-13 19:55:20+00:00,👤 Ankara 2025-06-30
2024-12-13 19:50:16+00:00,👤 Ankara 2025-03-19
2024-12-13 19:45:17+00:00,👤 Ankara 2025-07-09
2024-12-13 19:40:35+00:00,👤 Ankara 2025-07-17
2024-12-13 19:40:21+00:00,👤 Ankara 2025-07-08
2024-12-13 19:40:19+00:00,👤 Ankara 2025-05-29
2024-12-13 19:40:18+00:00,👤 Ankara 2025-03-03
2024-12-13 19:36:48+00:00,👤 Ankara 2025-08-11
2024-12-13 19:35:53+00:00,👤 Ankara 2025-08-05
2024-12-13 19:35:35+00:00,👤 Ankara 2025-08-04
2024-12-13 19:35:28+00:00,👥 Ankara 2025-07-07
2024-12-13 19:35:22+00:00,👤 Ankara 2025-06-26
2024-12-13 19:35:18+00:00,👤 Ankara 2025-06-24
2024-12-13 19:35:17+00:00,👤 Ankara 2025-03-03
2024-12-13 19:30:48+00:00,👤 Ankara 2025-08-05
2024-12-13 19:30:26+00:00,👤 Ankara 2025-07-18
2024-12-13 19:30:20+00:00,👤 Ankara 2025-06-17
2024-12-13 19:30:19+00:00,👤 Ankara 2025-05-22
2024-12-13 19:25:19+00:00,👤 Ankara 2025-05-21
2024-12-13 19:25:17+00:00,👤 Ankara 2025-03-11
2024-12-13 19:25:16+00:00,👤 Ankara 2025-02-28
2024-12-13 19:20:32+00:00,👤 Ankara 2025-08-05
2024-12-13 19:20:25+00:00,👤 Ankara 2025-07-22
2024-12-13 19:20:24+00:00,👤 Ankara 2025-05-29
2024-12-13 19:15:17+00:00,👤 Ankara 2025-09-04
2024-12-13 19:10:36+00:00,👤 Ankara 2025-07-02
2024-12-13 19:05:25+00:00,👥 Ankara 2025-07-16
2024-12-13 18:50:39+00:00,👤 Ankara 2025-08-08
2024-12-13 18:50:25+00:00,👤 Ankara 2025-06-18
2024-12-13 18:50:20+00:00,👤 Ankara 2025-05-20
2024-12-13 18:50:20+00:00,👤 Ankara 2025-04-28
2024-12-13 18:50:18+00:00,👥 Ankara 2025-08-08
2024-12-13 18:40:19+00:00,👥 Ankara 2025-06-17
2024-12-13 18:30:22+00:00,👥 Ankara 2025-07-31
2024-12-13 18:21:56+00:00,👤 Ankara 2025-08-05
2024-12-13 18:20:19+00:00,👤 Ankara 2025-07-17
2024-12-13 18:20:19+00:00,👤 Ankara 2025-05-22
2024-12-13 18:20:17+00:00,👤 Ankara 2025-07-24
2024-12-13 18:15:23+00:00,👤 Ankara 2025-08-19
2024-12-13 18:15:22+00:00,👤 Ankara 2025-06-17
2024-12-13 18:10:20+00:00,👤 Ankara 2025-08-08
2024-12-13 18:10:19+00:00,👤 Ankara 2025-07-21
2024-12-13 18:05:24+00:00,👤 Ankara 2025-08-08
2024-12-13 18:05:19+00:00,👤 Ankara 2025-03-24
2024-12-13 18:05:18+00:00,👤 Ankara 2025-03-11
2024-12-13 18:00:24+00:00,👤 Ankara 2025-08-08
2024-12-13 18:00:24+00:00,👤 Ankara 2025-07-16
2024-12-13 17:55:41+00:00,👤 Ankara 2025-08-05
2024-12-13 17:55:28+00:00,👤 Ankara 2025-06-10
2024-12-13 17:55:19+00:00,👤 Ankara 2025-05-09
2024-12-13 17:55:19+00:00,👤 Ankara 2025-03-19
2024-12-13 17:50:19+00:00,👤 Ankara 2025-03-17
2024-12-13 17:48:56+00:00,👤 Ankara 2025-08-15
2024-12-13 17:46:49+00:00,👤 Ankara 2025-08-08
2024-12-13 17:46:48+00:00,👤 Ankara 2025-08-04
2024-12-13 17:45:55+00:00,👤 Ankara 2025-07-28
2024-12-13 17:45:35+00:00,👤 Ankara 2025-07-22
2024-12-13 17:45:22+00:00,👤 Ankara 2025-03-14
2024-12-13 17:45:20+00:00,👤 İstanbul 2025-07-16
2024-12-13 17:45:17+00:00,👤 Ankara 2025-07-21
2024-12-13 17:45:16+00:00,👤 Ankara 2025-03-03
2024-12-13 17:40:41+00:00,👤 Ankara 2025-08-25
2024-12-13 17:40:21+00:00,👤 Ankara 2025-07-24
2024-12-13 17:40:18+00:00,👤 Ankara 2025-05-08
2024-12-13 17:40:18+00:00,👤 Ankara 2025-03-25
2024-12-13 17:35:17+00:00,👤 Ankara 2025-08-05
2024-12-13 17:25:23+00:00,👤 Ankara 2025-07-31
2024-12-13 17:25:18+00:00,👤 Ankara 2025-06-24
2024-12-13 17:25:17+00:00,👤 Ankara 2025-03-10
2024-12-13 17:20:36+00:00,👤 Ankara 2025-07-10
2024-12-13 17:15:23+00:00,👤 Ankara 2025-07-31
2024-12-13 17:14:02+00:00,👤 Ankara 2025-09-05
2024-12-13 17:10:47+00:00,👤 Ankara 2025-09-05
2024-12-13 17:10:47+00:00,👤 Ankara 2025-07-29
2024-12-13 17:10:31+00:00,👤 Ankara 2025-07-07
2024-12-13 17:10:24+00:00,👤 Ankara 2025-04-24
2024-12-13 17:10:23+00:00,👤 Ankara 2025-03-14
2024-12-13 17:10:19+00:00,👤 Ankara 2025-03-11
2024-12-13 17:10:18+00:00,👤 Ankara 2024-12-19
2024-12-13 17:05:31+00:00,👤 Ankara 2025-09-02
2024-12-13 17:05:26+00:00,👤 Ankara 2025-07-17
2024-12-13 17:05:26+00:00,👤 Ankara 2025-04-18
2024-12-13 17:05:23+00:00,👤 Ankara 2025-03-03
2024-12-13 17:05:20+00:00,👥 Ankara 2025-07-08
2024-12-13 17:05:17+00:00,👤 Ankara 2024-12-20
2024-12-13 17:00:41+00:00,👤 Ankara 2025-08-06
2024-12-13 17:00:24+00:00,👤 Ankara 2025-05-06
2024-12-13 17:00:24+00:00,👤 Ankara 2025-05-05
2024-12-13 16:59:04+00:00,👤 Ankara 2025-08-11
2024-12-13 16:55:15+00:00,👤 Ankara 2025-08-11
2024-12-13 16:55:15+00:00,👤 Ankara 2025-05-22
2024-12-13 16:50:20+00:00,👤 Ankara 2025-08-11
2024-12-13 16:50:18+00:00,👤 Ankara 2025-05-06
2024-12-13 16:50:18+00:00,👤 Ankara 2025-03-25
2024-12-13 16:46:54+00:00,👤 Ankara 2025-08-28
2024-12-13 16:45:20+00:00,👥 Ankara 2025-07-21
2024-12-13 16:40:19+00:00,👥 Ankara 2025-07-21
2024-12-13 16:35:32+00:00,👥 Ankara 2025-04-21
2024-12-13 16:35:17+00:00,👥 Ankara 2025-03-17
2024-12-13 16:25:17+00:00,👥 Ankara 2025-06-17
2024-12-13 16:20:42+00:00,👤 Ankara 2025-06-26
2024-12-13 16:20:30+00:00,👤 Ankara 2025-05-29
2024-12-13 16:20:30+00:00,👤 Ankara 2025-05-06
2024-12-13 16:20:19+00:00,👤 Ankara 2025-04-28
2024-12-13 16:20:17+00:00,👤 Ankara 2025-03-25
2024-12-13 16:20:17+00:00,👤 Ankara 2025-03-13
2024-12-13 16:15:31+00:00,👤 Ankara 2025-09-03
2024-12-13 16:15:25+00:00,👤 Ankara 2025-07-01
2024-12-13 16:15:24+00:00,👤 Ankara 2025-03-03
2024-12-13 16:10:25+00:00,👤 Ankara 2025-04-28
2024-12-13 16:05:43+00:00,👤 Ankara 2025-07-07
2024-12-13 16:05:22+00:00,👤 Ankara 2025-06-16
2024-12-13 16:05:22+00:00,👤 Ankara 2025-05-27
2024-12-13 16:05:17+00:00,👥 Ankara 2025-08-25
2024-12-13 16:00:28+00:00,👤 Ankara 2025-07-09
2024-12-13 15:55:30+00:00,👤 Ankara 2025-08-14
2024-12-13 15:55:16+00:00,👤 Ankara 2025-07-07
2024-12-13 15:55:16+00:00,👤 Ankara 2025-04-15
2024-12-13 15:50:19+00:00,👤 Ankara 2025-09-04
2024-12-13 15:50:18+00:00,👤 Ankara 2025-03-03
2024-12-13 15:46:52+00:00,👤 Ankara 2025-08-05
2024-12-13 15:45:43+00:00,👤 Ankara 2025-07-18
2024-12-13 15:45:24+00:00,👤 Ankara 2025-07-09
2024-12-13 15:45:23+00:00,👤 Ankara 2025-06-16
2024-12-13 15:45:22+00:00,👤 Ankara 2025-03-18
2024-12-13 15:40:25+00:00,👤 Ankara 2025-09-02
2024-12-13 15:40:18+00:00,👤 İstanbul 2025-02-06
2024-12-13 15:40:17+00:00,👤 Ankara 2025-05-20
2024-12-13 15:35:22+00:00,👤 Ankara 2025-06-16
2024-12-13 15:30:27+00:00,👤 Ankara 2025-08-07
2024-12-13 15:30:23+00:00,👤 Ankara 2025-05-22
2024-12-13 15:30:23+00:00,👤 Ankara 2025-03-19
2024-12-13 15:30:21+00:00,👥 Ankara 2025-05-22
2024-12-13 15:25:17+00:00,👤 Ankara 2025-02-21
2024-12-13 15:25:16+00:00,👤 Ankara 2025-01-06
2024-12-13 15:20:29+00:00,👤 Ankara 2025-08-05
2024-12-13 15:20:28+00:00,👤 Ankara 2025-07-31
2024-12-13 15:05:22+00:00,👤 Ankara 2025-07-07
2024-12-13 15:05:22+00:00,👤 Ankara 2025-03-14
2024-12-13 15:00:31+00:00,👤 Ankara 2025-07-22
2024-12-13 14:55:25+00:00,👤 Ankara 2025-08-06
2024-12-13 14:55:25+00:00,👤 Ankara 2025-07-14
2024-12-13 14:49:34+00:00,👤 Ankara 2025-09-05
2024-12-13 14:45:30+00:00,👤 Ankara 2025-09-05
2024-12-13 14:45:21+00:00,👤 Ankara 2025-06-30
2024-12-13 14:45:21+00:00,👤 Ankara 2025-05-07
2024-12-13 14:20:34+00:00,👥 Ankara 2025-07-14
2024-12-13 14:20:24+00:00,👤 Ankara 2025-07-14
2024-12-13 14:20:18+00:00,👤 Ankara 2025-07-08
2024-12-13 14:15:24+00:00,👤 Ankara 2025-03-05
2024-12-13 14:15:22+00:00,👥 Ankara 2025-03-04
2024-12-13 14:10:21+00:00,👤 Ankara 2025-08-15
2024-12-13 14:05:23+00:00,👥 Ankara 2025-06-16
2024-12-13 13:55:21+00:00,👤 Ankara 2025-05-06
2024-12-13 13:55:20+00:00,👥 Ankara 2025-05-06
2024-12-13 13:55:20+00:00,👤 Ankara 2025-03-11
2024-12-13 13:50:22+00:00,👤 Ankara 2025-05-21
2024-12-13 13:50:17+00:00,👤 Ankara 2025-01-09
2024-12-13 13:45:18+00:00,👤 Ankara 2025-05-12
2024-12-13 13:45:16+00:00,👤 Ankara 2025-08-07
2024-12-13 13:45:16+00:00,👤 Ankara 2025-04-07
2024-12-13 13:41:47+00:00,👤 Ankara 2025-09-05
2024-12-13 13:40:47+00:00,👤 Ankara 2025-08-04
2024-12-13 13:40:23+00:00,👤 Ankara 2025-08-01
2024-12-13 13:40:22+00:00,👤 Ankara 2025-05-21
2024-12-13 13:40:21+00:00,👤 Ankara 2025-01-10
2024-12-13 13:35:35+00:00,👤 Ankara 2025-07-25
2024-12-13 13:35:35+00:00,👤 Ankara 2025-07-22
2024-12-13 13:30:25+00:00,👤 Ankara 2025-07-24
2024-12-13 13:30:24+00:00,👤 Ankara 2025-06-17
2024-12-13 13:25:25+00:00,👤 Ankara 2025-08-05
2024-12-13 13:25:21+00:00,👤 Ankara 2025-06-27
2024-12-13 13:25:20+00:00,👤 Ankara 2025-02-21
2024-12-13 13:20:20+00:00,👤 Ankara 2025-06-16
2024-12-13 13:20:20+00:00,👤 Ankara 2025-04-24
2024-12-13 13:10:24+00:00,👤 Ankara 2025-04-22
2024-12-13 13:10:21+00:00,👤 Ankara 2025-04-21
2024-12-13 13:10:21+00:00,👤 Ankara 2025-03-21
2024-12-13 13:05:19+00:00,👤 Ankara 2025-07-22
2024-12-13 13:05:18+00:00,👤 Ankara 2025-03-20
2024-12-13 13:00:25+00:00,👤 Ankara 2025-05-06
2024-12-13 12:55:28+00:00,👥 Ankara 2025-08-04
2024-12-13 12:55:17+00:00,👤 Ankara 2025-06-30
2024-12-13 12:55:16+00:00,👤 Ankara 2025-07-22
2024-12-13 12:55:15+00:00,👤 Ankara 2024-12-19
2024-12-13 12:46:55+00:00,👤 Ankara 2025-08-06
2024-12-13 12:46:55+00:00,👤 Ankara 2025-07-22
2024-12-13 12:45:26+00:00,👥 Ankara 2025-08-01
2024-12-13 12:30:22+00:00,👥 Ankara 2025-05-09
2024-12-13 12:25:44+00:00,👤 Ankara 2025-07-31
2024-12-13 12:22:05+00:00,👤 Ankara 2025-08-25
2024-12-13 12:20:33+00:00,👤 Ankara 2025-08-08
2024-12-13 12:20:18+00:00,👤 Ankara 2025-07-30
2024-12-13 12:20:18+00:00,👤 Ankara 2025-06-18
2024-12-13 12:15:40+00:00,👤 Ankara 2025-07-30
2024-12-13 12:15:17+00:00,👥 Ankara 2025-07-30
2024-12-13 12:15:17+00:00,👤 Ankara 2025-07-21
2024-12-13 12:15:16+00:00,👥 Ankara 2025-07-21
2024-12-13 12:15:16+00:00,👤 Ankara 2025-06-16
2024-12-13 12:10:24+00:00,👤 İstanbul 2025-02-18
2024-12-13 12:10:22+00:00,👤 Ankara 2025-09-05
2024-12-13 12:10:21+00:00,👥 Ankara 2025-06-16
2024-12-13 12:05:29+00:00,👤 Ankara 2025-08-14
2024-12-13 12:05:23+00:00,👤 Ankara 2025-07-08
2024-12-13 12:05:22+00:00,👤 Ankara 2025-05-06
2024-12-13 12:05:19+00:00,👥 Ankara 2025-05-06
2024-12-13 12:04:01+00:00,👤 Ankara 2025-09-02
2024-12-13 12:00:22+00:00,👤 Ankara 2025-07-08
2024-12-13 12:00:21+00:00,👤 Ankara 2025-03-10
2024-12-13 12:00:15+00:00,👤 Ankara 2025-09-02
2024-12-13 12:00:15+00:00,👤 Ankara 2025-08-19
2024-12-13 11:59:56+00:00,👥 Ankara 2025-08-19
2024-12-13 11:56:55+00:00,👤 Ankara 2025-09-02
2024-12-13 11:56:55+00:00,👤 Ankara 2025-08-19
2024-12-13 11:56:48+00:00,👥 Ankara 2025-08-19
2024-12-13 11:53:23+00:00,👤 Ankara 2025-09-02
2024-12-13 11:53:23+00:00,👤 Ankara 2025-08-19
2024-12-13 11:53:20+00:00,👥 Ankara 2025-08-19
2024-12-13 11:50:20+00:00,👤 Ankara 2025-07-08
2024-12-13 11:49:06+00:00,👤 Ankara 2025-09-02
2024-12-13 11:49:06+00:00,👤 Ankara 2025-08-19
2024-12-13 11:48:38+00:00,👥 Ankara 2025-08-19
2024-12-13 11:45:32+00:00,👤 Ankara 2025-09-02
2024-12-13 11:45:18+00:00,👤 Ankara 2025-05-21
2024-12-13 11:45:17+00:00,👤 Ankara 2025-03-05
2024-12-13 11:42:47+00:00,👥 Ankara 2025-08-19
2024-12-13 11:42:14+00:00,👤 Ankara 2025-08-19
2024-12-13 11:39:10+00:00,👥 Ankara 2025-08-19
2024-12-13 11:37:54+00:00,👤 Ankara 2025-08-19
2024-12-13 11:37:54+00:00,👤 Ankara 2025-08-18
2024-12-13 11:34:28+00:00,👥 Ankara 2025-08-19
2024-12-13 11:34:27+00:00,👥 Ankara 2025-08-18
2024-12-13 11:33:26+00:00,👤 Ankara 2025-08-19
2024-12-13 11:33:26+00:00,👤 Ankara 2025-08-18
2024-12-13 11:30:22+00:00,👤 Ankara 2025-07-22
2024-12-13 11:29:11+00:00,👥 Ankara 2025-08-19
2024-12-13 11:29:10+00:00,👥 Ankara 2025-08-18
2024-12-13 11:28:56+00:00,👤 Ankara 2025-08-19
2024-12-13 11:28:55+00:00,👤 Ankara 2025-08-18
2024-12-13 11:25:22+00:00,👤 Ankara 2025-07-21
2024-12-13 11:25:20+00:00,👥 Ankara 2025-07-21
2024-12-13 11:25:11+00:00,👥 Ankara 2025-08-19
2024-12-13 11:25:11+00:00,👥 Ankara 2025-08-18
2024-12-13 11:25:02+00:00,👤 Ankara 2025-08-19
2024-12-13 11:25:02+00:00,👤 Ankara 2025-08-18
2024-12-13 11:25:01+00:00,👤 Ankara 2025-08-19
2024-12-13 11:25:01+00:00,👤 Ankara 2025-08-18
2024-12-13 11:21:48+00:00,👤 Ankara 2025-08-19
2024-12-13 11:21:47+00:00,👤 Ankara 2025-08-18
2024-12-13 11:20:55+00:00,👥 Ankara 2025-08-19
2024-12-13 11:20:55+00:00,👥 Ankara 2025-08-18
2024-12-13 11:17:54+00:00,👥 Ankara 2025-08-19
2024-12-13 11:17:52+00:00,👤 Ankara 2025-08-19
2024-12-13 11:15:17+00:00,👤 Ankara 2025-08-08
2024-12-13 11:15:17+00:00,👤 Ankara 2025-06-10
2024-12-13 11:15:05+00:00,👥 Ankara 2025-08-18
2024-12-13 11:13:33+00:00,👤 Ankara 2025-08-18
2024-12-13 11:10:18+00:00,👤 Ankara 2025-06-26
2024-12-13 11:10:18+00:00,👤 Ankara 2025-04-24
2024-12-13 11:08:40+00:00,👤 Ankara 2025-08-18
2024-12-13 11:05:17+00:00,👤 Ankara 2025-07-16
2024-12-13 10:55:25+00:00,👥 Ankara 2025-07-07
2024-12-13 10:55:19+00:00,👤 Ankara 2025-07-07
2024-12-13 10:55:19+00:00,👤 Ankara 2025-04-28
2024-12-13 10:50:19+00:00,👤 Ankara 2025-09-04
2024-12-13 10:50:19+00:00,👤 Ankara 2025-08-08
2024-12-13 10:41:28+00:00,👤 Ankara 2025-08-14
2024-12-13 10:40:21+00:00,👤 Ankara 2025-03-03
2024-12-13 10:35:19+00:00,👤 Ankara 2025-07-22
2024-12-13 10:30:37+00:00,👤 Ankara 2025-08-11
2024-12-13 10:30:28+00:00,👤 Ankara 2025-07-22
2024-12-13 10:30:28+00:00,👥 Ankara 2025-07-22
2024-12-13 10:30:28+00:00,👤 Ankara 2025-06-24
2024-12-13 10:30:27+00:00,👥 Ankara 2025-06-24
2024-12-13 10:25:18+00:00,👤 Ankara 2025-07-31
2024-12-13 10:25:17+00:00,👥 Ankara 2025-07-31
2024-12-13 10:20:18+00:00,👤 Ankara 2024-12-19
2024-12-13 10:15:17+00:00,👤 Ankara 2024-12-18
2024-12-13 10:10:17+00:00,👤 Ankara 2025-08-26
2024-12-13 10:10:16+00:00,👤 Ankara 2025-08-14
2024-12-13 09:50:17+00:00,👤 Ankara 2025-08-15
2024-12-13 09:45:24+00:00,👥 Ankara 2025-08-04
2024-12-13 09:45:18+00:00,👤 Ankara 2025-08-04
2024-12-13 09:40:18+00:00,👤 Ankara 2025-08-11
2024-12-13 09:35:19+00:00,👤 Ankara 2025-07-21
2024-12-13 09:30:20+00:00,👤 Ankara 2025-06-24
2024-12-13 09:15:17+00:00,👤 Ankara 2025-07-01
2024-12-13 09:00:24+00:00,👤 Ankara 2025-09-03
2024-12-13 08:50:21+00:00,👤 Ankara 2025-04-22
2024-12-13 08:40:35+00:00,👤 Ankara 2025-08-28
2024-12-13 08:30:28+00:00,👤 ❌ Ankara 2025-07-18
2024-12-13 08:15:17+00:00,👤 Ankara 2025-07-02
2024-12-13 08:10:25+00:00,👤 Ankara 2025-08-05
2024-12-13 08:10:19+00:00,👥 Ankara 2025-08-05
2024-12-13 08:06:59+00:00,👤 Ankara 2025-01-08
2024-12-13 08:06:55+00:00,👥 Ankara 2025-01-08
2024-12-13 08:06:37+00:00,👥 Ankara 2025-01-10
2024-12-13 08:05:22+00:00,👤 İstanbul 2025-09-02
2024-12-13 08:05:20+00:00,👥 İstanbul 2025-09-02
2024-12-13 07:49:10+00:00,👥 Ankara 2025-01-07
2024-12-13 07:48:58+00:00,👤 Ankara 2025-01-07
2024-12-13 07:35:18+00:00,👤 Ankara 2025-08-14
2024-12-13 07:33:53+00:00,👤 Ankara 2025-01-03
2024-12-13 07:33:39+00:00,👥 Ankara 2025-01-03
2024-12-13 07:20:19+00:00,👥 Ankara 2025-08-26
2024-12-13 07:20:18+00:00,👤 Ankara 2025-08-26
2024-12-13 07:15:18+00:00,👤 Ankara 2025-08-25
2024-12-13 07:10:19+00:00,👤 Ankara 2025-08-11
2024-12-13 06:55:15+00:00,👤 Ankara 2025-08-12
2024-12-13 06:42:00+00:00,👤 Ankara 2024-12-20
2024-12-13 06:40:18+00:00,👤 Ankara 2025-08-04
2024-12-13 06:35:25+00:00,👤 Ankara 2025-08-26
2024-12-13 06:35:24+00:00,👤 Ankara 2025-08-22
2024-12-13 06:28:08+00:00,👥 Ankara 2024-12-20
2024-12-13 06:27:58+00:00,👤 Ankara 2024-12-20
2024-12-13 06:25:22+00:00,👥 Ankara 2025-08-22
2024-12-13 06:25:19+00:00,👤 Ankara 2025-08-22
2024-12-13 06:15:20+00:00,👤 Ankara 2025-07-08
2024-12-13 06:15:18+00:00,👥 Ankara 2025-07-08
2024-12-13 06:12:56+00:00,👥 Ankara 2024-12-19
2024-12-13 06:12:55+00:00,👤 Ankara 2024-12-19
2024-12-13 06:05:19+00:00,👥 Ankara 2025-08-07
2024-12-13 06:05:17+00:00,👤 Ankara 2025-08-07
2024-12-13 05:40:37+00:00,👥 Ankara 2025-09-04
2024-12-13 05:40:19+00:00,👤 Ankara 2025-09-04
2024-12-13 05:35:19+00:00,👤 Toronto 2025-03-24
2024-12-13 05:35:18+00:00,👥 Ankara 2025-08-21
2024-12-13 05:35:18+00:00,👤 Ankara 2025-08-21
2024-12-13 05:20:18+00:00,👤 Ankara 2025-05-05
2024-12-13 05:10:22+00:00,👤 Ankara 2025-09-03
2024-12-13 05:05:20+00:00,👤 Ankara 2025-08-25
2024-12-13 04:50:21+00:00,👤 Ankara 2025-05-05
2024-12-13 04:40:19+00:00,👤 Ankara 2025-08-15
2024-12-13 04:40:17+00:00,👤 Ankara 2025-08-06
2024-12-13 04:25:18+00:00,👤 Ankara 2025-07-07
2024-12-13 04:25:18+00:00,👥 Ankara 2025-07-07
2024-12-13 04:25:18+00:00,👤 Ankara 2025-07-07
2024-12-13 03:58:34+00:00,👤 Ankara 2025-08-28
2024-12-13 03:55:18+00:00,👥 Ankara 2025-08-28
2024-12-13 03:55:15+00:00,👤 Ankara 2025-08-28
2024-12-13 03:50:18+00:00,👤 Ankara 2025-04-24
2024-12-13 03:50:18+00:00,👤 Ankara 2025-04-24
2024-12-13 03:35:18+00:00,👥 Ankara 2025-08-07
2024-12-13 03:35:17+00:00,👤 Ankara 2025-08-07
2024-12-13 03:34:33+00:00,👥 Ankara 2025-09-02
2024-12-13 03:33:23+00:00,👤 Ankara 2025-09-02
2024-12-13 03:30:20+00:00,👥 Ankara 2025-09-02
2024-12-13 03:30:18+00:00,👤 Ankara 2025-09-02
2024-12-13 03:25:45+00:00,👥 Ankara 2025-08-06
2024-12-13 03:25:17+00:00,👤 Ankara 2025-08-06
2024-12-13 03:15:21+00:00,👥 Ankara 2025-06-30
2024-12-13 03:15:17+00:00,👤 Ankara 2025-06-30
2024-12-13 03:07:05+00:00,👤 Ankara 2025-09-05
2024-12-13 03:03:52+00:00,👤 Ankara 2025-09-05
2024-12-13 03:03:23+00:00,👥 Ankara 2025-09-05
2024-12-13 03:00:21+00:00,👤 Ankara 2025-09-05
2024-12-13 03:00:21+00:00,👤 Ankara 2025-08-12
2024-12-13 02:58:03+00:00,👤 Ankara 2025-08-28
2024-12-13 02:54:48+00:00,👤 Ankara 2025-08-28
2024-12-13 02:51:46+00:00,👤 Ankara 2025-08-28
2024-12-13 02:48:08+00:00,👤 Ankara 2025-08-28
2024-12-13 02:45:06+00:00,👤 Ankara 2025-08-28
2024-12-13 02:41:57+00:00,👤 Ankara 2025-08-28
2024-12-13 02:38:48+00:00,👤 Ankara 2025-08-28
2024-12-13 02:35:20+00:00,👥 Ankara 2025-07-22
2024-12-13 02:35:17+00:00,👤 Ankara 2025-07-22
2024-12-13 02:35:16+00:00,👤 Ankara 2025-05-21
2024-12-13 02:33:32+00:00,👤 Ankara 2025-08-28
2024-12-13 02:30:21+00:00,👤 Ankara 2025-08-19
2024-12-13 02:30:20+00:00,👤 Ankara 2025-08-07
2024-12-13 02:28:16+00:00,👤 Ankara 2025-08-28
2024-12-13 02:25:03+00:00,👤 Ankara 2025-08-28
2024-12-13 02:21:37+00:00,👤 Ankara 2025-08-28
2024-12-13 02:18:35+00:00,👤 Ankara 2025-08-28
2024-12-13 02:15:18+00:00,👤 Ankara 2025-08-28
2024-12-13 02:10:23+00:00,👤 Ankara 2025-08-25
2024-12-13 02:10:23+00:00,👤 Ankara 2025-08-12
2024-12-13 02:10:22+00:00,👥 İstanbul 2025-08-06
2024-12-13 01:55:21+00:00,👥 Ankara 2025-09-03
2024-12-13 01:55:15+00:00,👤 Ankara 2025-09-03
2024-12-13 01:50:21+00:00,👥 Ankara 2025-08-06
2024-12-13 01:50:21+00:00,👥 Ankara 2025-07-07
2024-12-13 01:50:21+00:00,👤 Ankara 2025-08-06
2024-12-13 01:50:20+00:00,👤 Ankara 2025-07-07
2024-12-13 01:40:18+00:00,👥 Ankara 2025-07-17
2024-12-13 01:40:17+00:00,👤 Ankara 2025-07-17
2024-12-13 01:30:23+00:00,👥 Ankara 2025-08-26
2024-12-13 01:30:23+00:00,👤 Ankara 2025-08-26
2024-12-13 01:25:24+00:00,👥 Ankara 2025-08-01
2024-12-13 01:25:18+00:00,👥 Ankara 2025-08-12
2024-12-13 01:25:18+00:00,👤 Ankara 2025-08-12
2024-12-13 01:25:18+00:00,👤 Ankara 2025-08-01
2024-12-13 01:20:47+00:00,👥 Ankara 2025-08-26
2024-12-13 01:20:20+00:00,👤 Ankara 2025-08-26
2024-12-13 01:15:19+00:00,👤 Ankara 2025-08-08
2024-12-13 01:15:16+00:00,👥 Ankara 2025-08-08
2024-12-13 01:11:54+00:00,👥 Ankara 2025-09-08
2024-12-13 01:11:52+00:00,👤 Ankara 2025-09-08
2024-12-13 01:08:19+00:00,👤 Ankara 2025-09-08
2024-12-13 01:08:17+00:00,👥 Ankara 2025-09-08
2024-12-13 01:05:10+00:00,👥 Ankara 2025-09-08
2024-12-13 01:05:05+00:00,👤 Ankara 2025-09-08
2024-12-13 01:01:53+00:00,👤 Ankara 2025-09-08
2024-12-13 01:01:37+00:00,👥 Ankara 2025-09-08
2024-12-13 01:00:31+00:00,👥 Ankara 2025-08-12
2024-12-13 01:00:28+00:00,👤 Ankara 2025-08-12
2024-12-13 00:59:04+00:00,👥 Ankara 2025-08-08
2024-12-13 00:58:56+00:00,👤 Ankara 2025-08-08
2024-12-13 00:55:18+00:00,👤 Ankara 2025-08-08
2024-12-13 00:55:15+00:00,👥 Ankara 2025-08-08
2024-12-13 00:54:09+00:00,👥 Ankara 2025-08-14
2024-12-13 00:53:53+00:00,👤 Ankara 2025-08-14
2024-12-13 00:50:17+00:00,👥 Ankara 2025-08-14
2024-12-13 00:50:17+00:00,👤 Ankara 2025-08-14
2024-12-13 00:40:18+00:00,👥 Ankara 2025-07-21
2024-12-13 00:40:18+00:00,👤 Ankara 2025-07-21
2024-12-13 00:38:41+00:00,👤 Ankara 2025-08-25
2024-12-13 00:35:20+00:00,👤 Ankara 2025-08-25
2024-12-13 00:30:20+00:00,👤 Ankara 2025-08-04
2024-12-13 00:30:20+00:00,👤 Ankara 2025-07-24
2024-12-13 00:30:19+00:00,👤 ❌ İstanbul 2025-10-01
2024-12-13 00:25:19+00:00,👤 Ankara 2025-08-25
2024-12-13 00:25:16+00:00,👤 İstanbul 2025-02-19
2024-12-13 00:23:54+00:00,👤 Ankara 2025-08-14
2024-12-13 00:20:24+00:00,👥 Ankara 2025-08-14
2024-12-13 00:20:24+00:00,👤 Ankara 2025-08-14
2024-12-13 00:20:23+00:00,👤 Ankara 2025-06-26
2024-12-12 23:40:20+00:00,👥 Ankara 2025-08-07
2024-12-12 23:40:19+00:00,👤 Ankara 2025-08-07
2024-12-12 23:15:21+00:00,👤 Ankara 2025-07-21
2024-12-12 23:15:21+00:00,👤 Ankara 2025-06-26
2024-12-12 23:10:19+00:00,👤 Ankara 2025-06-24
2024-12-12 23:05:18+00:00,👤 Ankara 2025-09-03
2024-12-12 23:00:23+00:00,👤 İstanbul 2025-09-05
2024-12-12 23:00:22+00:00,👥 İstanbul 2025-09-05
2024-12-12 23:00:21+00:00,👥 Ankara 2025-08-12
2024-12-12 23:00:21+00:00,👤 Ankara 2025-09-02
2024-12-12 23:00:21+00:00,👤 Ankara 2025-08-12
2024-12-12 22:40:17+00:00,👤 Ankara 2025-09-03
2024-12-12 22:35:17+00:00,👥 Ankara 2025-08-11
2024-12-12 22:35:16+00:00,👤 Ankara 2025-08-11
2024-12-12 22:30:22+00:00,👤 Ankara 2025-08-14
2024-12-12 22:25:17+00:00,👤 Ankara 2025-06-26
2024-12-12 22:23:35+00:00,👤 Ankara 2025-09-03
2024-12-12 22:20:19+00:00,👤 Ankara 2025-09-03
2024-12-12 22:15:24+00:00,👤 Ankara 2025-09-03
2024-12-12 22:15:23+00:00,👤 Ankara 2025-08-18
2024-12-12 22:05:18+00:00,👤 Ankara 2025-03-24
2024-12-12 22:05:04+00:00,👤 Ankara 2025-09-02
2024-12-12 22:01:48+00:00,👤 Ankara 2025-09-02
2024-12-12 22:00:23+00:00,👥 Ankara 2025-08-26
2024-12-12 22:00:23+00:00,👥 Ankara 2025-08-04
2024-12-12 22:00:22+00:00,👤 Ankara 2025-08-15
2024-12-12 22:00:21+00:00,👤 Ankara 2025-08-04
2024-12-12 21:56:50+00:00,👤 Ankara 2025-08-05
2024-12-12 21:55:17+00:00,👤 Ankara 2025-08-04
2024-12-12 21:55:17+00:00,👤 Ankara 2025-07-24
2024-12-12 21:30:20+00:00,👤 Ankara 2025-07-22
2024-12-12 21:25:22+00:00,👥 Ankara 2025-08-06
2024-12-12 21:25:18+00:00,👤 Ankara 2025-08-06
2024-12-12 21:20:21+00:00,👤 Ankara 2025-08-15
2024-12-12 21:20:19+00:00,👤 İstanbul 2025-08-06
2024-12-12 21:20:19+00:00,👥 İstanbul 2025-08-06
2024-12-12 21:10:23+00:00,👤 Ankara 2025-07-01
2024-12-12 21:05:22+00:00,👥 Ankara 2025-08-14
2024-12-12 21:05:21+00:00,👤 Ankara 2025-06-26
2024-12-12 21:05:21+00:00,👤 Ankara 2025-04-24
2024-12-12 21:00:24+00:00,👤 Ankara 2025-09-03
2024-12-12 20:55:26+00:00,👤 Ankara 2025-08-05
2024-12-12 20:45:21+00:00,👤 Ankara 2025-08-01
2024-12-12 20:40:36+00:00,👤 Ankara 2025-09-03
2024-12-12 20:40:19+00:00,👤 Ankara 2025-07-30
2024-12-12 20:40:19+00:00,👤 Ankara 2025-06-24
2024-12-12 20:40:17+00:00,👥 Ankara 2025-06-24
2024-12-12 20:35:17+00:00,👤 Ankara 2025-08-26
2024-12-12 20:30:20+00:00,👤 Ankara 2025-08-25
2024-12-12 20:20:18+00:00,👤 Ankara 2025-09-04
2024-12-12 20:15:18+00:00,👤 Ankara 2025-08-07
2024-12-12 20:15:18+00:00,👤 Ankara 2025-07-29
2024-12-12 20:05:25+00:00,👤 Ankara 2025-05-21
2024-12-12 20:05:24+00:00,👤 Ankara 2025-04-24
2024-12-12 20:05:21+00:00,👤 Ankara 2024-12-19
2024-12-12 20:00:21+00:00,👤 Ankara 2025-08-11
2024-12-12 19:55:15+00:00,👤 Ankara 2025-05-12
2024-12-12 19:45:17+00:00,👥 İstanbul 2025-08-20
2024-12-12 19:45:17+00:00,👤 İstanbul 2025-08-20
2024-12-12 19:45:16+00:00,👤 Ankara 2025-07-08
2024-12-12 19:35:18+00:00,👤 Ankara 2025-08-28
2024-12-12 19:35:18+00:00,👤 Ankara 2025-08-21
2024-12-12 19:30:20+00:00,👤 ❌ İstanbul 2025-04-11
2024-12-12 19:20:18+00:00,👤 Ankara 2025-06-26
2024-12-12 19:15:18+00:00,👥 Ankara 2025-08-05
2024-12-12 19:15:18+00:00,👤 Ankara 2025-08-05
2024-12-12 19:10:18+00:00,👤 Ankara 2025-01-23
2024-12-12 19:05:24+00:00,👤 Ankara 2025-09-02
2024-12-12 19:05:23+00:00,👤 Ankara 2025-08-22
2024-12-12 18:25:16+00:00,👤 Ankara 2025-06-16
2024-12-12 18:20:21+00:00,👥 Ankara 2025-09-05
2024-12-12 18:20:20+00:00,👥 Ankara 2025-04-24
2024-12-12 18:20:19+00:00,👤 Ankara 2025-09-05
2024-12-12 18:20:19+00:00,👤 Ankara 2025-04-24
2024-12-12 18:10:25+00:00,👥 Ankara 2025-07-07
2024-12-12 18:10:18+00:00,👤 Ankara 2025-07-07
2024-12-12 18:05:19+00:00,👤 Ankara 2025-07-22
2024-12-12 17:55:19+00:00,👤 Ankara 2025-07-28
2024-12-12 17:30:20+00:00,👤 Ankara 2025-07-08
2024-12-12 17:00:22+00:00,👤 Ankara 2025-03-20
2024-12-12 16:50:17+00:00,👤 Ankara 2025-07-02
2024-12-12 16:45:19+00:00,👤 Ankara 2025-07-29
2024-12-12 16:45:18+00:00,👤 Ankara 2025-07-21
2024-12-12 16:35:26+00:00,👤 Ankara 2025-07-28
2024-12-12 16:20:28+00:00,👥 Ankara 2025-09-03
2024-12-12 16:20:18+00:00,👤 Ankara 2025-09-03
2024-12-12 16:00:32+00:00,👥 Ankara 2025-06-26
2024-12-12 16:00:25+00:00,👤 Ankara 2025-06-26
2024-12-12 15:38:46+00:00,👥 Ankara 2025-08-15
2024-12-12 15:38:19+00:00,👤 Ankara 2025-08-15
2024-12-12 15:35:17+00:00,👤 Ankara 2025-07-25
2024-12-12 15:35:17+00:00,👤 Ankara 2025-07-10
2024-12-12 15:33:28+00:00,👥 Ankara 2025-08-15
2024-12-12 15:33:28+00:00,👥 Ankara 2025-08-14
2024-12-12 15:33:23+00:00,👤 Ankara 2025-08-15
2024-12-12 15:33:23+00:00,👤 Ankara 2025-08-14
2024-12-12 15:30:20+00:00,👤 Ankara 2025-07-08
2024-12-12 15:30:20+00:00,👤 Ankara 2025-06-24
2024-12-12 15:29:10+00:00,👥 Ankara 2025-08-15
2024-12-12 15:29:10+00:00,👥 Ankara 2025-08-14
2024-12-12 15:28:48+00:00,👤 Ankara 2025-08-15
2024-12-12 15:28:47+00:00,👤 Ankara 2025-08-14
2024-12-12 15:25:17+00:00,👤 Ankara 2025-08-01
2024-12-12 15:23:52+00:00,👤 Ankara 2025-08-15
2024-12-12 15:23:52+00:00,👤 Ankara 2025-08-14
2024-12-12 15:23:26+00:00,👥 Ankara 2025-08-15
2024-12-12 15:23:25+00:00,👥 Ankara 2025-08-14
2024-12-12 15:20:12+00:00,👤 Ankara 2025-08-15
2024-12-12 15:20:08+00:00,👥 Ankara 2025-08-15
2024-12-12 15:20:08+00:00,👤 Ankara 2025-08-14
2024-12-12 15:20:08+00:00,👥 Ankara 2025-08-14
2024-12-12 15:20:07+00:00,👥 Ankara 2025-08-15
2024-12-12 15:20:07+00:00,👥 Ankara 2025-08-14
2024-12-12 15:17:06+00:00,👤 Ankara 2025-08-15
2024-12-12 15:17:06+00:00,👤 Ankara 2025-08-14
2024-12-12 15:16:40+00:00,👥 Ankara 2025-08-15
2024-12-12 15:16:40+00:00,👥 Ankara 2025-08-14
2024-12-12 15:13:05+00:00,👤 Ankara 2025-08-15
2024-12-12 15:13:04+00:00,👥 Ankara 2025-08-15
2024-12-12 15:12:03+00:00,👤 Ankara 2025-08-14
2024-12-12 15:12:03+00:00,👤 Ankara 2025-08-12
2024-12-12 15:11:33+00:00,👥 Ankara 2025-08-14
2024-12-12 15:11:33+00:00,👥 Ankara 2025-08-12
2024-12-12 15:08:00+00:00,👥 Ankara 2025-08-14
2024-12-12 15:08:00+00:00,👥 Ankara 2025-08-12
2024-12-12 15:07:45+00:00,👤 Ankara 2025-08-14
2024-12-12 15:07:45+00:00,👤 Ankara 2025-08-12
2024-12-12 15:04:16+00:00,👤 Ankara 2025-08-14
2024-12-12 15:04:16+00:00,👤 Ankara 2025-08-12
2024-12-12 15:03:31+00:00,👥 Ankara 2025-08-14
2024-12-12 15:03:30+00:00,👥 Ankara 2025-08-12
2024-12-12 15:00:28+00:00,👤 Ankara 2025-08-14
2024-12-12 15:00:28+00:00,👥 Ankara 2025-08-14
2024-12-12 15:00:28+00:00,👥 Ankara 2025-08-12
2024-12-12 15:00:24+00:00,👤 Ankara 2025-08-12
2024-12-12 15:00:24+00:00,👥 Ankara 2025-08-12
2024-12-12 15:00:20+00:00,👥 Ankara 2025-08-14
2024-12-12 15:00:20+00:00,👥 Ankara 2025-08-12
2024-12-12 15:00:20+00:00,👥 Ankara 2025-08-12
2024-12-12 14:57:20+00:00,👤 Ankara 2025-08-14
2024-12-12 14:57:19+00:00,👤 Ankara 2025-08-12
2024-12-12 14:55:48+00:00,👥 Ankara 2025-08-14
2024-12-12 14:55:48+00:00,👥 Ankara 2025-08-12
2024-12-12 14:55:47+00:00,👥 Ankara 2025-08-14
2024-12-12 14:55:46+00:00,👥 Ankara 2025-08-12
2024-12-12 14:52:43+00:00,👤 Ankara 2025-08-14
2024-12-12 14:52:43+00:00,👤 Ankara 2025-08-12
2024-12-12 14:51:50+00:00,👥 Ankara 2025-08-14
2024-12-12 14:51:49+00:00,👥 Ankara 2025-08-12
2024-12-12 14:48:20+00:00,👥 Ankara 2025-08-14
2024-12-12 14:48:20+00:00,👥 Ankara 2025-08-12
2024-12-12 14:45:17+00:00,👥 Ankara 2025-08-14
2024-12-12 14:43:09+00:00,👥 Ankara 2025-08-12
2024-12-12 14:43:08+00:00,👥 Ankara 2025-08-11
2024-12-12 14:40:04+00:00,👥 Ankara 2025-08-12
2024-12-12 14:40:04+00:00,👥 Ankara 2025-08-11
2024-12-12 14:36:50+00:00,👤 Ankara 2025-08-12
2024-12-12 14:36:50+00:00,👤 Ankara 2025-08-11
2024-12-12 14:36:50+00:00,👥 Ankara 2025-08-12
2024-12-12 14:36:50+00:00,👥 Ankara 2025-08-11
2024-12-12 14:33:14+00:00,👥 Ankara 2025-08-12
2024-12-12 14:33:13+00:00,👥 Ankara 2025-08-11
2024-12-12 14:33:12+00:00,👤 Ankara 2025-08-12
2024-12-12 14:33:11+00:00,👤 Ankara 2025-08-11
2024-12-12 14:30:07+00:00,👤 Ankara 2025-08-12
2024-12-12 14:28:47+00:00,👥 Ankara 2025-08-12
2024-12-12 14:28:08+00:00,👥 Ankara 2025-08-11
2024-12-12 14:28:08+00:00,👤 Ankara 2025-08-11
2024-12-12 14:28:08+00:00,👥 Ankara 2025-08-08
2024-12-12 14:28:07+00:00,👤 Ankara 2025-08-08
2024-12-12 14:25:05+00:00,👥 Ankara 2025-08-11
2024-12-12 14:25:05+00:00,👥 Ankara 2025-08-08
2024-12-12 14:24:55+00:00,👤 Ankara 2025-08-11
2024-12-12 14:24:55+00:00,👤 Ankara 2025-08-08
2024-12-12 14:21:50+00:00,👤 Ankara 2025-08-11
2024-12-12 14:20:24+00:00,👤 Ankara 2025-07-30
2024-12-12 14:20:21+00:00,👥 Ankara 2025-07-30
2024-12-12 14:20:06+00:00,👥 Ankara 2025-08-11
2024-12-12 14:18:28+00:00,👤 Ankara 2025-08-08
2024-12-12 14:18:27+00:00,👤 Ankara 2025-08-07
2024-12-12 14:18:17+00:00,👥 Ankara 2025-08-08
2024-12-12 14:18:17+00:00,👥 Ankara 2025-08-07
2024-12-12 14:15:14+00:00,👤 Ankara 2025-08-07
2024-12-12 14:15:12+00:00,👤 Ankara 2025-08-08
2024-12-12 14:15:03+00:00,👥 Ankara 2025-08-08
2024-12-12 14:15:02+00:00,👥 Ankara 2025-08-07
2024-12-12 14:11:54+00:00,👥 Ankara 2025-08-08
2024-12-12 14:11:54+00:00,👥 Ankara 2025-08-07
2024-12-12 14:11:42+00:00,👤 Ankara 2025-08-08
2024-12-12 14:11:42+00:00,👤 Ankara 2025-08-07
2024-12-12 14:08:09+00:00,👤 Ankara 2025-08-08
2024-12-12 14:08:01+00:00,👥 Ankara 2025-08-08
2024-12-12 14:08:01+00:00,👥 Ankara 2025-08-07
2024-12-12 14:07:58+00:00,👤 Ankara 2025-08-07
2024-12-12 14:04:51+00:00,👤 Ankara 2025-08-08
2024-12-12 14:03:47+00:00,👥 Ankara 2025-08-08
2024-12-12 14:01:53+00:00,👤 Ankara 2025-08-07
2024-12-12 14:01:52+00:00,👤 Ankara 2025-08-06
2024-12-12 14:01:49+00:00,👥 Ankara 2025-08-07
2024-12-12 14:01:49+00:00,👥 Ankara 2025-08-06
2024-12-12 13:58:20+00:00,👥 Ankara 2025-08-07
2024-12-12 13:58:20+00:00,👥 Ankara 2025-08-06
2024-12-12 13:58:11+00:00,👤 Ankara 2025-08-07
2024-12-12 13:58:11+00:00,👤 Ankara 2025-08-06
2024-12-12 13:55:10+00:00,👥 Ankara 2025-08-07
2024-12-12 13:55:10+00:00,👥 Ankara 2025-08-06
2024-12-12 13:55:02+00:00,👤 Ankara 2025-08-07
2024-12-12 13:55:02+00:00,👤 Ankara 2025-08-06
2024-12-12 13:54:52+00:00,👥 Ankara 2025-08-07
2024-12-12 13:54:52+00:00,👥 Ankara 2025-08-06
2024-12-12 13:51:50+00:00,👤 Ankara 2025-08-07
2024-12-12 13:50:23+00:00,👥 Ankara 2025-08-07
2024-12-12 13:48:43+00:00,👤 Ankara 2025-08-06
2024-12-12 13:48:43+00:00,👤 Ankara 2025-08-05
2024-12-12 13:48:43+00:00,👥 Ankara 2025-08-06
2024-12-12 13:48:42+00:00,👥 Ankara 2025-08-05
2024-12-12 13:45:19+00:00,👤 Ankara 2025-07-08
2024-12-12 13:45:17+00:00,👥 Ankara 2025-07-08
2024-12-12 13:43:52+00:00,👥 Ankara 2025-08-06
2024-12-12 13:43:46+00:00,👥 Ankara 2025-08-05
2024-12-12 13:43:37+00:00,👤 Ankara 2025-08-06
2024-12-12 13:43:36+00:00,👤 Ankara 2025-08-05
2024-12-12 13:43:22+00:00,👥 Ankara 2025-08-06
2024-12-12 13:43:22+00:00,👥 Ankara 2025-08-05
2024-12-12 13:43:03+00:00,👤 Ankara 2025-08-06
2024-12-12 13:43:03+00:00,👤 Ankara 2025-08-05
2024-12-12 13:40:02+00:00,👥 Ankara 2025-08-06
2024-12-12 13:40:02+00:00,👥 Ankara 2025-08-05
2024-12-12 13:39:50+00:00,👤 Ankara 2025-08-06
2024-12-12 13:39:49+00:00,👤 Ankara 2025-08-05
2024-12-12 13:36:39+00:00,👤 Ankara 2025-08-06
2024-12-12 13:36:38+00:00,👤 Ankara 2025-08-05
2024-12-12 13:36:34+00:00,👥 Ankara 2025-08-06
2024-12-12 13:36:33+00:00,👥 Ankara 2025-08-05
2024-12-12 13:33:25+00:00,👤 Ankara 2025-08-06
2024-12-12 13:33:16+00:00,👥 Ankara 2025-08-06
2024-12-12 13:31:40+00:00,👤 Ankara 2025-08-05
2024-12-12 13:31:40+00:00,👤 Ankara 2025-08-04
2024-12-12 13:31:37+00:00,👥 Ankara 2025-08-05
2024-12-12 13:31:37+00:00,👥 Ankara 2025-08-04
2024-12-12 13:28:32+00:00,👥 Ankara 2025-08-05
2024-12-12 13:28:32+00:00,👥 Ankara 2025-08-04
2024-12-12 13:28:28+00:00,👤 Ankara 2025-08-05
2024-12-12 13:28:28+00:00,👤 Ankara 2025-08-04
2024-12-12 13:28:23+00:00,👤 Ankara 2025-08-05
2024-12-12 13:28:22+00:00,👤 Ankara 2025-08-04
2024-12-12 13:25:19+00:00,👤 Ankara 2025-08-01
2024-12-12 13:24:11+00:00,👤 Ankara 2025-08-05
2024-12-12 13:24:10+00:00,👤 Ankara 2025-08-04
2024-12-12 13:24:10+00:00,👥 Ankara 2025-08-05
2024-12-12 13:24:09+00:00,👥 Ankara 2025-08-04
2024-12-12 13:21:02+00:00,👥 Ankara 2025-08-05
2024-12-12 13:21:02+00:00,👤 Ankara 2025-08-05
2024-12-12 13:21:02+00:00,👥 Ankara 2025-08-04
2024-12-12 13:21:02+00:00,👤 Ankara 2025-08-04
2024-12-12 13:20:58+00:00,👤 Ankara 2025-08-04
2024-12-12 13:20:56+00:00,👥 Ankara 2025-08-05
2024-12-12 13:20:55+00:00,👤 Ankara 2025-08-05
2024-12-12 13:20:55+00:00,👥 Ankara 2025-08-04
2024-12-12 13:20:55+00:00,👤 Ankara 2025-08-04
2024-12-12 13:17:55+00:00,👥 Ankara 2025-08-05
2024-12-12 13:17:54+00:00,👤 Ankara 2025-08-05
2024-12-12 13:17:53+00:00,👤 Ankara 2025-08-04
2024-12-12 13:17:25+00:00,👥 Ankara 2025-08-04
2024-12-12 12:55:19+00:00,👤 Ankara 2025-08-26
2024-12-12 12:45:19+00:00,👤 Ankara 2025-04-22
2024-12-12 12:35:18+00:00,👤 Ankara 2025-08-07
2024-12-12 12:35:18+00:00,👤 Ankara 2025-07-14
2024-12-12 12:25:21+00:00,👥 Ankara 2025-06-30
2024-12-12 12:25:21+00:00,👥 Ankara 2025-05-15
2024-12-12 12:25:19+00:00,👤 Ankara 2025-06-30
2024-12-12 12:25:16+00:00,👤 Ankara 2025-05-15
2024-12-12 12:10:26+00:00,👥 Ankara 2025-07-24
2024-12-12 12:10:18+00:00,👤 Ankara 2025-07-24
2024-12-12 12:05:25+00:00,👥 Ankara 2025-07-01
2024-12-12 12:05:17+00:00,👤 Ankara 2025-07-01
2024-12-12 12:00:27+00:00,👤 Ankara 2025-08-01
2024-12-12 12:00:22+00:00,👥 Ankara 2025-08-01
2024-12-12 11:55:15+00:00,👤 İstanbul 2025-08-20
2024-12-12 11:45:50+00:00,👥 Ankara 2025-06-26
2024-12-12 11:45:42+00:00,👤 Ankara 2025-06-26
2024-12-12 11:45:27+00:00,👥 Ankara 2025-05-22
2024-12-12 11:45:22+00:00,👥 Ankara 2025-05-09
2024-12-12 11:45:16+00:00,👤 Ankara 2025-05-22
2024-12-12 11:45:16+00:00,👤 Ankara 2025-05-09
2024-12-12 11:25:19+00:00,👥 Ankara 2025-08-26
2024-12-12 11:25:19+00:00,👥 Ankara 2025-07-07
2024-12-12 11:25:17+00:00,👤 Ankara 2025-08-26
2024-12-12 11:25:17+00:00,👤 Ankara 2025-07-07
2024-12-12 11:15:20+00:00,👤 İstanbul 2025-07-02
2024-12-12 11:15:19+00:00,👥 Ankara 2025-06-24
2024-12-12 11:15:19+00:00,👤 Ankara 2025-06-24
2024-12-12 11:05:17+00:00,👤 Ankara 2025-07-14
2024-12-12 11:05:16+00:00,👤 Ankara 2025-08-11
2024-12-12 10:15:18+00:00,👤 İstanbul 2025-07-16
2024-12-12 10:15:17+00:00,👤 Ankara 2025-09-05
2024-12-12 10:15:16+00:00,👤 Ankara 2025-07-29
2024-12-12 10:10:19+00:00,👤 Ankara 2025-08-18
2024-12-12 09:50:17+00:00,👤 Ankara 2025-05-21
2024-12-12 09:50:16+00:00,👥 Ankara 2025-05-21
2024-12-12 09:45:17+00:00,👤 Ankara 2025-06-24
2024-12-12 09:45:15+00:00,👥 Ankara 2025-06-24
2024-12-12 09:25:18+00:00,👤 İstanbul 2025-09-02
2024-12-12 09:20:19+00:00,👥 Ankara 2025-08-08
2024-12-12 09:20:19+00:00,👥 Ankara 2025-04-28
2024-12-12 09:20:18+00:00,👤 Ankara 2025-08-08
2024-12-12 09:20:17+00:00,👤 Ankara 2025-04-28
2024-12-12 08:55:22+00:00,👤 Ankara 2025-07-31
2024-12-12 08:55:17+00:00,👥 Ankara 2025-07-31
2024-12-12 08:30:19+00:00,👤 Ankara 2025-07-29
2024-12-12 08:20:22+00:00,👤 Ankara 2025-07-30
2024-12-12 08:15:17+00:00,👤 Ankara 2025-07-09
2024-12-12 08:05:18+00:00,👤 Ankara 2025-05-09
2024-12-12 08:03:55+00:00,👤 Ankara 2025-09-03
2024-12-12 08:00:23+00:00,👥 Ankara 2025-09-03
2024-12-12 08:00:23+00:00,👤 Ankara 2025-09-03
2024-12-12 07:45:28+00:00,👥 Ankara 2025-08-12
2024-12-12 07:45:27+00:00,👥 Ankara 2025-06-16
2024-12-12 07:45:19+00:00,👤 Ankara 2025-08-12
2024-12-12 07:45:18+00:00,👤 Ankara 2025-06-16
2024-12-12 07:25:23+00:00,👥 Ankara 2025-07-08
2024-12-12 07:25:16+00:00,👤 Ankara 2025-07-08
2024-12-12 07:15:21+00:00,👥 Ankara 2025-09-02
2024-12-12 07:15:20+00:00,👥 Ankara 2025-04-21
2024-12-12 07:05:27+00:00,👤 Ankara 2025-07-30
2024-12-12 07:05:18+00:00,👥 Ankara 2025-07-30
2024-12-12 07:01:54+00:00,👥 Ankara 2025-08-28
2024-12-12 07:01:45+00:00,👤 Ankara 2025-08-28
2024-12-12 07:00:30+00:00,👤 Ankara 2025-07-31
2024-12-12 07:00:29+00:00,👤 Ankara 2025-07-14
2024-12-12 07:00:26+00:00,👥 Ankara 2025-07-14
2024-12-12 07:00:26+00:00,👥 Ankara 2025-07-31
2024-12-12 06:55:17+00:00,👥 Ankara 2025-07-31
2024-12-12 06:55:16+00:00,👥 Ankara 2025-03-27
2024-12-12 06:55:16+00:00,👤 Ankara 2025-07-31
2024-12-12 06:55:16+00:00,👤 Ankara 2025-03-27
2024-12-12 06:50:21+00:00,👥 Ankara 2025-07-22
2024-12-12 06:50:20+00:00,👥 Ankara 2025-04-10
2024-12-12 06:50:19+00:00,👤 Ankara 2025-07-22
2024-12-12 06:50:19+00:00,👤 Ankara 2025-04-10
2024-12-12 06:50:18+00:00,👤 Toronto 2025-03-20
2024-12-12 06:45:19+00:00,👤 Ankara 2025-08-11
2024-12-12 06:45:18+00:00,👥 Ankara 2025-08-11
2024-12-12 06:35:21+00:00,👥 Ankara 2025-07-30
2024-12-12 06:35:17+00:00,👤 Ankara 2025-07-30
2024-12-12 06:30:30+00:00,👤 Ankara 2025-07-16
2024-12-12 06:30:21+00:00,👥 Ankara 2025-07-16
2024-12-12 06:25:17+00:00,👤 Ankara 2025-07-31
2024-12-12 06:21:13+00:00,👥 Ankara 2025-08-12
2024-12-12 06:21:12+00:00,👥 Ankara 2025-08-11
2024-12-12 06:20:26+00:00,👤 Ankara 2025-08-12
2024-12-12 06:20:19+00:00,👤 Ankara 2025-08-11
2024-12-12 06:20:18+00:00,👤 Ankara 2025-07-07
2024-12-12 06:10:21+00:00,👤 Ankara 2025-07-31
2024-12-12 06:10:21+00:00,👤 Ankara 2025-07-10
2024-12-12 05:48:19+00:00,👤 Ankara 2025-09-02
2024-12-12 05:45:16+00:00,👤 İstanbul 2025-06-17
2024-12-12 05:45:16+00:00,👤 Ankara 2025-09-02
2024-12-12 05:40:18+00:00,👤 Toronto 2025-02-07
2024-12-12 05:40:18+00:00,👤 Ankara 2025-08-26
2024-12-12 05:35:16+00:00,👤 Ankara 2025-07-22
2024-12-12 05:35:16+00:00,👥 Ankara 2025-07-22
2024-12-12 05:34:07+00:00,👥 Ankara 2025-07-31
2024-12-12 05:33:35+00:00,👤 Ankara 2025-07-31
2024-12-12 05:30:31+00:00,👥 Ankara 2025-07-14
2024-12-12 05:30:27+00:00,👤 Ankara 2025-07-14
2024-12-12 05:30:22+00:00,👤 Ankara 2024-12-18
2024-12-12 05:30:22+00:00,👥 Ankara 2024-12-18
2024-12-12 05:30:19+00:00,👤 Ankara 2025-07-31
2024-12-12 05:30:19+00:00,👥 Ankara 2025-07-31
2024-12-12 05:15:18+00:00,👤 Toronto 2025-03-20
2024-12-12 05:05:20+00:00,👥 Ankara 2025-08-18
2024-12-12 05:05:20+00:00,👥 Ankara 2025-05-13
2024-12-12 04:58:40+00:00,👤 Ankara 2025-09-02
2024-12-12 04:58:19+00:00,👥 Ankara 2025-09-02
2024-12-12 04:55:17+00:00,👤 Ankara 2025-09-02
2024-12-12 04:55:17+00:00,👥 Ankara 2025-09-02
2024-12-12 04:50:21+00:00,👥 Ankara 2024-12-18
2024-12-12 04:40:20+00:00,👤 Ankara 2025-08-07
2024-12-12 04:40:19+00:00,👥 Ankara 2025-08-07
2024-12-12 04:25:17+00:00,👤 Ankara 2025-07-21
2024-12-12 04:25:17+00:00,👥 Ankara 2025-07-21
2024-12-12 04:15:18+00:00,👤 Ankara 2025-07-21
2024-12-12 04:15:18+00:00,👥 Ankara 2025-07-21
2024-12-12 04:10:21+00:00,👥 Ankara 2025-06-24
2024-12-12 04:10:19+00:00,👤 Ankara 2025-06-24
2024-12-12 04:05:19+00:00,👤 Ankara 2025-04-24
2024-12-12 04:05:17+00:00,👤 İstanbul 2025-05-07
2024-12-12 04:00:25+00:00,👥 Ankara 2025-06-30
2024-12-12 04:00:22+00:00,👤 Ankara 2025-06-30
2024-12-12 03:50:20+00:00,👥 Ankara 2025-09-04
2024-12-12 03:50:19+00:00,👤 Ankara 2025-09-04
2024-12-12 03:35:40+00:00,👥 Ankara 2025-08-22
2024-12-12 03:35:40+00:00,👤 Ankara 2025-08-22
2024-12-12 03:35:18+00:00,👥 Ankara 2025-06-26
2024-12-12 03:35:16+00:00,👤 Ankara 2025-06-26
2024-12-12 03:35:16+00:00,👤 Ankara 2025-08-21
2024-12-12 03:35:16+00:00,👥 Ankara 2025-08-21
2024-12-12 03:30:22+00:00,👥 Ankara 2025-05-05
2024-12-12 03:30:21+00:00,👥 Ankara 2025-07-14
2024-12-12 03:30:20+00:00,👤 Ankara 2025-05-05
2024-12-12 03:30:19+00:00,👤 Ankara 2025-07-14
2024-12-12 03:23:41+00:00,👤 Ankara 2025-08-07
2024-12-12 03:23:40+00:00,👤 Ankara 2025-07-22
2024-12-12 03:23:22+00:00,👥 Ankara 2025-08-07
2024-12-12 03:23:22+00:00,👥 Ankara 2025-07-22
2024-12-12 03:20:20+00:00,👥 Ankara 2025-08-07
2024-12-12 03:20:20+00:00,👥 Ankara 2025-07-22
2024-12-12 03:20:19+00:00,👤 Ankara 2025-08-07
2024-12-12 03:20:19+00:00,👤 Ankara 2025-07-22
2024-12-12 03:20:18+00:00,👤 Toronto 2025-02-07
2024-12-12 03:10:25+00:00,👥 Ankara 2025-08-28
2024-12-12 03:10:18+00:00,👥 Ankara 2025-07-21
2024-12-12 03:05:27+00:00,👥 Ankara 2025-08-15
2024-12-12 02:55:21+00:00,👥 Ankara 2025-08-11
2024-12-12 02:55:21+00:00,👥 Ankara 2025-05-05
2024-12-12 02:45:24+00:00,👥 Ankara 2025-07-07
2024-12-12 02:45:20+00:00,👤 Ankara 2025-07-07
2024-12-12 02:40:26+00:00,👤 Ankara 2025-07-17
2024-12-12 02:40:18+00:00,👥 Ankara 2025-07-17
2024-12-12 02:35:27+00:00,👤 Ankara 2025-06-30
2024-12-12 02:35:21+00:00,👥 Ankara 2025-06-30
2024-12-12 02:25:24+00:00,👤 Ankara 2025-07-02
2024-12-12 02:25:20+00:00,👥 Ankara 2025-07-02
2024-12-12 02:20:20+00:00,👤 Ankara 2025-07-24
2024-12-12 02:20:18+00:00,👥 Ankara 2025-07-24
2024-12-12 02:10:22+00:00,👤 Ankara 2025-08-08
2024-12-12 02:10:22+00:00,👥 Ankara 2025-08-08
2024-12-12 02:10:21+00:00,👤 Ankara 2025-04-07
2024-12-12 02:10:20+00:00,👥 Ankara 2025-05-12
2024-12-12 02:10:19+00:00,👥 Ankara 2025-04-07
2024-12-12 02:10:17+00:00,👤 Ankara 2025-05-12
2024-12-12 02:00:24+00:00,👥 Ankara 2025-08-07
2024-12-12 02:00:23+00:00,👥 Ankara 2025-05-05
2024-12-12 02:00:23+00:00,👤 Ankara 2025-08-07
2024-12-12 02:00:23+00:00,👤 Ankara 2025-05-05
2024-12-12 01:55:17+00:00,👤 Ankara 2025-03-25
2024-12-12 01:53:30+00:00,👥 Ankara 2025-07-21
2024-12-12 01:53:28+00:00,👤 Ankara 2025-07-21
2024-12-12 01:50:20+00:00,👥 Ankara 2025-07-21
2024-12-12 01:50:20+00:00,👥 Ankara 2025-07-07
2024-12-12 01:50:19+00:00,👤 Toronto 2025-02-07
2024-12-12 01:50:18+00:00,👤 Ankara 2025-07-21
2024-12-12 01:50:17+00:00,👤 Ankara 2025-07-07
2024-12-12 01:45:18+00:00,👤 Ankara 2025-08-26
2024-12-12 01:45:18+00:00,👥 Ankara 2025-08-26
2024-12-12 01:45:18+00:00,👤 Ankara 2025-06-16
2024-12-12 01:36:47+00:00,👤 Ankara 2025-08-08
2024-12-12 01:33:31+00:00,👤 Ankara 2025-08-08
2024-12-12 01:30:22+00:00,👤 İstanbul 2025-06-16
2024-12-12 01:28:47+00:00,👤 Ankara 2025-08-08
2024-12-12 01:25:19+00:00,👤 Ankara 2025-03-20
2024-12-12 01:25:16+00:00,👤 Ankara 2025-07-09
2024-12-12 01:23:23+00:00,👤 Ankara 2025-08-08
2024-12-12 01:20:19+00:00,👤 Ankara 2025-07-21
2024-12-12 01:18:12+00:00,👤 Ankara 2025-08-08
2024-12-12 01:15:18+00:00,👤 Ankara 2025-07-30
2024-12-12 01:15:16+00:00,👤 Ankara 2025-07-16
2024-12-12 01:00:23+00:00,👥 Ankara 2025-07-16
2024-12-12 00:50:18+00:00,👥 Ankara 2025-07-01
2024-12-12 00:30:25+00:00,👤 Ankara 2025-05-22
2024-12-12 00:30:25+00:00,👥 Ankara 2025-05-22
2024-12-12 00:29:26+00:00,👤 Ankara 2025-09-03
2024-12-12 00:28:24+00:00,👥 Ankara 2025-09-03
2024-12-12 00:25:22+00:00,👤 Ankara 2025-09-03
2024-12-12 00:25:18+00:00,👥 Ankara 2025-09-03
2024-12-12 00:25:18+00:00,👤 Ankara 2025-09-03
2024-12-12 00:25:16+00:00,👥 Ankara 2025-09-03
2024-12-12 00:25:14+00:00,👤 Ankara 2025-09-03
2024-12-12 00:22:10+00:00,👥 Ankara 2025-09-03
2024-12-12 00:22:09+00:00,👤 Ankara 2025-09-03
2024-12-12 00:19:08+00:00,👥 Ankara 2025-09-03
2024-12-12 00:18:19+00:00,👤 Ankara 2025-09-03
2024-12-12 00:15:18+00:00,👥 Ankara 2025-09-03
2024-12-12 00:15:16+00:00,👤 Ankara 2025-09-03
2024-12-12 00:10:18+00:00,👤 İstanbul 2025-08-20
2024-12-12 00:05:17+00:00,👤 Ankara 2025-07-31
2024-12-12 00:03:48+00:00,👤 Ankara 2025-08-11
2024-12-12 00:03:47+00:00,👥 Ankara 2025-08-11
2024-12-12 00:00:27+00:00,👤 Ankara 2025-08-11
2024-12-12 00:00:25+00:00,👥 Ankara 2025-08-11
2024-12-11 23:55:16+00:00,👥 Ankara 2025-07-22
2024-12-11 23:55:15+00:00,👤 Ankara 2025-07-22
2024-12-11 23:50:17+00:00,👤 Ankara 2025-04-24
2024-12-11 23:40:52+00:00,👤 Ankara 2025-08-26
2024-12-11 23:40:18+00:00,👤 Ankara 2025-07-31
2024-12-11 23:40:18+00:00,👤 Ankara 2025-07-01
2024-12-11 23:25:35+00:00,👥 Ankara 2025-08-07
2024-12-11 23:25:17+00:00,👤 Ankara 2025-08-07
2024-12-11 23:20:22+00:00,👥 Ankara 2025-06-16
2024-12-11 23:20:19+00:00,👤 Ankara 2025-06-16
2024-12-11 23:15:18+00:00,👥 Ankara 2025-07-30
2024-12-11 23:15:16+00:00,👤 Ankara 2025-07-30
2024-12-11 23:10:46+00:00,👤 Ankara 2025-07-31
2024-12-11 23:10:20+00:00,👥 Ankara 2025-07-31
2024-12-11 23:05:18+00:00,👥 Ankara 2025-07-10
2024-12-11 23:00:26+00:00,👥 Ankara 2025-07-21
2024-12-11 22:50:19+00:00,👥 Ankara 2025-08-12
2024-12-11 22:25:18+00:00,👥 Ankara 2025-08-12
2024-12-11 22:25:16+00:00,👤 Ankara 2025-08-12
2024-12-11 22:20:26+00:00,👥 Ankara 2025-07-29
2024-12-11 22:20:21+00:00,👤 Ankara 2025-07-29
2024-12-11 22:15:18+00:00,👥 Ankara 2025-07-21
2024-12-11 22:15:18+00:00,👤 Ankara 2025-07-21
2024-12-11 22:15:18+00:00,👥 Ankara 2025-07-09
2024-12-11 22:15:17+00:00,👤 Ankara 2025-07-09
2024-12-11 22:05:23+00:00,👥 Ankara 2025-08-22
2024-12-11 22:05:18+00:00,👤 Ankara 2025-09-05
2024-12-11 22:05:17+00:00,👤 Ankara 2025-08-22
2024-12-11 22:05:16+00:00,👥 Ankara 2025-09-05
2024-12-11 22:00:24+00:00,👥 Ankara 2025-08-18
2024-12-11 22:00:22+00:00,👤 Ankara 2025-08-18
2024-12-11 22:00:22+00:00,👤 Ankara 2025-07-31
2024-12-11 22:00:21+00:00,👥 Ankara 2025-07-31
2024-12-11 21:55:18+00:00,👥 Ankara 2025-07-31
2024-12-11 21:55:17+00:00,👤 Ankara 2025-07-31
2024-12-11 21:50:21+00:00,👥 Ankara 2025-08-01
2024-12-11 21:50:18+00:00,👤 Ankara 2025-04-07
2024-12-11 21:50:16+00:00,👤 Ankara 2025-08-01
2024-12-11 21:45:21+00:00,👥 Ankara 2025-04-22
2024-12-11 21:45:21+00:00,👤 Ankara 2025-04-22
2024-12-11 21:45:16+00:00,👥 Ankara 2025-07-31
2024-12-11 21:45:16+00:00,👥 Ankara 2025-04-10
2024-12-11 21:45:16+00:00,👤 Ankara 2025-07-31
2024-12-11 21:45:16+00:00,👤 Ankara 2025-07-31
2024-12-11 21:45:16+00:00,👤 Ankara 2025-04-10
2024-12-11 21:35:18+00:00,👤 Ankara 2025-09-03
2024-12-11 21:35:18+00:00,👤 Ankara 2025-07-02
2024-12-11 21:35:17+00:00,👥 Ankara 2025-09-03
2024-12-11 21:35:17+00:00,👥 Ankara 2025-07-02
2024-12-11 21:25:17+00:00,👥 Ankara 2025-07-31
2024-12-11 21:25:17+00:00,👤 Ankara 2025-07-31
2024-12-11 21:20:18+00:00,👥 Ankara 2025-04-08
2024-12-11 21:20:18+00:00,👤 Ankara 2025-04-08
2024-12-11 21:15:19+00:00,👤 ❌ Ankara 2025-01-24
2024-12-11 21:15:17+00:00,👥 Ankara 2025-07-29
2024-12-11 21:15:17+00:00,👤 Ankara 2025-07-29
2024-12-11 21:10:19+00:00,👥 Ankara 2025-07-25
2024-12-11 21:10:17+00:00,👤 Ankara 2025-07-25
2024-12-11 21:06:59+00:00,👤 Ankara 2025-09-05
2024-12-11 21:06:36+00:00,👥 Ankara 2025-09-05
2024-12-11 21:05:18+00:00,👤 Ankara 2025-08-01
2024-12-11 21:05:17+00:00,👤 Ankara 2025-07-31
2024-12-11 21:05:17+00:00,👥 Ankara 2025-08-01
2024-12-11 21:05:16+00:00,👥 Ankara 2025-07-31
2024-12-11 20:55:23+00:00,👤 Ankara 2025-08-26
2024-12-11 20:55:22+00:00,👥 Ankara 2025-08-26
2024-12-11 20:55:20+00:00,👥 Ankara 2025-08-19
2024-12-11 20:55:19+00:00,👥 Ankara 2025-04-22
2024-12-11 20:55:17+00:00,👤 Ankara 2025-08-19
2024-12-11 20:55:16+00:00,👤 Ankara 2025-04-22
2024-12-11 20:50:21+00:00,👥 Ankara 2025-07-24
2024-12-11 20:50:20+00:00,👥 Ankara 2025-04-24
2024-12-11 20:50:20+00:00,👤 Ankara 2025-07-24
2024-12-11 20:50:19+00:00,👤 Ankara 2025-04-24
2024-12-11 20:45:18+00:00,👤 Ankara 2025-06-30
2024-12-11 20:45:18+00:00,👥 Ankara 2025-06-30
2024-12-11 20:40:17+00:00,👤 Ankara 2025-04-24
2024-12-11 20:40:17+00:00,👥 Ankara 2025-04-24
2024-12-11 20:35:26+00:00,👥 Ankara 2025-08-11
2024-12-11 20:35:22+00:00,👤 Ankara 2025-08-11
2024-12-11 20:35:22+00:00,👤 Ankara 2025-03-25
2024-12-11 20:25:21+00:00,👤 Ankara 2025-07-30
2024-12-11 20:25:21+00:00,👤 Ankara 2025-05-05
2024-12-11 20:15:20+00:00,👤 Ankara 2025-07-24
2024-12-11 20:10:26+00:00,👤 Ankara 2025-09-03
2024-12-11 20:00:23+00:00,👤 Ankara 2025-04-15
2024-12-11 19:45:20+00:00,👤 İstanbul 2025-09-02
2024-12-11 19:45:17+00:00,👤 Ankara 2025-04-24
2024-12-11 19:40:21+00:00,👤 Ankara 2025-08-26
2024-12-11 19:40:20+00:00,👤 Ankara 2025-08-11
2024-12-11 19:40:17+00:00,👥 Ankara 2025-08-26
2024-12-11 19:40:16+00:00,👥 Ankara 2025-08-11
2024-12-11 19:30:26+00:00,👤 Ankara 2025-04-10
2024-12-11 19:30:25+00:00,👤 Ankara 2025-09-02
2024-12-11 19:30:21+00:00,👥 Ankara 2025-09-02
2024-12-11 19:30:21+00:00,👥 Ankara 2025-04-10
2024-12-11 19:25:16+00:00,👥 Ankara 2025-07-24
2024-12-11 19:25:16+00:00,👤 Ankara 2025-07-24
2024-12-11 19:15:27+00:00,👤 Ankara 2025-03-13
2024-12-11 19:10:59+00:00,👤 Ankara 2025-09-03
2024-12-11 19:10:44+00:00,👤 Ankara 2025-07-29
2024-12-11 19:10:26+00:00,👤 Ankara 2025-07-22
2024-12-11 19:10:24+00:00,👥 Ankara 2025-07-08
2024-12-11 19:10:21+00:00,👥 Ankara 2025-03-24
2024-12-11 19:10:20+00:00,👤 Ankara 2025-07-08
2024-12-11 19:10:20+00:00,👤 Ankara 2025-03-24
2024-12-11 19:10:18+00:00,👥 Ankara 2025-09-03
2024-12-11 19:10:18+00:00,👥 Ankara 2025-07-22
2024-12-11 19:05:18+00:00,👥 Ankara 2025-08-08
2024-12-11 19:05:18+00:00,👤 Ankara 2025-08-08
2024-12-11 19:05:16+00:00,👤 Ankara 2025-07-28
2024-12-11 19:05:16+00:00,👥 Ankara 2025-07-28
2024-12-11 19:00:27+00:00,👥 Ankara 2025-07-30
2024-12-11 19:00:23+00:00,👥 Ankara 2025-07-28
2024-12-11 19:00:22+00:00,👤 Ankara 2025-07-28
2024-12-11 19:00:21+00:00,👤 Ankara 2025-07-30
2024-12-11 18:55:29+00:00,👥 Ankara 2025-09-04
2024-12-11 18:55:27+00:00,👤 Ankara 2025-09-04
2024-12-11 18:55:24+00:00,👤 Ankara 2025-07-02
2024-12-11 18:55:23+00:00,👥 Ankara 2025-07-02
2024-12-11 18:55:21+00:00,👥 Ankara 2025-05-22
2024-12-11 18:55:21+00:00,👤 Ankara 2025-05-22
2024-12-11 18:55:16+00:00,👥 Ankara 2025-04-24
2024-12-11 18:55:16+00:00,👤 Ankara 2025-04-24
2024-12-11 18:55:16+00:00,👤 Ankara 2025-04-15
2024-12-11 18:55:16+00:00,👥 Ankara 2025-04-15
2024-12-11 18:45:34+00:00,👤 Ankara 2025-09-02
2024-12-11 18:45:18+00:00,👥 Ankara 2025-09-02
2024-12-11 18:45:17+00:00,👤 Ankara 2025-08-01
2024-12-11 18:45:16+00:00,👤 Ankara 2025-07-02
2024-12-11 18:40:26+00:00,👤 Ankara 2025-09-04
2024-12-11 18:40:20+00:00,👤 Ankara 2025-07-28
2024-12-11 18:40:19+00:00,👤 Ankara 2025-07-25
2024-12-11 18:40:18+00:00,👥 Ankara 2025-07-25
2024-12-11 18:35:22+00:00,👤 Ankara 2025-07-02
2024-12-11 18:30:20+00:00,👤 Ankara 2025-08-19
2024-12-11 18:10:20+00:00,👥 Ankara 2025-05-21
2024-12-11 18:10:19+00:00,👤 Ankara 2025-05-21
2024-12-11 18:05:23+00:00,👤 Ankara 2025-07-31
2024-12-11 18:05:17+00:00,👥 Ankara 2025-07-31
2024-12-11 18:00:27+00:00,👤 Ankara 2025-07-31
2024-12-11 18:00:26+00:00,👤 Ankara 2025-06-16
2024-12-11 17:55:17+00:00,👤 Ankara 2025-07-22
2024-12-11 17:50:18+00:00,👤 Ankara 2025-07-29
2024-12-11 17:50:18+00:00,👤 Ankara 2025-04-15
2024-12-11 17:45:16+00:00,👤 Ankara 2025-08-07
2024-12-11 17:45:16+00:00,👥 Ankara 2025-08-07
2024-12-11 17:31:50+00:00,👥 Ankara 2025-09-05
2024-12-11 17:30:39+00:00,👤 Ankara 2025-03-03
2024-12-11 17:30:26+00:00,👤 Ankara 2025-09-05
2024-12-11 17:25:19+00:00,👥 Ankara 2025-08-14
2024-12-11 17:25:19+00:00,👥 Ankara 2025-04-07
2024-12-11 17:25:17+00:00,👤 Ankara 2025-08-14
2024-12-11 17:25:17+00:00,👤 Ankara 2025-04-07
2024-12-11 17:20:19+00:00,👤 Ankara 2025-05-12
2024-12-11 17:15:23+00:00,👤 Ankara 2025-08-08
2024-12-11 17:15:19+00:00,👤 Ankara 2025-04-24
2024-12-11 17:15:19+00:00,👤 İstanbul 2025-06-26
2024-12-11 17:15:18+00:00,👥 Ankara 2025-08-08
2024-12-11 17:15:17+00:00,👥 Ankara 2025-08-08
2024-12-11 17:15:17+00:00,👥 Ankara 2025-04-24
2024-12-11 17:10:21+00:00,👤 Ankara 2025-08-28
2024-12-11 17:10:19+00:00,👥 Ankara 2025-08-28
2024-12-11 17:00:23+00:00,👤 Ankara 2025-07-29
2024-12-11 17:00:23+00:00,👥 Ankara 2025-07-29
2024-12-11 16:57:13+00:00,👤 Ankara 2025-08-28
2024-12-11 16:57:07+00:00,👥 Ankara 2025-08-28
2024-12-11 16:56:52+00:00,👥 Ankara 2025-08-26
2024-12-11 16:56:52+00:00,👥 Ankara 2025-08-25
2024-12-11 16:56:00+00:00,👤 Ankara 2025-08-26
2024-12-11 16:55:18+00:00,👤 Ankara 2025-08-25
2024-12-11 16:55:17+00:00,👤 Ankara 2025-08-11
2024-12-11 16:45:37+00:00,👤 Ankara 2025-09-04
2024-12-11 16:45:23+00:00,👤 Ankara 2025-07-21
2024-12-11 16:45:20+00:00,👥 Ankara 2025-09-04
2024-12-11 16:45:18+00:00,👥 Ankara 2025-07-09
2024-12-11 16:45:17+00:00,👥 Ankara 2025-03-28
2024-12-11 16:45:17+00:00,👤 Ankara 2025-03-28
2024-12-11 16:45:16+00:00,👤 Ankara 2025-07-09
2024-12-11 16:35:17+00:00,👤 Ankara 2025-07-31
2024-12-11 16:35:17+00:00,👤 Ankara 2025-07-21
2024-12-11 16:30:20+00:00,👤 Ankara 2025-07-17
2024-12-11 16:30:19+00:00,👤 Ankara 2025-05-09
2024-12-11 16:25:55+00:00,👤 Ankara 2025-09-04
2024-12-11 16:25:30+00:00,👤 Ankara 2025-07-09
2024-12-11 16:25:18+00:00,👤 Ankara 2025-07-08
2024-12-11 16:25:18+00:00,👤 Ankara 2025-07-02
2024-12-11 16:15:18+00:00,👤 Ankara 2025-07-01
2024-12-11 16:10:24+00:00,👤 Ankara 2025-07-31
2024-12-11 16:10:23+00:00,👤 Ankara 2025-07-22
2024-12-11 16:10:21+00:00,👥 Ankara 2025-07-31
2024-12-11 16:05:24+00:00,👥 Ankara 2025-08-28
2024-12-11 16:00:22+00:00,👤 Ankara 2025-04-07
2024-12-11 15:55:16+00:00,👥 Ankara 2025-03-11
2024-12-11 15:50:17+00:00,👥 Ankara 2025-07-02
2024-12-11 15:50:16+00:00,👤 Ankara 2025-07-02
2024-12-11 15:40:18+00:00,👥 Ankara 2025-08-26
2024-12-11 15:40:18+00:00,👤 Ankara 2025-08-26
2024-12-11 15:30:23+00:00,👥 Ankara 2025-04-07
2024-12-11 15:30:21+00:00,👤 Ankara 2025-04-07
2024-12-11 15:25:17+00:00,👤 Ankara 2025-07-07
2024-12-11 15:25:17+00:00,👥 Ankara 2025-07-07
2024-12-11 15:20:25+00:00,👤 Ankara 2025-08-07
2024-12-11 15:20:23+00:00,👤 Ankara 2025-02-24
2024-12-11 15:20:17+00:00,👥 Ankara 2025-08-07
2024-12-11 15:20:17+00:00,👥 Ankara 2025-02-24
2024-12-11 15:10:18+00:00,👥 Ankara 2025-06-24
2024-12-11 15:10:18+00:00,👤 Ankara 2025-06-24
2024-12-11 15:10:18+00:00,👥 Ankara 2025-03-11
2024-12-11 15:10:18+00:00,👤 Ankara 2025-03-11
2024-12-11 15:05:26+00:00,👥 Ankara 2025-09-03
2024-12-11 15:05:17+00:00,👤 Ankara 2025-09-03
2024-12-11 14:45:18+00:00,👥 Ankara 2025-08-25
2024-12-11 14:45:17+00:00,👥 Ankara 2025-07-02
2024-12-11 14:45:16+00:00,👤 Ankara 2025-08-25
2024-12-11 14:45:16+00:00,👤 Ankara 2025-07-02
2024-12-11 14:30:25+00:00,👥 Ankara 2025-03-28
2024-12-11 14:30:22+00:00,👤 Ankara 2025-03-28
2024-12-11 14:20:23+00:00,👥 Ankara 2025-04-24
2024-12-11 14:20:21+00:00,👤 Ankara 2025-04-24
2024-12-11 14:10:30+00:00,👥 Ankara 2025-09-03
2024-12-11 14:10:30+00:00,👥 Ankara 2025-08-26
2024-12-11 14:10:19+00:00,👤 Ankara 2025-09-03
2024-12-11 14:10:19+00:00,👤 Ankara 2025-08-26
2024-12-11 13:35:21+00:00,👤 Ankara 2025-07-16
2024-12-11 12:40:20+00:00,👤 Ankara 2025-07-31
2024-12-11 12:30:40+00:00,👤 Ankara 2025-07-14
2024-12-11 12:24:08+00:00,👥 Ankara 2025-08-01
2024-12-11 12:20:26+00:00,👥 Ankara 2025-08-01
2024-12-11 12:20:19+00:00,👥 Ankara 2025-08-01
2024-12-11 12:17:17+00:00,👥 Ankara 2025-08-01
2024-12-11 12:13:34+00:00,👥 Ankara 2025-08-01
2024-12-11 12:13:34+00:00,👥 Ankara 2025-07-31
2024-12-11 12:10:20+00:00,👥 Ankara 2025-07-07
2024-12-11 12:09:30+00:00,👥 Ankara 2025-08-01
2024-12-11 12:09:30+00:00,👥 Ankara 2025-07-31
2024-12-11 12:06:28+00:00,👥 Ankara 2025-08-01
2024-12-11 12:06:28+00:00,👥 Ankara 2025-07-31
2024-12-11 12:02:54+00:00,👥 Ankara 2025-08-01
2024-12-11 12:02:54+00:00,👥 Ankara 2025-07-31
2024-12-11 11:59:16+00:00,👤 Ankara 2025-08-01
2024-12-11 11:58:34+00:00,👥 Ankara 2025-08-01
2024-12-11 11:56:06+00:00,👥 Ankara 2025-07-31
2024-12-11 11:56:05+00:00,👥 Ankara 2025-07-30
2024-12-11 11:55:55+00:00,👤 Ankara 2025-07-31
2024-12-11 11:55:55+00:00,👤 Ankara 2025-07-30
2024-12-11 11:55:54+00:00,👥 Ankara 2025-07-31
2024-12-11 11:55:54+00:00,👥 Ankara 2025-07-30
2024-12-11 11:52:51+00:00,👤 Ankara 2025-07-31
2024-12-11 11:52:51+00:00,👤 Ankara 2025-07-30
2024-12-11 11:52:30+00:00,👥 Ankara 2025-07-31
2024-12-11 11:52:30+00:00,👥 Ankara 2025-07-30
2024-12-11 11:49:08+00:00,👤 Ankara 2025-07-31
2024-12-11 11:49:08+00:00,👤 Ankara 2025-07-30
2024-12-11 11:48:56+00:00,👥 Ankara 2025-07-31
2024-12-11 11:48:56+00:00,👥 Ankara 2025-07-30
2024-12-11 11:45:58+00:00,👤 Ankara 2025-07-31
2024-12-11 11:45:54+00:00,👤 Ankara 2025-07-30
2024-12-11 11:45:53+00:00,👥 Ankara 2025-07-31
2024-12-11 11:45:53+00:00,👥 Ankara 2025-07-30
2024-12-11 11:45:53+00:00,👥 Ankara 2025-07-31
2024-12-11 11:45:52+00:00,👥 Ankara 2025-07-30
2024-12-11 11:45:49+00:00,👤 Ankara 2025-07-31
2024-12-11 11:45:49+00:00,👤 Ankara 2025-07-30
2024-12-11 11:45:49+00:00,👤 Ankara 2025-07-30
2024-12-11 11:45:48+00:00,👥 Ankara 2025-07-31
2024-12-11 11:45:47+00:00,👥 Ankara 2025-07-30
2024-12-11 11:42:47+00:00,👤 Ankara 2025-07-31
2024-12-11 11:42:47+00:00,👤 Ankara 2025-07-30
2024-12-11 11:42:45+00:00,👥 Ankara 2025-07-31
2024-12-11 11:42:45+00:00,👥 Ankara 2025-07-30
2024-12-11 11:39:44+00:00,👤 Ankara 2025-07-31
2024-12-11 11:39:12+00:00,👥 Ankara 2025-07-31
2024-12-11 11:37:43+00:00,👤 Ankara 2025-07-30
2024-12-11 11:37:43+00:00,👤 Ankara 2025-07-29
2024-12-11 11:37:42+00:00,👥 Ankara 2025-07-30
2024-12-11 11:37:41+00:00,👥 Ankara 2025-07-29
2024-12-11 11:34:38+00:00,👥 Ankara 2025-07-30
2024-12-11 11:34:38+00:00,👥 Ankara 2025-07-29
2024-12-11 11:34:37+00:00,👤 Ankara 2025-07-30
2024-12-11 11:34:36+00:00,👤 Ankara 2025-07-29
2024-12-11 11:31:34+00:00,👤 Ankara 2025-07-30
2024-12-11 11:30:46+00:00,👥 Ankara 2025-07-30
2024-12-11 11:28:29+00:00,👥 Ankara 2025-07-29
2024-12-11 11:28:28+00:00,👥 Ankara 2025-07-28
2024-12-11 11:28:12+00:00,👤 Ankara 2025-07-29
2024-12-11 11:28:12+00:00,👤 Ankara 2025-07-28
2024-12-11 11:25:04+00:00,👤 Ankara 2025-07-29
2024-12-11 11:25:04+00:00,👤 Ankara 2025-07-28
2024-12-11 11:25:02+00:00,👥 Ankara 2025-07-29
2024-12-11 11:25:01+00:00,👥 Ankara 2025-07-28
2024-12-11 11:21:57+00:00,👤 Ankara 2025-07-29
2024-12-11 11:21:57+00:00,👤 Ankara 2025-07-28
2024-12-11 11:21:52+00:00,👥 Ankara 2025-07-29
2024-12-11 11:21:51+00:00,👥 Ankara 2025-07-28
2024-12-11 11:18:22+00:00,👤 ❌ Ankara 2025-08-01
2024-12-11 11:16:59+00:00,👤 Ankara 2025-07-29
2024-12-11 11:16:56+00:00,👥 Ankara 2025-07-29
2024-12-11 11:15:45+00:00,👤 Ankara 2025-07-28
2024-12-11 11:15:44+00:00,👥 Ankara 2025-07-28
2024-12-11 11:10:20+00:00,👤 Ankara 2025-03-21
2024-12-11 11:05:17+00:00,👤 İstanbul 2025-03-19
2024-12-11 10:55:18+00:00,👥 Ankara 2025-07-14
2024-12-11 10:55:15+00:00,👤 Ankara 2025-07-14
2024-12-11 10:53:12+00:00,👤 Ankara 2025-07-25
2024-12-11 10:52:46+00:00,👥 Ankara 2025-07-25
2024-12-11 10:49:38+00:00,👤 Ankara 2025-07-25
2024-12-11 10:49:37+00:00,👤 Ankara 2025-07-24
2024-12-11 10:49:27+00:00,👥 Ankara 2025-07-25
2024-12-11 10:49:26+00:00,👥 Ankara 2025-07-24
2024-12-11 10:46:20+00:00,👤 Ankara 2025-07-25
2024-12-11 10:46:20+00:00,👤 Ankara 2025-07-24
2024-12-11 10:44:18+00:00,👥 Ankara 2025-07-25
2024-12-11 10:42:31+00:00,👥 Ankara 2025-07-24
2024-12-11 10:42:31+00:00,👥 Ankara 2025-07-22
2024-12-11 10:39:22+00:00,👤 Ankara 2025-07-24
2024-12-11 10:39:20+00:00,👥 Ankara 2025-07-24
2024-12-11 10:38:28+00:00,👤 Ankara 2025-07-22
2024-12-11 10:38:28+00:00,👤 Ankara 2025-07-21
2024-12-11 10:38:18+00:00,👥 Ankara 2025-07-22
2024-12-11 10:38:18+00:00,👥 Ankara 2025-07-21
2024-12-11 10:35:09+00:00,👥 Ankara 2025-07-22
2024-12-11 10:35:09+00:00,👥 Ankara 2025-07-21
2024-12-11 10:33:26+00:00,👤 Ankara 2025-07-22
2024-12-11 10:33:26+00:00,👤 Ankara 2025-07-21
2024-12-11 10:30:24+00:00,👤 Ankara 2025-03-06
2024-12-11 10:28:59+00:00,👤 Ankara 2025-07-22
2024-12-11 10:28:51+00:00,👥 Ankara 2025-07-22
2024-12-11 10:28:06+00:00,👤 Ankara 2025-07-21
2024-12-11 10:27:54+00:00,👥 Ankara 2025-07-21
2024-12-11 10:25:21+00:00,👤 Ankara 2025-08-22
2024-12-11 10:15:16+00:00,👤 Ankara 2025-05-22
2024-12-11 09:50:18+00:00,👥 Ankara 2025-03-05
2024-12-11 09:50:17+00:00,👤 Ankara 2025-03-05
2024-12-11 09:25:19+00:00,👤 Ankara 2025-07-18
2024-12-11 09:25:18+00:00,👥 Ankara 2025-07-18
2024-12-11 09:10:18+00:00,👤 Ankara 2025-09-04
2024-12-11 09:10:17+00:00,👤 Ankara 2025-07-01
2024-12-11 08:50:18+00:00,👤 Ankara 2025-08-05
2024-12-11 08:30:23+00:00,👥 Ankara 2025-07-28
2024-12-11 08:30:19+00:00,👤 Ankara 2025-07-28
2024-12-11 08:25:20+00:00,👥 Ankara 2025-08-28
2024-12-11 08:25:19+00:00,👤 Ankara 2025-08-28
2024-12-11 08:05:17+00:00,👤 Ankara 2025-07-08
2024-12-11 08:00:22+00:00,👤 Ankara 2025-08-15
2024-12-11 08:00:22+00:00,👤 Ankara 2025-07-03
2024-12-11 07:20:25+00:00,👥 Ankara 2025-04-28
2024-12-11 07:20:19+00:00,👤 Ankara 2025-04-28
2024-12-11 06:30:24+00:00,👤 Ankara 2025-07-18
2024-12-11 06:10:19+00:00,👤 Ankara 2025-07-10
2024-12-11 06:00:26+00:00,👥 Ankara 2025-07-25
2024-12-11 06:00:25+00:00,👥 Ankara 2025-06-24
2024-12-11 06:00:21+00:00,👤 Ankara 2025-06-24
2024-12-11 06:00:21+00:00,👤 Ankara 2025-07-25
2024-12-11 05:55:18+00:00,👤 Ankara 2025-09-05
2024-12-11 05:55:18+00:00,👥 Ankara 2025-09-05
2024-12-11 05:50:20+00:00,👥 Ankara 2025-07-08
2024-12-11 05:50:17+00:00,👤 Ankara 2025-07-08
2024-12-11 05:30:21+00:00,👤 Ankara 2025-03-24
2024-12-11 05:30:21+00:00,👤 İstanbul 2025-05-07
2024-12-11 05:15:19+00:00,👥 Ankara 2025-08-07
2024-12-11 05:15:18+00:00,👤 Ankara 2025-08-07
2024-12-11 04:25:22+00:00,👥 Ankara 2025-07-07
2024-12-11 04:25:16+00:00,👤 Ankara 2025-07-07
2024-12-11 04:10:19+00:00,👤 Ankara 2025-08-05
2024-12-11 04:00:25+00:00,👥 Ankara 2025-06-18
2024-12-11 03:45:20+00:00,👤 Ankara 2025-06-17
2024-12-11 03:40:17+00:00,👤 Ankara 2025-08-14
2024-12-11 03:25:16+00:00,👥 Ankara 2025-08-01
2024-12-11 02:45:22+00:00,👤 Ankara 2025-07-31
2024-12-11 02:35:17+00:00,👤 Ankara 2025-06-10
2024-12-11 02:25:19+00:00,👤 Ankara 2025-06-24
2024-12-11 02:00:01+00:00,👥 Ankara 2025-07-22
2024-12-11 01:59:54+00:00,👤 Ankara 2025-07-22
2024-12-11 01:56:49+00:00,👤 Ankara 2025-07-22
2024-12-11 01:55:49+00:00,👥 Ankara 2025-07-22
2024-12-11 01:55:23+00:00,👤 Ankara 2025-07-17
2024-12-11 01:55:22+00:00,👤 Ankara 2025-07-10
2024-12-11 01:55:16+00:00,👥 Ankara 2025-07-17
2024-12-11 01:55:16+00:00,👥 Ankara 2025-07-10
2024-12-11 01:35:18+00:00,👥 Ankara 2025-06-02
2024-12-11 01:35:18+00:00,👥 Ankara 2025-03-27
2024-12-11 01:35:17+00:00,👤 Ankara 2025-06-02
2024-12-11 01:35:17+00:00,👤 Ankara 2025-03-27
2024-12-11 01:30:23+00:00,👥 Ankara 2025-07-16
2024-12-11 01:30:23+00:00,👥 Ankara 2025-07-03
2024-12-11 01:30:22+00:00,👤 Ankara 2025-07-16
2024-12-11 01:30:22+00:00,👤 Ankara 2025-07-03
2024-12-11 01:25:18+00:00,👤 Ankara 2025-06-26
2024-12-11 01:25:18+00:00,👤 Ankara 2025-06-16
2024-12-11 00:45:17+00:00,👤 Ankara 2025-04-21
2024-12-11 00:40:31+00:00,👤 Ankara 2025-08-26
2024-12-11 00:40:22+00:00,👥 Ankara 2025-08-26
2024-12-11 00:35:25+00:00,👤 Ankara 2025-06-26
2024-12-11 00:35:25+00:00,👤 Ankara 2025-05-13
2024-12-11 00:35:23+00:00,👥 Ankara 2025-05-13
2024-12-11 00:35:23+00:00,👥 Ankara 2025-03-05
2024-12-11 00:30:19+00:00,👤 Ankara 2025-08-04
2024-12-11 00:30:19+00:00,👥 Ankara 2025-08-04
2024-12-11 00:20:19+00:00,👥 Ankara 2025-07-03
2024-12-11 00:20:18+00:00,👤 Ankara 2025-07-03
2024-12-11 00:15:25+00:00,👤 Ankara 2025-06-26
2024-12-11 00:15:18+00:00,👥 Ankara 2025-06-26
2024-12-11 00:10:27+00:00,👤 Ankara 2025-03-21
2024-12-11 00:05:18+00:00,👤 Ankara 2025-08-05
2024-12-11 00:00:29+00:00,👤 Ankara 2025-08-07
2024-12-11 00:00:29+00:00,👤 Ankara 2025-06-24
2024-12-10 23:55:16+00:00,👤 Ankara 2025-07-07
2024-12-10 23:55:16+00:00,👤 Ankara 2025-04-15
2024-12-10 23:55:16+00:00,👥 Ankara 2025-07-07
2024-12-10 23:50:17+00:00,👤 Ankara 2025-07-16
2024-12-10 23:45:18+00:00,👤 Ankara 2025-07-16
2024-12-10 23:35:17+00:00,👤 Ankara 2025-08-08
2024-12-10 23:25:24+00:00,👤 Ankara 2025-08-25
2024-12-10 23:15:20+00:00,👥 Ankara 2025-07-11
2024-12-10 23:15:19+00:00,👤 Ankara 2025-07-11
2024-12-10 23:11:02+00:00,👥 Ankara 2025-07-08
2024-12-10 23:10:23+00:00,👤 Ankara 2025-07-08
2024-12-10 23:10:23+00:00,👥 Ankara 2024-12-16
2024-12-10 23:10:23+00:00,👤 Ankara 2024-12-16
2024-12-10 23:00:26+00:00,👤 Ankara 2024-12-16
2024-12-10 22:55:53+00:00,👥 Ankara 2025-07-14
2024-12-10 22:55:17+00:00,👤 Ankara 2025-07-14
2024-12-10 22:55:17+00:00,👤 Ankara 2025-03-04
2024-12-10 22:40:18+00:00,👥 Ankara 2025-05-07
2024-12-10 22:40:17+00:00,👤 Ankara 2025-05-07
2024-12-10 22:30:19+00:00,👤 Ankara 2025-07-17
2024-12-10 22:30:18+00:00,👥 Ankara 2025-07-17
2024-12-10 22:25:51+00:00,👥 Ankara 2025-07-14
2024-12-10 22:25:17+00:00,👤 Ankara 2025-07-14
2024-12-10 22:25:17+00:00,👤 Ankara 2025-07-08
2024-12-10 22:20:20+00:00,👥 Ankara 2025-07-17
2024-12-10 22:20:19+00:00,👤 Ankara 2025-07-17
2024-12-10 22:15:18+00:00,👥 Ankara 2025-07-07
2024-12-10 22:15:17+00:00,👤 Ankara 2025-07-07
2024-12-10 22:10:19+00:00,👤 Ankara 2025-08-01
2024-12-10 22:10:18+00:00,👤 Ankara 2025-07-01
2024-12-10 21:55:20+00:00,👤 Ankara 2025-06-27
2024-12-10 21:55:20+00:00,👤 Ankara 2025-06-24
2024-12-10 21:55:20+00:00,👤 Ankara 2024-12-16
2024-12-10 21:50:20+00:00,👤 Ankara 2025-06-30
2024-12-10 21:40:20+00:00,👥 Ankara 2025-07-09
2024-12-10 21:40:17+00:00,👤 Ankara 2025-07-09
2024-12-10 21:35:20+00:00,👤 Ankara 2025-07-08
2024-12-10 20:40:22+00:00,👤 Ankara 2025-07-14
2024-12-10 20:40:22+00:00,👤 Ankara 2025-04-18
2024-12-10 20:35:23+00:00,👥 Ankara 2025-07-14
2024-12-10 20:35:22+00:00,👥 Ankara 2025-07-10
2024-12-10 20:35:19+00:00,👤 Ankara 2025-07-14
2024-12-10 20:35:19+00:00,👤 Ankara 2025-07-10
2024-12-10 20:30:21+00:00,👤 Ankara 2025-04-18
2024-12-10 20:30:18+00:00,👥 Ankara 2025-04-18
2024-12-10 20:15:28+00:00,👥 Ankara 2025-07-22
2024-12-10 20:15:27+00:00,👥 Ankara 2025-05-22
2024-12-10 20:15:18+00:00,👤 Ankara 2025-07-22
2024-12-10 20:15:17+00:00,👤 Ankara 2025-05-22
2024-12-10 20:05:22+00:00,👤 Ankara 2025-08-07
2024-12-10 20:05:18+00:00,👥 Ankara 2025-08-07
2024-12-10 20:00:23+00:00,👤 Ankara 2025-06-10
2024-12-10 19:50:22+00:00,👤 Ankara 2025-08-11
2024-12-10 19:45:27+00:00,👤 Ankara 2025-08-26
2024-12-10 19:40:17+00:00,👤 Ankara 2025-09-05
2024-12-10 19:30:21+00:00,👤 Ankara 2025-07-18
2024-12-10 19:25:22+00:00,👤 Ankara 2025-08-15
2024-12-10 19:25:22+00:00,👤 Ankara 2025-08-07
2024-12-10 19:05:16+00:00,👤 Ankara 2025-07-10
2024-12-10 19:05:16+00:00,👥 Ankara 2025-07-10
2024-12-10 18:55:16+00:00,👥 Ankara 2025-08-04
2024-12-10 18:55:16+00:00,👤 Ankara 2025-08-04
2024-12-10 18:55:15+00:00,👥 Ankara 2025-05-30
2024-12-10 18:55:15+00:00,👤 Ankara 2025-05-30
2024-12-10 18:50:31+00:00,👤 Ankara 2025-09-02
2024-12-10 18:50:30+00:00,👥 Ankara 2025-09-02
2024-12-10 18:50:23+00:00,👥 Ankara 2025-05-21
2024-12-10 18:50:21+00:00,👤 Ankara 2025-05-21
2024-12-10 18:50:17+00:00,👥 Ankara 2025-08-19
2024-12-10 18:50:17+00:00,👤 Ankara 2025-08-19
2024-12-10 18:45:25+00:00,👥 Ankara 2025-07-14
2024-12-10 18:45:24+00:00,👥 Ankara 2025-07-08
2024-12-10 18:45:20+00:00,👤 📩 İstanbul 2025-01-13
2024-12-10 18:45:20+00:00,👤 Ankara 2025-07-14
2024-12-10 18:45:18+00:00,👤 Ankara 2025-07-08
2024-12-10 18:45:17+00:00,👤 Ankara 2024-12-16
2024-12-10 18:40:19+00:00,👥 Ankara 2025-03-04
2024-12-10 18:40:17+00:00,👤 Ankara 2025-03-04
2024-12-10 18:35:23+00:00,👥 Ankara 2025-07-31
2024-12-10 18:35:19+00:00,👤 Ankara 2025-07-31
2024-12-10 18:30:20+00:00,👤 Ankara 2025-07-24
2024-12-10 18:20:20+00:00,👤 Ankara 2025-05-22
2024-12-10 18:20:19+00:00,👤 Ankara 2025-04-24
2024-12-10 18:15:17+00:00,👤 Ankara 2025-01-13
2024-12-10 18:10:20+00:00,👤 Ankara 2025-07-08
2024-12-10 18:10:20+00:00,👤 Ankara 2025-06-24
2024-12-10 18:10:18+00:00,👥 Ankara 2025-07-08
2024-12-10 18:05:17+00:00,👥 Ankara 2025-07-01
2024-12-10 18:05:16+00:00,👤 Ankara 2025-07-01
2024-12-10 17:55:18+00:00,👤 Ankara 2025-07-17
2024-12-10 17:55:18+00:00,👤 Ankara 2025-05-09
2024-12-10 17:55:16+00:00,👥 Ankara 2025-05-09
2024-12-10 17:45:18+00:00,👤 Ankara 2025-08-11
2024-12-10 17:40:18+00:00,👥 Ankara 2025-07-17
2024-12-10 17:40:17+00:00,👤 Ankara 2025-07-17
2024-12-10 17:25:19+00:00,👤 Ankara 2025-07-07
2024-12-10 17:25:19+00:00,👥 Ankara 2025-08-14
2024-12-10 17:25:18+00:00,👥 Ankara 2025-07-07
2024-12-10 17:25:16+00:00,👤 Ankara 2025-08-14
2024-12-10 17:20:26+00:00,👥 Ankara 2025-07-22
2024-12-10 17:20:23+00:00,👤 Ankara 2025-07-22
2024-12-10 17:10:18+00:00,👥 Ankara 2025-03-21
2024-12-10 17:05:37+00:00,👤 İstanbul 2025-02-13
2024-12-10 17:05:20+00:00,👤 Ankara 2025-08-04
2024-12-10 17:05:19+00:00,👤 Ankara 2025-07-11
2024-12-10 17:05:18+00:00,👥 Ankara 2025-08-04
2024-12-10 17:05:17+00:00,👥 Ankara 2025-07-11
2024-12-10 17:00:43+00:00,👥 Ankara 2025-08-08
2024-12-10 17:00:43+00:00,👤 Ankara 2025-08-08
2024-12-10 17:00:25+00:00,👥 Ankara 2025-08-01
2024-12-10 17:00:24+00:00,👥 Ankara 2025-06-10
2024-12-10 17:00:21+00:00,👤 Ankara 2025-06-10
2024-12-10 17:00:20+00:00,👤 Ankara 2025-08-01
2024-12-10 16:55:23+00:00,👥 Ankara 2025-08-14
2024-12-10 16:55:17+00:00,👤 Ankara 2025-08-14
2024-12-10 16:55:17+00:00,👤 Ankara 2025-04-07
2024-12-10 16:50:21+00:00,👤 Ankara 2025-08-04
2024-12-10 16:50:19+00:00,👥 Ankara 2025-08-04
2024-12-10 16:45:27+00:00,👤 İstanbul 2025-08-20
2024-12-10 16:45:24+00:00,👤 İstanbul 2025-03-17
2024-12-10 16:45:23+00:00,👤 İstanbul 2025-02-19
2024-12-10 16:45:19+00:00,👥 Ankara 2025-06-26
2024-12-10 16:45:19+00:00,👥 Ankara 2025-05-13
2024-12-10 16:45:18+00:00,👤 Ankara 2025-06-26
2024-12-10 16:45:18+00:00,👤 Ankara 2025-05-13
2024-12-10 16:45:18+00:00,👥 İstanbul 2025-03-17
2024-12-10 16:35:18+00:00,👤 İstanbul 2025-08-20
2024-12-10 16:35:18+00:00,👤 Ankara 2025-07-14
2024-12-10 16:25:20+00:00,👤 Ankara 2025-07-17
2024-12-10 16:20:22+00:00,👥 Ankara 2025-09-02
2024-12-10 16:20:20+00:00,👤 Ankara 2025-09-05
2024-12-10 16:20:20+00:00,👤 Ankara 2025-09-02
2024-12-10 16:15:23+00:00,👤 Ankara 2025-07-17
2024-12-10 16:05:21+00:00,👤 Ankara 2025-08-28
2024-12-10 16:05:20+00:00,👤 Ankara 2025-07-08
2024-12-10 16:05:17+00:00,👥 Ankara 2025-08-28
2024-12-10 16:05:17+00:00,👥 Ankara 2025-07-08
2024-12-10 16:00:23+00:00,👤 Ankara 2025-07-18
2024-12-10 16:00:23+00:00,👤 Ankara 2025-07-07
2024-12-10 15:55:24+00:00,👤 Ankara 2025-07-29
2024-12-10 15:55:23+00:00,👥 Ankara 2025-03-05
2024-12-10 15:50:18+00:00,👤 Ankara 2025-09-02
2024-12-10 15:40:32+00:00,👥 Ankara 2025-08-05
2024-12-10 15:40:31+00:00,👥 Ankara 2025-08-01
2024-12-10 15:40:18+00:00,👥 Ankara 2025-05-27
2024-12-10 15:40:17+00:00,👥 Ankara 2025-04-18
2024-12-10 15:35:19+00:00,👥 Ankara 2025-06-26
2024-12-10 15:35:17+00:00,👤 Ankara 2025-06-26
2024-12-10 15:35:16+00:00,👤 Ankara 2025-03-03
2024-12-10 15:30:23+00:00,👤 Ankara 2025-07-08
2024-12-10 15:30:23+00:00,👤 Ankara 2025-03-04
2024-12-10 15:30:22+00:00,👥 Ankara 2025-07-08
2024-12-10 15:30:21+00:00,👥 Ankara 2025-03-04
2024-12-10 15:25:19+00:00,👥 Ankara 2025-07-08
2024-12-10 15:25:18+00:00,👤 Ankara 2025-07-08
2024-12-10 15:20:25+00:00,👥 Ankara 2025-07-22
2024-12-10 15:20:17+00:00,👤 Ankara 2025-07-22
2024-12-10 15:15:17+00:00,👤 Ankara 2024-12-16
2024-12-10 15:10:25+00:00,👤 Ankara 2025-09-04
2024-12-10 15:10:24+00:00,👥 Ankara 2025-09-04
2024-12-10 15:10:22+00:00,👥 Ankara 2025-07-24
2024-12-10 15:10:22+00:00,👥 Ankara 2025-03-21
2024-12-10 15:10:19+00:00,👤 Ankara 2025-07-24
2024-12-10 15:10:17+00:00,👤 Ankara 2025-03-21
2024-12-10 15:05:23+00:00,👥 Ankara 2025-07-17
2024-12-10 15:05:19+00:00,👤 Ankara 2025-07-17
2024-12-10 15:05:19+00:00,👤 Ankara 2025-03-20
2024-12-10 14:55:21+00:00,👤 Ankara 2025-07-03
2024-12-10 14:55:21+00:00,👥 Ankara 2025-07-03
2024-12-10 14:50:23+00:00,👥 Ankara 2025-07-16
2024-12-10 14:50:18+00:00,👤 Ankara 2025-07-16
2024-12-10 14:45:18+00:00,👥 Ankara 2025-07-07
2024-12-10 14:45:17+00:00,👤 Ankara 2025-07-07
2024-12-10 14:40:34+00:00,👤 Ankara 2025-07-24
2024-12-10 14:40:21+00:00,👥 Ankara 2025-07-14
2024-12-10 14:40:17+00:00,👤 Ankara 2025-07-17
2024-12-10 14:40:17+00:00,👥 Ankara 2025-07-17
2024-12-10 14:40:17+00:00,👤 Ankara 2025-07-14
2024-12-10 14:35:28+00:00,👥 Ankara 2025-08-26
2024-12-10 14:35:25+00:00,👤 Ankara 2025-08-26
2024-12-10 14:35:16+00:00,👥 Ankara 2025-06-18
2024-12-10 14:25:23+00:00,👤 Ankara 2025-07-14
2024-12-10 14:25:16+00:00,👥 Ankara 2025-07-14
2024-12-10 14:20:21+00:00,👥 Ankara 2025-07-18
2024-12-10 14:15:21+00:00,👤 Ankara 2025-07-16
2024-12-10 14:10:21+00:00,👤 Ankara 2025-04-18
2024-12-10 14:05:18+00:00,👤 Ankara 2025-08-26
2024-12-10 14:00:26+00:00,👤 Ankara 2025-08-25
2024-12-10 14:00:25+00:00,👤 Ankara 2025-08-08
2024-12-10 13:50:18+00:00,👤 Ankara 2025-03-27
2024-12-10 13:45:17+00:00,👤 Ankara 2025-07-30
2024-12-10 13:45:17+00:00,👤 Ankara 2025-07-11
2024-12-10 13:40:27+00:00,👤 Ankara 2025-08-07
2024-12-10 13:35:24+00:00,👤 Ankara 2025-08-11
2024-12-10 13:35:23+00:00,👤 Ankara 2025-06-02
2024-12-10 13:35:18+00:00,👥 Ankara 2025-06-02
2024-12-10 13:35:17+00:00,👥 Ankara 2025-08-11
2024-12-10 13:30:21+00:00,👤 Ankara 2025-09-03
2024-12-10 13:30:19+00:00,👥 Ankara 2025-09-03
2024-12-10 13:20:19+00:00,👥 Ankara 2025-09-03
2024-12-10 13:20:18+00:00,👤 Ankara 2025-09-03
2024-12-10 13:15:19+00:00,👥 Ankara 2025-03-06
2024-12-10 13:10:20+00:00,👥 Ankara 2025-07-09
2024-12-10 13:00:31+00:00,👤 Ankara 2025-08-06
2024-12-10 13:00:30+00:00,👤 Ankara 2025-07-16
2024-12-10 13:00:27+00:00,👥 Ankara 2025-08-06
2024-12-10 13:00:27+00:00,👥 Ankara 2025-07-16
2024-12-10 13:00:23+00:00,👥 İstanbul 2025-09-04
2024-12-10 13:00:23+00:00,👥 Ankara 2025-04-08
2024-12-10 12:55:21+00:00,👥 Ankara 2025-08-08
2024-12-10 12:55:20+00:00,👥 Ankara 2025-07-24
2024-12-10 12:55:18+00:00,👤 Ankara 2025-08-08
2024-12-10 12:55:17+00:00,👤 Ankara 2025-07-24
2024-12-10 12:50:22+00:00,👥 Ankara 2025-03-06
2024-12-10 12:50:18+00:00,👤 Ankara 2025-03-06
2024-12-10 12:40:19+00:00,👤 İstanbul 2025-02-21
2024-12-10 12:40:18+00:00,👤 Ankara 2025-06-30
2024-12-10 12:25:17+00:00,👤 Ankara 2025-08-05
2024-12-10 12:25:16+00:00,👤 Ankara 2025-07-28
2024-12-10 12:20:29+00:00,👥 Ankara 2025-05-05
2024-12-10 12:20:21+00:00,👤 Ankara 2025-07-08
2024-12-10 12:20:21+00:00,👤 Ankara 2025-05-05
2024-12-10 12:20:20+00:00,👥 Ankara 2025-07-08
2024-12-10 12:15:22+00:00,👤 Ankara 2025-07-28
2024-12-10 12:15:16+00:00,👤 Ankara 2025-08-25
2024-12-10 12:15:16+00:00,👤 Ankara 2025-07-29
2024-12-10 11:50:19+00:00,👥 Ankara 2025-07-22
2024-12-10 11:50:16+00:00,👤 Ankara 2025-07-22
2024-12-10 11:35:18+00:00,👤 Ankara 2025-08-01
2024-12-10 11:35:17+00:00,👥 Ankara 2025-08-01
2024-12-10 11:00:21+00:00,👤 Ankara 2025-05-27
2024-12-10 09:30:22+00:00,👤 Ankara 2025-07-01
2024-12-10 09:30:22+00:00,👥 Ankara 2025-07-01
2024-12-10 09:01:31+00:00,👥 Ankara 2025-07-18
2024-12-10 09:01:31+00:00,👥 Ankara 2025-07-17
2024-12-10 08:58:01+00:00,👥 Ankara 2025-07-18
2024-12-10 08:57:59+00:00,👤 Ankara 2025-07-18
2024-12-10 08:57:01+00:00,👥 ❌ Ankara 2025-07-18
2024-12-10 08:56:54+00:00,👤 ❌ Ankara 2025-07-18
2024-12-10 08:55:04+00:00,👥 Ankara 2025-07-17
2024-12-10 08:55:04+00:00,👥 Ankara 2025-07-16
2024-12-10 08:54:58+00:00,👤 Ankara 2025-07-17
2024-12-10 08:54:58+00:00,👤 Ankara 2025-07-16
2024-12-10 08:51:50+00:00,👤 Ankara 2025-07-17
2024-12-10 08:50:36+00:00,👥 Ankara 2025-07-17
2024-12-10 08:48:41+00:00,👤 Ankara 2025-07-16
2024-12-10 08:48:14+00:00,👥 Ankara 2025-07-16
2024-12-10 08:45:05+00:00,👥 Ankara 2025-07-16
2024-12-10 08:45:04+00:00,👤 Ankara 2025-07-16
2024-12-10 08:43:29+00:00,👥 Ankara 2025-07-14
2024-12-10 08:43:00+00:00,👤 Ankara 2025-07-14
2024-12-10 08:39:37+00:00,👤 Ankara 2025-07-14
2024-12-10 08:39:31+00:00,👥 Ankara 2025-07-14
2024-12-10 08:08:49+00:00,👥 Ankara 2025-07-11
2024-12-10 08:07:43+00:00,👤 Ankara 2025-07-11
2024-12-10 08:07:42+00:00,👤 Ankara 2025-07-10
2024-12-10 08:04:41+00:00,👤 Ankara 2025-07-11
2024-12-10 08:04:40+00:00,👤 Ankara 2025-07-10
2024-12-10 08:04:17+00:00,👥 Ankara 2025-07-11
2024-12-10 08:04:16+00:00,👥 Ankara 2025-07-10
2024-12-10 08:00:47+00:00,👤 Ankara 2025-07-11
2024-12-10 08:00:21+00:00,👤 Toronto 2025-03-20
2024-12-10 07:59:35+00:00,👥 Ankara 2025-07-11
2024-12-10 07:57:09+00:00,👤 Ankara 2025-07-10
2024-12-10 07:57:09+00:00,👤 Ankara 2025-07-09
2024-12-10 07:57:08+00:00,👥 Ankara 2025-07-10
2024-12-10 07:57:08+00:00,👥 Ankara 2025-07-09
2024-12-10 07:53:55+00:00,👥 Ankara 2025-07-10
2024-12-10 07:53:55+00:00,👥 Ankara 2025-07-09
2024-12-10 07:53:21+00:00,👤 Ankara 2025-07-10
2024-12-10 07:53:20+00:00,👤 Ankara 2025-07-09
2024-12-10 07:52:51+00:00,👥 Ankara 2025-07-10
2024-12-10 07:50:13+00:00,👤 Ankara 2025-07-09
2024-12-10 07:50:13+00:00,👤 Ankara 2025-07-08
2024-12-10 07:50:08+00:00,👥 Ankara 2025-07-09
2024-12-10 07:50:08+00:00,👥 Ankara 2025-07-08
2024-12-10 07:47:06+00:00,👤 Ankara 2025-07-09
2024-12-10 07:47:05+00:00,👤 Ankara 2025-07-08
2024-12-10 07:46:36+00:00,👥 Ankara 2025-07-09
2024-12-10 07:46:36+00:00,👥 Ankara 2025-07-08
2024-12-10 07:43:17+00:00,👥 Ankara 2025-07-08
2024-12-10 07:43:17+00:00,👥 Ankara 2025-07-07
2024-12-10 07:43:11+00:00,👤 Ankara 2025-07-08
2024-12-10 07:43:11+00:00,👤 Ankara 2025-07-07
2024-12-10 07:40:07+00:00,👤 Ankara 2025-07-08
2024-12-10 07:40:03+00:00,👥 Ankara 2025-07-08
2024-12-10 07:39:15+00:00,👤 Ankara 2025-07-07
2024-12-10 07:38:53+00:00,👥 Ankara 2025-07-07
2024-12-10 07:15:20+00:00,👤 Ankara 2025-04-10
2024-12-10 06:52:43+00:00,👤 Ankara 2025-01-02
2024-12-10 06:50:19+00:00,👤 Ankara 2025-08-22
2024-12-10 04:45:18+00:00,👥 Ankara 2025-07-29
2024-12-10 04:45:17+00:00,👤 Ankara 2025-07-29
2024-12-10 04:40:19+00:00,👤 Toronto 2025-03-25
2024-12-10 03:45:16+00:00,👤 Ankara 2025-03-18
2024-12-10 03:30:20+00:00,👤 Ankara 2025-03-03
2024-12-10 02:55:28+00:00,👥 Ankara 2025-05-21
2024-12-10 02:55:16+00:00,👤 Ankara 2025-05-21
2024-12-10 02:40:24+00:00,👥 Ankara 2025-03-21
2024-12-10 02:40:20+00:00,👤 Ankara 2025-03-21
2024-12-10 02:15:21+00:00,👤 Toronto 2025-03-24
2024-12-10 02:05:22+00:00,👥 Ankara 2025-03-27
2024-12-10 01:15:28+00:00,👤 Toronto 2025-03-21
2024-12-10 01:15:18+00:00,👤 Toronto 2025-03-20
2024-12-10 01:15:17+00:00,👤 Toronto 2025-03-18
2024-12-10 01:05:18+00:00,👤 Toronto 2025-03-21
2024-12-10 01:05:17+00:00,👤 Toronto 2025-03-18
2024-12-10 01:00:54+00:00,👤 Toronto 2025-03-20
2024-12-09 23:45:15+00:00,👤 Ankara 2025-05-21
2024-12-09 23:35:17+00:00,👤 İstanbul 2025-08-20
2024-12-09 23:25:27+00:00,👥 Ankara 2025-06-02
2024-12-09 23:25:26+00:00,👥 Ankara 2025-05-27
2024-12-09 23:25:18+00:00,👤 Ankara 2025-06-02
2024-12-09 23:25:17+00:00,👤 Ankara 2025-05-27
2024-12-09 23:25:17+00:00,👤 Ankara 2024-12-12
2024-12-09 22:55:16+00:00,👤 Ankara 2025-05-27
2024-12-09 22:50:24+00:00,👥 Ankara 2025-07-29
2024-12-09 22:50:18+00:00,👤 Ankara 2025-07-29
2024-12-09 20:15:24+00:00,👤 Ankara 2025-06-24
2024-12-09 20:15:17+00:00,👥 Ankara 2025-06-24
2024-12-09 20:10:18+00:00,👤 Ankara 2025-07-25
2024-12-09 20:10:17+00:00,👤 İstanbul 2025-02-19
2024-12-09 18:50:22+00:00,👤 İstanbul 2024-12-18
2024-12-09 18:35:25+00:00,👤 Ankara 2024-12-16
2024-12-09 18:35:19+00:00,👥 Ankara 2024-12-16
2024-12-09 17:40:17+00:00,👤 Ankara 2025-08-26
2024-12-09 17:35:19+00:00,👥 Ankara 2025-06-10
2024-12-09 17:35:19+00:00,👤 Ankara 2025-06-10
2024-12-09 17:30:24+00:00,👤 Ankara 2025-06-16
2024-12-09 17:25:16+00:00,👤 Ankara 2025-04-21
2024-12-09 17:25:16+00:00,👤 Ankara 2025-03-20
2024-12-09 17:20:22+00:00,👤 Ankara 2024-12-13
2024-12-09 17:15:16+00:00,👤 Ankara 2025-03-05
2024-12-09 17:00:21+00:00,👤 Ankara 2025-05-20
2024-12-09 17:00:21+00:00,👥 Ankara 2025-05-20
2024-12-09 16:55:19+00:00,👥 Ankara 2025-05-27
2024-12-09 16:55:16+00:00,👤 Ankara 2025-05-27
2024-12-09 16:55:15+00:00,👤 Ankara 2024-12-12
2024-12-09 16:50:25+00:00,👤 Ankara 2025-07-29
2024-12-09 16:50:20+00:00,👤 Ankara 2024-12-12
2024-12-09 16:45:17+00:00,👤 Ankara 2025-03-20
2024-12-09 16:45:16+00:00,👤 Ankara 2025-03-03
2024-12-09 16:30:21+00:00,👤 Ankara 2025-04-15
2024-12-09 15:40:21+00:00,👥 Ankara 2025-02-13
2024-12-09 15:40:20+00:00,👤 Ankara 2025-02-13
2024-12-09 15:30:19+00:00,👥 Ankara 2025-06-10
2024-12-09 15:30:19+00:00,👤 Ankara 2025-06-10
2024-12-09 15:20:21+00:00,👥 Ankara 2025-09-04
2024-12-09 15:20:20+00:00,👤 Ankara 2025-09-04
2024-12-09 15:15:16+00:00,👤 Ankara 2025-03-27
2024-12-09 15:10:19+00:00,👥 Ankara 2025-07-01
2024-12-09 15:10:17+00:00,👤 Ankara 2025-07-01
2024-12-09 15:05:19+00:00,👤 Ankara 2025-06-17
2024-12-09 15:05:18+00:00,👥 Ankara 2025-06-17
2024-12-09 14:55:16+00:00,👤 Ankara 2025-03-18
2024-12-09 14:50:17+00:00,👤 Ankara 2025-06-30
2024-12-09 14:50:16+00:00,👥 Ankara 2025-06-30
2024-12-09 14:20:18+00:00,👥 Ankara 2025-07-17
2024-12-09 14:20:17+00:00,👤 Ankara 2025-07-17
2024-12-09 14:00:41+00:00,👥 Ankara 2025-07-01
2024-12-09 14:00:25+00:00,👤 Ankara 2025-07-01
2024-12-09 13:30:21+00:00,👥 Ankara 2025-05-22
2024-12-09 13:30:20+00:00,👤 Ankara 2025-05-22
2024-12-09 13:20:18+00:00,👤 Ankara 2025-03-10
2024-12-09 13:15:18+00:00,👤 Ankara 2024-12-16
2024-12-09 12:55:17+00:00,👥 Ankara 2025-07-01
2024-12-09 12:55:16+00:00,👤 Ankara 2025-07-01
2024-12-09 12:50:20+00:00,👥 Ankara 2025-03-03
2024-12-09 12:50:16+00:00,👤 Ankara 2025-03-03
2024-12-09 12:30:20+00:00,👤 Ankara 2025-01-07
2024-12-09 12:15:20+00:00,👤 Ankara 2025-03-03
2024-12-09 12:10:25+00:00,👥 Ankara 2025-07-22
2024-12-09 12:10:17+00:00,👤 Ankara 2025-07-22
2024-12-09 12:05:18+00:00,👤 Ankara 2025-07-07
2024-12-09 12:05:18+00:00,👥 Ankara 2025-07-07
2024-12-09 12:05:18+00:00,👤 Ankara 2025-06-02
2024-12-09 12:05:18+00:00,👥 Ankara 2025-06-02
2024-12-09 11:25:19+00:00,👤 Ankara 2025-03-19
2024-12-09 11:25:19+00:00,👥 Ankara 2025-03-19
2024-12-09 11:05:16+00:00,👤 Ankara 2025-05-21
2024-12-09 10:40:20+00:00,👥 Ankara 2025-05-21
2024-12-09 10:40:18+00:00,👤 Ankara 2025-05-21
2024-12-09 10:40:16+00:00,👤 Ankara 2025-04-07
2024-12-09 10:30:19+00:00,👤 Ankara 2025-01-27
2024-12-09 09:35:19+00:00,👥 Ankara 2025-07-29
2024-12-09 09:35:18+00:00,👤 Ankara 2025-07-29
2024-12-09 06:04:14+00:00,👤 Ankara 2024-12-12
2024-12-09 00:35:17+00:00,👤 Ankara 2024-12-12
2024-12-09 00:05:49+00:00,👤 Ankara 2025-06-30
2024-12-09 00:05:18+00:00,👥 Ankara 2025-06-30
2024-12-08 16:30:21+00:00,👤 İstanbul 2025-05-09
2024-12-08 16:20:19+00:00,👤 Ankara 2025-06-30
2024-12-08 16:20:19+00:00,👥 Ankara 2025-06-30
2024-12-08 15:40:18+00:00,👤 Ankara 2025-05-30
2024-12-08 13:50:19+00:00,👤 Ankara 2025-06-18
2024-12-08 13:50:18+00:00,👥 Ankara 2025-06-18
2024-12-08 07:40:20+00:00,👥 Ankara 2025-06-13
2024-12-08 07:40:16+00:00,👤 Ankara 2025-06-13
2024-12-08 07:25:18+00:00,👤 İstanbul 2025-03-05
2024-12-08 06:45:20+00:00,👥 Ankara 2025-05-22
2024-12-08 06:45:17+00:00,👤 Ankara 2025-05-22
2024-12-08 00:40:19+00:00,👥 Ankara 2025-07-03
2024-12-08 00:40:18+00:00,👤 Ankara 2025-07-03
2024-12-07 21:50:18+00:00,👥 Ankara 2025-07-10
2024-12-07 21:50:17+00:00,👤 Ankara 2025-07-10
2024-12-07 20:35:24+00:00,👥 Ankara 2024-12-11
2024-12-07 20:35:17+00:00,👤 Ankara 2024-12-11
2024-12-07 20:05:17+00:00,👤 Ankara 2025-07-21
2024-12-07 19:55:15+00:00,👤 Ankara 2025-08-08
2024-12-07 19:00:25+00:00,👥 Ankara 2025-07-14
2024-12-07 15:10:26+00:00,👤 İstanbul 2025-08-20
2024-12-07 15:10:18+00:00,👤 Ankara 2024-12-12
2024-12-07 13:10:21+00:00,👤 Ankara 2025-06-27
2024-12-07 12:20:18+00:00,👥 Ankara 2025-06-26
2024-12-07 10:25:22+00:00,👥 Ankara 2025-07-01
2024-12-07 10:25:17+00:00,👤 Ankara 2025-07-01
2024-12-07 10:15:20+00:00,👤 Ankara 2025-06-18
2024-12-07 10:15:19+00:00,👥 Ankara 2025-06-18
2024-12-07 07:30:19+00:00,👤 İstanbul 2025-07-16
2024-12-07 04:45:18+00:00,👤 Ankara 2025-06-16
2024-12-07 04:45:17+00:00,👥 Ankara 2025-06-16
2024-12-07 03:55:20+00:00,👤 İstanbul 2025-08-20
2024-12-07 03:50:19+00:00,👤 Ankara 2024-12-11
2024-12-07 02:45:18+00:00,👤 Ankara 2025-05-30
2024-12-07 02:05:16+00:00,👤 Ankara 2025-06-18
2024-12-07 01:55:16+00:00,👤 Ankara 2025-07-07
2024-12-07 01:20:19+00:00,👥 Ankara 2025-06-17
2024-12-07 01:20:18+00:00,👤 Ankara 2025-06-17
2024-12-06 22:55:29+00:00,👤 İstanbul 2025-06-27
2024-12-06 21:40:22+00:00,👤 Ankara 2025-06-16
2024-12-06 21:35:28+00:00,👥 Ankara 2024-12-12
2024-12-06 20:45:18+00:00,👤 İstanbul 2025-07-16
2024-12-06 20:25:17+00:00,👤 Ankara 2025-02-14
2024-12-06 18:35:42+00:00,👤 Ankara 2025-01-15
2024-12-06 18:20:52+00:00,👤 İstanbul 2024-12-18
2024-12-06 17:00:23+00:00,👤 Ankara 2025-07-09
2024-12-06 15:55:17+00:00,👥 Ankara 2025-06-30
2024-12-06 15:55:17+00:00,👤 Ankara 2025-06-30
2024-12-06 13:20:19+00:00,👤 İstanbul 2025-08-20
2024-12-06 13:20:19+00:00,👤 Ankara 2025-05-12
2024-12-06 12:45:18+00:00,👤 İstanbul 2025-08-20
2024-12-06 08:40:23+00:00,👥 Ankara 2025-07-11
2024-12-06 08:40:23+00:00,👤 Ankara 2025-07-11
2024-12-06 07:40:18+00:00,👤 İstanbul 2025-02-18
2024-12-06 06:35:20+00:00,👤 İstanbul 2025-06-30
2024-12-06 06:00:23+00:00,👤 İstanbul 2025-07-16
2024-12-06 04:00:41+00:00,👥 Ankara 2025-07-01
2024-12-06 04:00:21+00:00,👤 Ankara 2025-07-01
2024-12-06 03:00:22+00:00,👤 İstanbul 2025-06-27
2024-12-06 02:50:21+00:00,👤 Ankara 2025-05-06
2024-12-06 02:50:21+00:00,👥 Ankara 2025-05-06
2024-12-06 02:20:21+00:00,👥 Ankara 2025-06-26
2024-12-06 02:20:21+00:00,👤 Ankara 2025-06-26
2024-12-06 02:15:18+00:00,👤 Ankara 2024-12-12
2024-12-06 01:00:24+00:00,👥 Ankara 2025-06-18
2024-12-06 01:00:24+00:00,👤 Ankara 2025-06-18
2024-12-06 00:45:26+00:00,👥 Ankara 2025-06-16
2024-12-06 00:45:18+00:00,👤 Ankara 2025-06-16
2024-12-05 23:00:24+00:00,👤 Ankara 2025-05-20
2024-12-05 22:40:22+00:00,👤 İstanbul 2025-06-02
2024-12-05 21:25:22+00:00,👤 İstanbul 2025-06-27
2024-12-05 21:15:19+00:00,👤 Ankara 2025-03-04
2024-12-05 20:30:24+00:00,👤 ❌ İstanbul 2025-06-18
2024-12-05 19:35:20+00:00,👤 Ankara 2025-06-26
2024-12-05 19:30:26+00:00,👤 Ankara 2025-06-18
2024-12-05 18:50:19+00:00,👤 Ankara 2025-04-10
2024-12-05 18:50:17+00:00,👤 İstanbul 2025-06-18
2024-12-05 18:50:16+00:00,👥 Ankara 2025-04-10
2024-12-05 18:45:17+00:00,👤 Ankara 2025-04-22
2024-12-05 18:40:19+00:00,👥 Ankara 2025-04-24
2024-12-05 18:40:18+00:00,👤 Ankara 2025-04-24
2024-12-05 18:05:22+00:00,👥 Ankara 2025-04-08
2024-12-05 17:55:17+00:00,👤 Ankara 2025-07-21
2024-12-05 17:55:16+00:00,👤 Ankara 2025-04-16
2024-12-05 17:45:51+00:00,👤 Ankara 2024-12-11
2024-12-05 17:45:18+00:00,👤 Ankara 2025-08-26
2024-12-05 17:05:28+00:00,👥 Ankara 2025-02-06
2024-12-05 17:05:18+00:00,👤 Ankara 2025-06-16
2024-12-05 17:05:18+00:00,👤 Ankara 2025-02-06
2024-12-05 16:50:20+00:00,👤 Ankara 2025-06-10
2024-12-05 16:50:18+00:00,👥 Ankara 2025-06-10
2024-12-05 16:40:19+00:00,👤 Ankara 2025-05-08
2024-12-05 15:50:25+00:00,👥 Ankara 2025-07-02
2024-12-05 15:50:17+00:00,👤 Ankara 2025-07-02
2024-12-05 14:20:20+00:00,👥 Ankara 2025-04-10
2024-12-05 14:20:19+00:00,👤 Ankara 2025-04-10
2024-12-05 14:05:16+00:00,👤 Ankara 2025-08-25
2024-12-05 13:25:16+00:00,👤 İstanbul 2025-02-06
2024-12-05 11:30:20+00:00,👤 Ankara 2025-06-16
2024-12-05 09:50:31+00:00,👥 Ankara 2025-06-30
2024-12-05 09:50:18+00:00,👤 Ankara 2025-06-30
2024-12-05 08:40:32+00:00,👥 Ankara 2025-08-04
2024-12-05 08:40:18+00:00,👤 Ankara 2025-08-04
2024-12-05 06:55:17+00:00,👤 Ankara 2025-07-08
2024-12-05 06:55:17+00:00,👥 Ankara 2025-07-08
2024-12-05 06:35:31+00:00,👥 Ankara 2025-08-25
2024-12-05 06:35:17+00:00,👤 Ankara 2025-08-25
2024-12-05 05:50:22+00:00,👥 Ankara 2025-08-26
2024-12-05 05:10:41+00:00,👤 İstanbul 2025-07-25
2024-12-05 04:55:16+00:00,👥 Ankara 2025-07-22
2024-12-05 04:55:16+00:00,👤 Ankara 2025-07-22
2024-12-05 03:20:23+00:00,👥 Ankara 2025-07-01
2024-12-05 03:20:19+00:00,👤 Ankara 2025-07-01
2024-12-05 02:10:19+00:00,👤 Ankara 2025-08-06
2024-12-05 02:10:19+00:00,👥 Ankara 2025-08-06
2024-12-05 01:10:18+00:00,👤 Ankara 2025-08-04
2024-12-05 00:25:18+00:00,👥 Ankara 2025-08-04
2024-12-05 00:25:15+00:00,👤 Ankara 2025-08-04
2024-12-05 00:00:41+00:00,👥 Ankara 2025-08-04
2024-12-05 00:00:28+00:00,👤 Ankara 2025-08-04
2024-12-04 23:30:25+00:00,👤 Ankara 2025-06-27
2024-12-04 23:30:23+00:00,👥 Ankara 2025-06-27
2024-12-04 23:25:20+00:00,👤 İstanbul 2025-06-02
2024-12-04 23:15:18+00:00,👤 Ankara 2025-07-01
2024-12-04 23:15:18+00:00,👥 Ankara 2025-07-01
2024-12-04 21:00:24+00:00,👥 Ankara 2025-08-26
2024-12-04 21:00:21+00:00,👤 Ankara 2025-08-26
2024-12-04 20:55:20+00:00,👤 Ankara 2024-12-10
2024-12-04 20:35:18+00:00,👤 Ankara 2024-12-17
2024-12-04 20:35:17+00:00,👤 İstanbul 2025-06-24
2024-12-04 20:20:17+00:00,👤 Ankara 2025-08-22
2024-12-04 20:00:22+00:00,👤 Ankara 2025-07-29
2024-12-04 20:00:22+00:00,👤 Ankara 2025-06-17
2024-12-04 19:40:18+00:00,👤 İstanbul 2025-06-04
2024-12-04 19:35:15+00:00,👤 Ankara 2025-07-02
2024-12-04 18:55:16+00:00,👤 Ankara 2025-07-07
2024-12-04 18:40:17+00:00,👤 İstanbul 2025-07-16
2024-12-04 18:30:20+00:00,👤 İstanbul 2025-07-25
2024-12-04 18:20:20+00:00,👥 Ankara 2025-07-22
2024-12-04 18:20:18+00:00,👤 Ankara 2025-07-22
2024-12-04 18:10:19+00:00,👤 İstanbul 2025-07-30
2024-12-04 17:30:25+00:00,👤 Ankara 2025-08-05
2024-12-04 17:30:25+00:00,👤 Ankara 2025-06-23
2024-12-04 17:30:21+00:00,👥 Ankara 2025-08-05
2024-12-04 17:30:20+00:00,👥 Ankara 2025-06-23
2024-12-04 16:45:17+00:00,👤 Ankara 2025-08-04
2024-12-04 16:10:20+00:00,👥 Ankara 2025-05-06
2024-12-04 16:10:18+00:00,👤 Ankara 2025-05-06
2024-12-04 15:55:22+00:00,👤 İstanbul 2024-12-13
2024-12-04 15:40:22+00:00,👥 Ankara 2025-07-31
2024-12-04 15:40:18+00:00,👤 Ankara 2025-07-31
2024-12-04 15:35:17+00:00,👥 Ankara 2025-06-27
2024-12-04 15:35:17+00:00,👤 Ankara 2025-06-27
2024-12-04 15:15:18+00:00,👥 Ankara 2025-08-25
2024-12-04 15:15:16+00:00,👤 Ankara 2025-08-25
2024-12-04 15:10:19+00:00,👥 Ankara 2025-06-30
2024-12-04 15:10:18+00:00,👤 Ankara 2025-06-30
2024-12-04 15:05:39+00:00,👤 Ankara 2025-07-01
2024-12-04 15:05:25+00:00,👥 Ankara 2025-07-01
2024-12-04 14:35:20+00:00,👤 📩 İstanbul 2025-08-06
2024-12-04 14:15:16+00:00,👤 İstanbul 2025-03-19
2024-12-04 13:44:12+00:00,👤 📩 İstanbul 2025-08-06
2024-12-04 13:40:31+00:00,👥 Ankara 2025-08-04
2024-12-04 13:40:21+00:00,👤 📩 İstanbul 2025-08-06
2024-12-04 13:40:19+00:00,👤 Ankara 2025-05-21
2024-12-04 13:40:19+00:00,👤 Ankara 2025-08-04
2024-12-04 13:40:19+00:00,👤 Ankara 2024-12-30
2024-12-04 13:00:23+00:00,👤 İstanbul 2025-06-30
2024-12-04 12:50:20+00:00,👤 İstanbul 2025-06-18
2024-12-04 12:35:20+00:00,👤 İstanbul 2025-07-30
2024-12-04 12:10:17+00:00,👤 Ankara 2025-06-18
2024-12-04 12:00:29+00:00,👥 Ankara 2025-07-10
2024-12-04 12:00:24+00:00,👤 Ankara 2025-07-10
2024-12-04 11:50:22+00:00,👤 📩 İstanbul 2025-08-25
2024-12-04 11:50:19+00:00,👤 İstanbul 2025-07-16
2024-12-04 11:30:26+00:00,👤 Ankara 2025-08-26
2024-12-04 11:30:20+00:00,👥 Ankara 2025-08-26
2024-12-04 11:00:23+00:00,👤 Ankara 2025-07-08
2024-12-04 10:50:28+00:00,👥 Ankara 2025-07-01
2024-12-04 10:50:17+00:00,👤 Ankara 2025-07-01
2024-12-04 10:50:17+00:00,👤 İstanbul 2025-03-05
2024-12-04 10:30:22+00:00,👤 Ankara 2025-08-11
2024-12-04 10:30:22+00:00,👤 Ankara 2025-08-05
2024-12-04 10:30:21+00:00,👥 Ankara 2025-08-11
2024-12-04 10:30:21+00:00,👥 Ankara 2025-08-05
2024-12-04 10:03:24+00:00,👥 Ankara 2025-08-28
2024-12-04 10:02:02+00:00,👤 Ankara 2025-08-28
2024-12-04 09:50:18+00:00,👤 Ankara 2025-08-25
2024-12-04 09:50:18+00:00,👤 Ankara 2025-07-31
2024-12-04 09:40:19+00:00,👤 Ankara 2025-07-29
2024-12-04 09:30:21+00:00,👥 Ankara 2025-08-28
2024-12-04 09:30:20+00:00,👤 Ankara 2025-08-28
2024-12-04 09:20:19+00:00,👤 Ankara 2025-07-31
2024-12-04 09:05:26+00:00,👥 Ankara 2025-08-01
2024-12-04 09:05:26+00:00,👥 Ankara 2025-07-10
2024-12-04 09:05:17+00:00,👤 Ankara 2025-07-10
2024-12-04 09:05:17+00:00,👤 Ankara 2025-08-01
2024-12-04 08:50:20+00:00,👥 Ankara 2025-06-02
2024-12-04 08:50:20+00:00,👤 Ankara 2025-06-02
2024-12-04 08:45:19+00:00,👤 Ankara 2025-07-02
2024-12-04 08:45:18+00:00,👥 Ankara 2025-07-02
2024-12-04 08:40:17+00:00,👤 Ankara 2025-08-26
2024-12-04 08:25:19+00:00,👤 İstanbul 2025-07-25
2024-12-04 08:20:20+00:00,👤 İstanbul 2025-06-04
2024-12-04 08:15:18+00:00,👤 Ankara 2025-05-21
2024-12-04 08:15:17+00:00,👤 İstanbul 2025-07-30
2024-12-04 07:55:18+00:00,👤 Ankara 2025-08-26
2024-12-04 07:55:17+00:00,👥 Ankara 2025-08-26
2024-12-04 07:45:16+00:00,👤 Ankara 2025-08-26
2024-12-04 07:40:18+00:00,👤 Ankara 2025-08-04
2024-12-04 07:40:18+00:00,👤 Ankara 2025-07-16
2024-12-04 07:35:19+00:00,👤 İstanbul 2025-07-25
2024-12-04 07:35:19+00:00,👤 Ankara 2025-07-01
2024-12-04 07:35:18+00:00,👤 Ankara 2025-01-02
2024-12-04 07:25:19+00:00,👤 İstanbul 2025-08-20
2024-12-04 07:20:18+00:00,👤 İstanbul 2025-06-17
2024-12-04 07:05:22+00:00,👥 Ankara 2025-07-31
2024-12-04 07:05:20+00:00,👤 Ankara 2025-07-31
2024-12-04 07:00:25+00:00,👤 Ankara 2025-07-03
2024-12-04 07:00:25+00:00,👥 Ankara 2025-07-03
2024-12-04 07:00:25+00:00,👤 Ankara 2025-03-20
2024-12-04 07:00:25+00:00,👥 Ankara 2025-03-20
2024-12-04 06:50:18+00:00,👤 Ankara 2025-08-04
2024-12-04 06:45:18+00:00,👤 İstanbul 2025-05-08
2024-12-04 06:40:23+00:00,👥 Ankara 2025-07-10
2024-12-04 06:40:18+00:00,👤 Ankara 2025-07-10
2024-12-04 06:35:18+00:00,👥 Ankara 2025-08-05
2024-12-04 06:35:16+00:00,👤 Ankara 2025-08-05
2024-12-04 06:20:31+00:00,👤 İstanbul 2025-06-04
2024-12-04 06:20:20+00:00,👤 Ankara 2025-08-25
2024-12-04 06:20:18+00:00,👥 Ankara 2025-08-25
2024-12-04 06:05:20+00:00,👥 Ankara 2025-07-31
2024-12-04 06:05:15+00:00,👤 Ankara 2025-07-31
2024-12-04 06:00:24+00:00,👤 İstanbul 2025-07-02
2024-12-04 05:50:38+00:00,👤 İstanbul 2025-07-02
2024-12-04 05:50:20+00:00,👥 Ankara 2025-08-04
2024-12-04 05:50:19+00:00,👤 Ankara 2025-08-04
2024-12-04 05:50:17+00:00,👤 İstanbul 2025-08-06
2024-12-04 05:40:24+00:00,👥 Ankara 2025-07-16
2024-12-04 05:40:23+00:00,👥 Ankara 2025-05-27
2024-12-04 05:40:18+00:00,👤 Ankara 2025-07-16
2024-12-04 05:40:18+00:00,👤 Ankara 2025-05-27
2024-12-04 05:35:25+00:00,👥 Ankara 2025-06-23
2024-12-04 05:35:17+00:00,👤 Ankara 2025-06-23
2024-12-04 05:33:36+00:00,👥 Ankara 2025-08-26
2024-12-04 05:33:31+00:00,👤 Ankara 2025-08-26
2024-12-04 05:30:23+00:00,👥 Ankara 2025-08-26
2024-12-04 05:30:23+00:00,👥 Ankara 2025-08-15
2024-12-04 05:30:21+00:00,👤 Ankara 2025-08-26
2024-12-04 05:30:21+00:00,👤 Ankara 2025-08-15
2024-12-04 05:26:36+00:00,👥 Ankara 2025-08-08
2024-12-04 05:25:17+00:00,👤 İstanbul 2025-07-16
2024-12-04 05:25:16+00:00,👤 Ankara 2025-08-08
2024-12-04 05:20:46+00:00,👥 Ankara 2025-08-14
2024-12-04 05:20:24+00:00,👥 Ankara 2025-08-05
2024-12-04 05:20:21+00:00,👥 Ankara 2025-07-16
2024-12-04 05:20:20+00:00,👤 Ankara 2025-07-16
2024-12-04 05:20:19+00:00,👤 Ankara 2025-08-14
2024-12-04 05:20:19+00:00,👤 Ankara 2025-08-05
2024-12-04 05:20:17+00:00,👤 İstanbul 2025-07-31
2024-12-04 05:15:19+00:00,👥 Ankara 2025-08-11
2024-12-04 05:15:19+00:00,👥 Ankara 2025-07-22
2024-12-04 05:15:19+00:00,👤 Ankara 2025-08-11
2024-12-04 05:15:16+00:00,👤 Ankara 2025-07-22
2024-12-04 05:10:19+00:00,👤 İstanbul 2025-06-18
2024-12-04 05:00:23+00:00,👤 Ankara 2025-08-11
2024-12-04 04:59:18+00:00,👤 📩 İstanbul 2025-08-20
2024-12-04 04:55:15+00:00,👤 Ankara 2025-06-20
2024-12-04 04:53:47+00:00,👤 📩 İstanbul 2025-08-20
2024-12-04 04:50:18+00:00,👤 İstanbul 2025-03-03
2024-12-04 04:50:06+00:00,👤 📩 İstanbul 2025-08-20
2024-12-04 04:46:55+00:00,👤 📩 İstanbul 2025-08-20
2024-12-04 04:42:16+00:00,👤 📩 İstanbul 2025-08-20
2024-12-04 04:38:01+00:00,👤 📩 İstanbul 2025-08-20
2024-12-04 04:34:41+00:00,👤 📩 İstanbul 2025-08-20
2024-12-04 04:34:41+00:00,👤 📩 İstanbul 2025-05-21
2024-12-04 04:30:22+00:00,👥 Ankara 2025-07-02
2024-12-04 04:30:22+00:00,👤 Ankara 2025-07-02
2024-12-04 04:30:20+00:00,👤 📩 İstanbul 2025-05-21
2024-12-04 04:29:11+00:00,👤 📩 İstanbul 2025-08-20
2024-12-04 04:25:28+00:00,👥 Ankara 2025-05-29
2024-12-04 04:25:24+00:00,👤 Ankara 2025-05-29
2024-12-04 04:25:20+00:00,👥 Ankara 2025-05-21
2024-12-04 04:25:19+00:00,👥 Ankara 2025-05-05
2024-12-04 04:25:19+00:00,👤 Ankara 2025-05-05
2024-12-04 04:25:18+00:00,👤 İstanbul 2025-07-02
2024-12-04 04:25:17+00:00,👤 Ankara 2025-05-21
2024-12-04 04:23:33+00:00,👤 📩 İstanbul 2025-08-20
2024-12-04 04:20:21+00:00,👤 İstanbul 2025-02-20
2024-12-04 04:20:20+00:00,👤 Ankara 2024-12-13
2024-12-04 04:19:14+00:00,👤 📩 İstanbul 2025-08-20
2024-12-04 04:15:19+00:00,👤 İstanbul 2025-03-05
2024-12-04 04:14:13+00:00,👤 📩 İstanbul 2025-08-20
2024-12-04 04:10:56+00:00,👤 📩 İstanbul 2025-08-20
2024-12-04 04:10:56+00:00,👤 📩 İstanbul 2025-07-30
2024-12-04 04:07:54+00:00,👤 📩 İstanbul 2025-08-20
2024-12-04 04:07:54+00:00,👤 📩 İstanbul 2025-07-30
2024-12-04 04:04:02+00:00,👤 📩 İstanbul 2025-08-20
2024-12-04 04:04:01+00:00,👤 📩 İstanbul 2025-07-30
2024-12-04 04:00:25+00:00,👤 Ankara 2025-08-25
2024-12-04 04:00:24+00:00,👤 Ankara 2025-07-22
2024-12-04 04:00:24+00:00,👥 Ankara 2025-08-25
2024-12-04 04:00:23+00:00,👥 Ankara 2025-07-22
2024-12-04 03:59:19+00:00,👤 📩 İstanbul 2025-08-20
2024-12-04 03:59:19+00:00,👤 📩 İstanbul 2025-07-30
2024-12-04 03:55:17+00:00,👤 Ankara 2024-12-16
2024-12-04 03:53:36+00:00,👤 📩 İstanbul 2025-08-20
2024-12-04 03:53:36+00:00,👤 📩 İstanbul 2025-07-30
2024-12-04 03:30:20+00:00,👤 Ankara 2025-07-18
2024-12-04 03:25:20+00:00,👤 Ankara 2025-07-22
2024-12-04 03:25:20+00:00,👥 Ankara 2025-07-22
2024-12-04 03:25:19+00:00,👥 Ankara 2025-07-01
2024-12-04 03:25:18+00:00,👤 Ankara 2025-07-01
2024-12-04 03:15:19+00:00,👥 Ankara 2025-06-23
2024-12-04 03:15:18+00:00,👤 Ankara 2025-06-23
2024-12-04 03:05:16+00:00,👤 Ankara 2025-05-12
2024-12-04 03:02:15+00:00,👤 📩 İstanbul 2025-08-18
2024-12-04 02:59:07+00:00,👤 📩 İstanbul 2025-08-18
2024-12-04 02:55:28+00:00,👥 Ankara 2025-06-17
2024-12-04 02:55:20+00:00,👥 İstanbul 2025-08-20
2024-12-04 02:55:20+00:00,👤 Ankara 2025-06-17
2024-12-04 02:55:19+00:00,👤 İstanbul 2025-08-20
2024-12-04 02:54:48+00:00,👤 📩 İstanbul 2025-08-18
2024-12-04 02:50:21+00:00,👥 Ankara 2025-08-01
2024-12-04 02:50:18+00:00,👤 Ankara 2025-08-01
2024-12-04 02:50:17+00:00,👤 Ankara 2025-08-15
2024-12-04 02:50:17+00:00,👥 Ankara 2025-08-15
2024-12-04 02:49:10+00:00,👤 📩 İstanbul 2025-08-18
2024-12-04 02:45:32+00:00,👥 Ankara 2025-05-12
2024-12-04 02:45:16+00:00,👤 Ankara 2025-05-12
2024-12-04 02:43:02+00:00,👤 📩 İstanbul 2025-08-18
2024-12-04 02:38:53+00:00,👤 📩 İstanbul 2025-08-18
2024-12-04 02:35:25+00:00,👥 Ankara 2025-06-30
2024-12-04 02:35:19+00:00,👤 Ankara 2025-06-30
2024-12-04 02:33:44+00:00,👤 📩 İstanbul 2025-08-18
2024-12-04 02:30:23+00:00,👤 İstanbul 2025-03-19
2024-12-04 02:30:19+00:00,👥 Ankara 2025-07-31
2024-12-04 02:30:19+00:00,👤 Ankara 2025-07-31
2024-12-04 02:29:01+00:00,👤 📩 İstanbul 2025-08-18
2024-12-04 02:25:27+00:00,👥 Ankara 2025-07-02
2024-12-04 02:25:26+00:00,👥 Ankara 2025-07-01
2024-12-04 02:25:24+00:00,👥 Ankara 2025-07-07
2024-12-04 02:25:17+00:00,👤 Ankara 2025-07-02
2024-12-04 02:25:17+00:00,👤 Ankara 2025-07-01
2024-12-04 02:24:22+00:00,👤 📩 İstanbul 2025-08-18
2024-12-04 02:20:21+00:00,👥 Ankara 2025-07-02
2024-12-04 02:20:20+00:00,👥 Ankara 2025-06-13
2024-12-04 02:20:19+00:00,👤 Ankara 2025-07-02
2024-12-04 02:20:19+00:00,👤 Ankara 2025-06-13
2024-12-04 02:19:07+00:00,👤 📩 İstanbul 2025-08-18
2024-12-04 02:15:23+00:00,👥 Ankara 2025-06-17
2024-12-04 02:15:23+00:00,👥 Ankara 2025-05-27
2024-12-04 02:15:21+00:00,👤 Ankara 2025-06-17
2024-12-04 02:15:20+00:00,👤 Ankara 2025-05-27
2024-12-04 02:13:28+00:00,👤 📩 İstanbul 2025-08-18
2024-12-04 02:10:24+00:00,👤 Ankara 2025-08-26
2024-12-04 02:10:21+00:00,👥 Ankara 2025-08-26
2024-12-04 02:10:20+00:00,👤 📩 İstanbul 2025-08-18
2024-12-04 02:05:20+00:00,👥 Ankara 2025-08-01
2024-12-04 02:05:19+00:00,👥 Ankara 2025-07-29
2024-12-04 02:05:18+00:00,👤 Ankara 2025-08-01
2024-12-04 02:05:18+00:00,👤 Ankara 2025-07-29
2024-12-04 02:00:22+00:00,👤 İstanbul 2025-07-16
2024-12-04 01:50:22+00:00,👥 Ankara 2025-08-28
2024-12-04 01:50:21+00:00,👥 Ankara 2025-08-15
2024-12-04 01:50:19+00:00,👤 Ankara 2025-08-15
2024-12-04 01:50:17+00:00,👤 Ankara 2025-08-28
2024-12-04 01:45:22+00:00,👤 Ankara 2025-06-12
2024-12-04 01:40:25+00:00,👥 Ankara 2025-06-17
2024-12-04 01:40:25+00:00,👤 Ankara 2025-06-17
2024-12-04 01:35:21+00:00,👤 Ankara 2025-07-25
2024-12-04 01:35:16+00:00,👥 Ankara 2025-07-25
2024-12-04 01:30:28+00:00,👥 Ankara 2025-07-11
2024-12-04 01:30:19+00:00,👤 Ankara 2025-07-11
2024-12-04 01:25:20+00:00,👤 İstanbul 2025-07-30
2024-12-04 01:20:20+00:00,👤 Ankara 2024-12-13
2024-12-04 01:20:18+00:00,👥 Ankara 2025-06-16
2024-12-04 01:20:17+00:00,👤 Ankara 2025-06-16
2024-12-04 01:10:24+00:00,👥 Ankara 2025-07-31
2024-12-04 01:10:21+00:00,👤 Ankara 2025-07-31
2024-12-04 01:02:08+00:00,👤 📩 İstanbul 2025-08-06
2024-12-04 01:02:08+00:00,👤 📩 İstanbul 2025-07-30
2024-12-04 00:58:04+00:00,👤 📩 İstanbul 2025-08-06
2024-12-04 00:55:20+00:00,👥 Ankara 2025-07-03
2024-12-04 00:55:16+00:00,👤 Ankara 2025-07-03
2024-12-04 00:55:15+00:00,👥 Ankara 2025-07-18
2024-12-04 00:55:15+00:00,👤 Ankara 2025-07-18
2024-12-04 00:54:09+00:00,👤 📩 İstanbul 2025-07-30
2024-12-04 00:54:09+00:00,👤 📩 İstanbul 2025-07-07
2024-12-04 00:50:23+00:00,👤 İstanbul 2025-07-02
2024-12-04 00:50:21+00:00,👥 Ankara 2025-08-05
2024-12-04 00:50:20+00:00,👥 Ankara 2025-07-31
2024-12-04 00:50:19+00:00,👤 Ankara 2025-08-05
2024-12-04 00:50:19+00:00,👤 Ankara 2025-07-31
2024-12-04 00:49:44+00:00,👤 📩 İstanbul 2025-07-30
2024-12-04 00:49:44+00:00,👤 📩 İstanbul 2025-07-07
2024-12-04 00:45:16+00:00,👤 İstanbul 2025-03-19
2024-12-04 00:42:58+00:00,👤 📩 İstanbul 2025-07-30
2024-12-04 00:42:57+00:00,👤 📩 İstanbul 2025-07-07
2024-12-04 00:39:48+00:00,👤 📩 İstanbul 2025-07-30
2024-12-04 00:39:48+00:00,👤 📩 İstanbul 2025-07-07
2024-12-04 00:35:20+00:00,👤 İstanbul 2025-07-28
2024-12-04 00:33:42+00:00,👤 📩 İstanbul 2025-07-30
2024-12-04 00:33:42+00:00,👤 📩 İstanbul 2025-07-07
2024-12-04 00:30:20+00:00,👤 İstanbul 2025-06-02
2024-12-04 00:30:05+00:00,👤 📩 İstanbul 2025-07-30
2024-12-04 00:29:05+00:00,👤 📩 İstanbul 2025-07-07
2024-12-04 00:29:04+00:00,👤 📩 İstanbul 2025-06-04
2024-12-04 00:25:19+00:00,👤 Ankara 2025-02-12
2024-12-04 00:25:16+00:00,👤 Ankara 2025-06-17
2024-12-04 00:23:54+00:00,👤 📩 İstanbul 2025-07-07
2024-12-04 00:23:53+00:00,👤 📩 İstanbul 2025-06-04
2024-12-04 00:20:20+00:00,👤 İstanbul 2025-05-21
2024-12-04 00:20:20+00:00,👤 İstanbul 2025-03-17
2024-12-04 00:19:05+00:00,👤 📩 İstanbul 2025-07-07
2024-12-04 00:19:04+00:00,👤 📩 İstanbul 2025-06-04
2024-12-04 00:15:20+00:00,👤 İstanbul 2025-05-21
2024-12-04 00:12:21+00:00,👤 📩 İstanbul 2025-07-07
2024-12-04 00:12:20+00:00,👤 📩 İstanbul 2025-06-04
2024-12-04 00:07:57+00:00,👤 📩 İstanbul 2025-07-07
2024-12-04 00:07:56+00:00,👤 📩 İstanbul 2025-06-04
2024-12-04 00:04:06+00:00,👤 📩 İstanbul 2025-07-07
2024-12-04 00:04:06+00:00,👤 📩 İstanbul 2025-06-04
2024-12-04 00:00:26+00:00,👤 📩 İstanbul 2025-07-07
2024-12-04 00:00:26+00:00,👤 Ankara 2025-07-22
2024-12-04 00:00:24+00:00,👤 İstanbul 2025-06-04
2024-12-03 23:58:44+00:00,👤 📩 İstanbul 2025-08-06
2024-12-03 23:58:43+00:00,👤 📩 İstanbul 2025-06-04
2024-12-03 23:30:20+00:00,👤 İstanbul 2025-08-20
2024-12-03 23:25:23+00:00,👤 Ankara 2025-06-17
2024-12-03 23:25:20+00:00,👤 İstanbul 2025-08-20
2024-12-03 23:25:17+00:00,👥 Ankara 2025-06-23
2024-12-03 23:25:17+00:00,👥 Ankara 2025-06-17
2024-12-03 23:25:17+00:00,👤 Ankara 2025-06-23
2024-12-03 23:20:22+00:00,👤 Ankara 2025-07-10
2024-12-03 23:20:19+00:00,👥 Ankara 2025-07-10
2024-12-03 23:05:17+00:00,👤 İstanbul 2025-05-21
2024-12-03 23:03:57+00:00,👤 📩 İstanbul 2025-08-06
2024-12-03 23:00:24+00:00,👤 Ankara 2025-05-06
2024-12-03 22:58:52+00:00,👤 📩 İstanbul 2025-08-06
2024-12-03 22:55:24+00:00,👤 📩 İstanbul 2025-08-06
2024-12-03 22:45:22+00:00,👥 Ankara 2025-08-14
2024-12-03 22:45:22+00:00,👥 Ankara 2025-08-08
2024-12-03 22:45:18+00:00,👤 Ankara 2025-08-14
2024-12-03 22:45:18+00:00,👤 Ankara 2025-08-08
2024-12-03 22:35:26+00:00,👥 Ankara 2025-08-26
2024-12-03 22:35:16+00:00,👤 Ankara 2025-08-26
2024-12-03 22:34:02+00:00,👤 📩 İstanbul 2025-07-16
2024-12-03 22:30:22+00:00,👤 İstanbul 2025-05-07
2024-12-03 22:30:19+00:00,👤 İstanbul 2025-08-06
2024-12-03 22:30:19+00:00,👤 İstanbul 2025-05-21
2024-12-03 22:29:42+00:00,👤 📩 İstanbul 2025-07-16
2024-12-03 22:26:02+00:00,👥 Ankara 2025-08-04
2024-12-03 22:25:23+00:00,👤 İstanbul 2025-07-31
2024-12-03 22:25:22+00:00,👤 Ankara 2025-08-04
2024-12-03 22:25:21+00:00,👤 Ankara 2025-07-01
2024-12-03 22:24:18+00:00,👤 📩 İstanbul 2025-07-16
2024-12-03 22:19:15+00:00,👤 📩 İstanbul 2025-07-16
2024-12-03 22:15:25+00:00,👤 Ankara 2025-08-11
2024-12-03 22:15:25+00:00,👤 Ankara 2025-08-04
2024-12-03 22:15:19+00:00,👥 Ankara 2025-08-11
2024-12-03 22:15:19+00:00,👥 Ankara 2025-08-04
2024-12-03 22:14:10+00:00,👤 📩 İstanbul 2025-07-16
2024-12-03 22:10:44+00:00,👥 Ankara 2025-08-26
2024-12-03 22:10:19+00:00,👤 Ankara 2025-08-14
2024-12-03 22:10:18+00:00,👤 Ankara 2025-08-11
2024-12-03 22:10:18+00:00,👥 Ankara 2025-08-14
2024-12-03 22:10:18+00:00,👥 Ankara 2025-08-11
2024-12-03 22:10:17+00:00,👤 Ankara 2025-08-26
2024-12-03 22:08:54+00:00,👤 📩 İstanbul 2025-07-16
2024-12-03 22:05:36+00:00,👥 Ankara 2025-08-04
2024-12-03 22:05:33+00:00,👤 Ankara 2025-08-04
2024-12-03 22:05:20+00:00,👤 Ankara 2025-07-31
2024-12-03 22:05:20+00:00,👥 Ankara 2025-07-31
2024-12-03 22:05:17+00:00,👤 Ankara 2025-06-17
2024-12-03 22:05:17+00:00,👥 Ankara 2025-06-17
2024-12-03 22:05:15+00:00,👤 📩 İstanbul 2025-07-16
2024-12-03 22:01:24+00:00,👤 📩 İstanbul 2025-07-16
2024-12-03 22:00:43+00:00,👥 Ankara 2025-07-09
2024-12-03 22:00:27+00:00,👤 Ankara 2025-07-09
2024-12-03 21:55:18+00:00,👤 Ankara 2025-08-25
2024-12-03 21:55:17+00:00,👥 Ankara 2025-08-25
2024-12-03 21:50:22+00:00,👥 Ankara 2025-06-18
2024-12-03 21:50:18+00:00,👤 Ankara 2025-06-18
2024-12-03 21:45:16+00:00,👥 Ankara 2025-07-01
2024-12-03 21:45:16+00:00,👤 Ankara 2025-07-01
2024-12-03 21:40:19+00:00,👥 Ankara 2025-08-18
2024-12-03 21:40:19+00:00,👤 Ankara 2025-08-18
2024-12-03 21:40:18+00:00,👤 İstanbul 2025-03-17
2024-12-03 21:30:20+00:00,👥 İstanbul 2024-12-13
2024-12-03 21:30:19+00:00,👤 Ankara 2025-08-22
2024-12-03 21:25:18+00:00,👤 Ankara 2025-07-22
2024-12-03 21:20:18+00:00,👤 Ankara 2025-04-16
2024-12-03 21:15:21+00:00,👤 İstanbul 2025-07-21
2024-12-03 21:10:42+00:00,👥 Ankara 2025-08-19
2024-12-03 21:10:26+00:00,👤 Ankara 2025-08-19
2024-12-03 21:09:11+00:00,👤 📩 İstanbul 2025-08-06
2024-12-03 21:05:29+00:00,👥 Ankara 2025-08-01
2024-12-03 21:05:17+00:00,👤 Ankara 2025-08-01
2024-12-03 21:04:05+00:00,👤 📩 İstanbul 2025-08-06
2024-12-03 21:00:25+00:00,👤 📩 İstanbul 2025-08-06
2024-12-03 20:55:23+00:00,👤 Ankara 2025-06-10
2024-12-03 20:55:22+00:00,👤 Ankara 2025-05-12
2024-12-03 20:55:22+00:00,👥 Ankara 2025-06-10
2024-12-03 20:55:21+00:00,👥 Ankara 2025-05-12
2024-12-03 20:50:25+00:00,👥 Ankara 2025-07-24
2024-12-03 20:50:25+00:00,👥 Ankara 2025-05-21
2024-12-03 20:50:24+00:00,👤 Ankara 2025-07-24
2024-12-03 20:50:18+00:00,👤 Ankara 2025-06-17
2024-12-03 20:50:18+00:00,👤 Ankara 2025-05-21
2024-12-03 20:46:57+00:00,👤 📩 İstanbul 2025-08-06
2024-12-03 20:43:55+00:00,👤 📩 İstanbul 2025-08-06
2024-12-03 20:40:23+00:00,👤 📩 İstanbul 2025-08-06
2024-12-03 20:30:21+00:00,👤 Ankara 2025-06-24
2024-12-03 20:30:19+00:00,👥 Ankara 2025-06-24
2024-12-03 20:30:19+00:00,👤 İstanbul 2025-08-20
2024-12-03 20:25:21+00:00,👤 Ankara 2025-08-26
2024-12-03 20:25:21+00:00,👤 Ankara 2025-08-12
2024-12-03 20:25:17+00:00,👥 Ankara 2025-08-26
2024-12-03 20:25:17+00:00,👥 Ankara 2025-08-12
2024-12-03 20:20:19+00:00,👥 Ankara 2025-05-20
2024-12-03 20:20:18+00:00,👤 Ankara 2025-05-20
2024-12-03 20:20:17+00:00,👤 Ankara 2025-08-19
2024-12-03 20:20:17+00:00,👥 Ankara 2025-08-19
2024-12-03 20:15:25+00:00,👤 Ankara 2024-12-10
2024-12-03 20:15:21+00:00,👤 Ankara 2025-08-26
2024-12-03 20:15:19+00:00,👥 Ankara 2025-08-26
2024-12-03 20:05:21+00:00,👤 İstanbul 2025-06-04
2024-12-03 20:00:43+00:00,👥 Ankara 2025-08-25
2024-12-03 20:00:40+00:00,👤 Ankara 2025-08-25
2024-12-03 20:00:24+00:00,👤 Ankara 2025-07-02
2024-12-03 20:00:23+00:00,👥 Ankara 2025-07-02
2024-12-03 20:00:21+00:00,👤 Ankara 2025-05-27
2024-12-03 20:00:21+00:00,👥 Ankara 2025-05-27
2024-12-03 19:55:27+00:00,👤 İstanbul 2025-07-02
2024-12-03 19:55:18+00:00,👤 Ankara 2025-07-03
2024-12-03 19:55:16+00:00,👥 Ankara 2025-07-03
2024-12-03 19:50:44+00:00,👤 Ankara 2025-07-29
2024-12-03 19:50:20+00:00,👥 Ankara 2025-07-29
2024-12-03 19:50:20+00:00,👥 Ankara 2025-07-01
2024-12-03 19:45:17+00:00,👤 Ankara 2025-06-30
2024-12-03 19:45:17+00:00,👤 Ankara 2025-07-01
2024-12-03 19:45:17+00:00,👤 Ankara 2025-05-29
2024-12-03 19:40:24+00:00,👤 Ankara 2025-07-31
2024-12-03 19:40:24+00:00,👤 Ankara 2025-07-16
2024-12-03 19:35:40+00:00,👤 Ankara 2025-08-06
2024-12-03 19:35:25+00:00,👤 Ankara 2025-08-05
2024-12-03 19:35:18+00:00,👤 Ankara 2025-07-02
2024-12-03 19:35:18+00:00,👤 Ankara 2025-05-27
2024-12-03 19:30:20+00:00,👤 Ankara 2025-07-22
2024-12-03 19:25:18+00:00,👤 Ankara 2025-06-23
2024-12-03 19:25:17+00:00,👤 Ankara 2025-07-24
2024-12-03 19:25:17+00:00,👤 Ankara 2025-06-26
2024-12-03 19:20:19+00:00,👤 Ankara 2025-07-09
2024-12-03 19:20:17+00:00,👤 Ankara 2025-08-26
2024-12-03 19:20:17+00:00,👤 Ankara 2025-08-14
2024-12-03 19:15:18+00:00,👤 Ankara 2025-06-18
2024-12-03 19:15:17+00:00,👤 Ankara 2025-08-04
2024-12-03 19:05:19+00:00,👥 Ankara 2025-07-16
2024-12-03 19:05:18+00:00,👥 Ankara 2025-06-16
2024-12-03 19:05:18+00:00,👤 Ankara 2025-07-16
2024-12-03 19:05:18+00:00,👤 Ankara 2025-06-16
2024-12-03 19:00:26+00:00,👤 Ankara 2025-06-30
2024-12-03 19:00:23+00:00,👥 Ankara 2025-07-01
2024-12-03 19:00:23+00:00,👥 Ankara 2025-06-30
2024-12-03 19:00:22+00:00,👤 📩 İstanbul 2025-03-19
2024-12-03 19:00:22+00:00,👤 Ankara 2025-07-01
2024-12-03 18:55:19+00:00,👤 Ankara 2025-08-22
2024-12-03 18:55:19+00:00,👤 Ankara 2025-05-22
2024-12-03 18:55:16+00:00,👥 Ankara 2025-08-22
2024-12-03 18:55:16+00:00,👥 Ankara 2025-05-22
2024-12-03 18:50:20+00:00,👥 Ankara 2025-07-02
2024-12-03 18:50:17+00:00,👤 Ankara 2025-07-02
2024-12-03 18:46:42+00:00,👥 Ankara 2025-07-31
2024-12-03 18:45:42+00:00,👤 Ankara 2025-07-09
2024-12-03 18:45:40+00:00,👥 Ankara 2025-07-09
2024-12-03 18:45:23+00:00,👤 İstanbul 2025-07-02
2024-12-03 18:45:22+00:00,👤 Ankara 2025-07-02
2024-12-03 18:45:18+00:00,👤 Ankara 2025-06-18
2024-12-03 18:45:18+00:00,👤 İstanbul 2025-05-21
2024-12-03 18:45:17+00:00,👥 Ankara 2025-07-02
2024-12-03 18:45:17+00:00,👤 İstanbul 2025-05-08
2024-12-03 18:45:17+00:00,👥 Ankara 2025-06-18
2024-12-03 18:40:18+00:00,👤 Ankara 2025-08-15
2024-12-03 18:40:17+00:00,👥 Ankara 2025-08-15
2024-12-03 18:35:55+00:00,👥 Ankara 2025-08-08
2024-12-03 18:35:55+00:00,👤 Ankara 2025-08-08
2024-12-03 18:35:39+00:00,👥 Ankara 2025-07-21
2024-12-03 18:35:24+00:00,👥 Ankara 2025-07-01
2024-12-03 18:35:24+00:00,👥 Ankara 2025-06-17
2024-12-03 18:35:24+00:00,👤 Ankara 2025-06-17
2024-12-03 18:35:17+00:00,👤 İstanbul 2025-08-06
2024-12-03 18:35:17+00:00,👤 Ankara 2025-07-01
2024-12-03 18:35:17+00:00,👤 Ankara 2025-07-21
2024-12-03 18:35:17+00:00,👤 Ankara 2025-07-10
2024-12-03 18:35:16+00:00,👤 İstanbul 2025-07-25
2024-12-03 18:30:28+00:00,👤 Ankara 2024-12-13
2024-12-03 18:30:22+00:00,👤 İstanbul 2025-08-20
2024-12-03 18:30:22+00:00,👤 İstanbul 2025-05-07
2024-12-03 18:25:36+00:00,👤 Ankara 2025-07-10
2024-12-03 18:25:24+00:00,👥 Ankara 2025-07-07
2024-12-03 18:25:24+00:00,👥 Ankara 2025-06-16
2024-12-03 18:25:19+00:00,👤 Ankara 2025-07-07
2024-12-03 18:25:19+00:00,👤 Ankara 2025-06-16
2024-12-03 18:25:17+00:00,👤 Ankara 2025-08-26
2024-12-03 18:25:16+00:00,👤 Ankara 2025-08-21
2024-12-03 18:25:16+00:00,👥 Ankara 2025-08-26
2024-12-03 18:21:50+00:00,👤 📩 İstanbul 2025-05-21
2024-12-03 18:20:20+00:00,👤 İstanbul 2025-05-21
2024-12-03 18:20:20+00:00,👤 İstanbul 2025-03-19
2024-12-03 18:20:18+00:00,👤 Ankara 2025-07-18
2024-12-03 18:20:17+00:00,👤 İstanbul 2025-08-06
2024-12-03 18:10:33+00:00,👥 Ankara 2025-08-11
2024-12-03 18:10:32+00:00,👤 Ankara 2025-08-11
2024-12-03 18:10:20+00:00,👤 Ankara 2025-07-01
2024-12-03 18:10:20+00:00,👥 Ankara 2025-07-01
2024-12-03 18:10:18+00:00,👥 Ankara 2025-05-29
2024-12-03 18:10:18+00:00,👤 Ankara 2025-05-29
2024-12-03 18:05:20+00:00,👤 İstanbul 2025-03-19
2024-12-03 18:05:18+00:00,👥 Ankara 2025-05-09
2024-12-03 18:05:18+00:00,👤 Ankara 2025-05-09
2024-12-03 18:05:17+00:00,👤 İstanbul 2025-06-30
2024-12-03 17:55:55+00:00,👤 Ankara 2025-08-01
2024-12-03 17:55:54+00:00,👥 Ankara 2025-08-01
2024-12-03 17:55:41+00:00,👥 Ankara 2025-07-02
2024-12-03 17:55:37+00:00,👤 Ankara 2025-07-02
2024-12-03 17:55:21+00:00,👥 Ankara 2025-06-26
2024-12-03 17:55:21+00:00,👥 Ankara 2025-06-10
2024-12-03 17:55:19+00:00,👤 İstanbul 2025-07-21
2024-12-03 17:55:16+00:00,👤 Ankara 2025-06-26
2024-12-03 17:55:16+00:00,👤 Ankara 2025-06-10
2024-12-03 17:50:23+00:00,👥 Ankara 2025-07-21
2024-12-03 17:50:18+00:00,👤 Ankara 2025-07-21
2024-12-03 17:45:28+00:00,👤 Ankara 2025-08-22
2024-12-03 17:45:28+00:00,👥 Ankara 2025-08-22
2024-12-03 17:45:21+00:00,👥 Ankara 2025-08-04
2024-12-03 17:45:20+00:00,👥 Ankara 2025-06-17
2024-12-03 17:45:18+00:00,👤 Ankara 2025-08-04
2024-12-03 17:45:17+00:00,👤 Ankara 2025-06-17
2024-12-03 17:40:19+00:00,👥 Ankara 2025-07-14
2024-12-03 17:40:19+00:00,👤 Ankara 2025-07-14
2024-12-03 17:40:18+00:00,👥 Ankara 2025-07-08
2024-12-03 17:40:18+00:00,👤 Ankara 2025-07-08
2024-12-03 17:35:22+00:00,👥 Ankara 2025-07-09
2024-12-03 17:35:19+00:00,👤 Ankara 2025-07-09
2024-12-03 17:35:16+00:00,👥 Ankara 2025-08-11
2024-12-03 17:35:16+00:00,👤 Ankara 2025-08-11
2024-12-03 17:30:51+00:00,👥 Ankara 2025-07-22
2024-12-03 17:30:48+00:00,👤 Ankara 2025-07-22
2024-12-03 17:30:41+00:00,👥 Ankara 2025-07-16
2024-12-03 17:30:36+00:00,👤 Ankara 2025-07-16
2024-12-03 17:30:31+00:00,👤 Ankara 2025-07-08
2024-12-03 17:30:28+00:00,👥 Ankara 2025-06-18
2024-12-03 17:30:28+00:00,👥 Ankara 2025-06-12
2024-12-03 17:30:20+00:00,👤 Ankara 2025-06-18
2024-12-03 17:30:19+00:00,👤 Ankara 2025-06-12
2024-12-03 17:20:20+00:00,👤 İstanbul 2025-07-16
2024-12-03 17:19:17+00:00,👤 📩 İstanbul 2025-08-06
2024-12-03 17:15:29+00:00,👥 Ankara 2025-08-15
2024-12-03 17:15:21+00:00,👤 Ankara 2025-08-15
2024-12-03 17:15:19+00:00,👥 Ankara 2025-05-20
2024-12-03 17:15:17+00:00,👤 📩 İstanbul 2025-08-06
2024-12-03 17:15:16+00:00,👤 Ankara 2025-05-20
2024-12-03 17:10:23+00:00,👥 Ankara 2025-06-16
2024-12-03 17:10:22+00:00,👥 Ankara 2025-05-13
2024-12-03 17:10:21+00:00,👤 Ankara 2025-06-16
2024-12-03 17:10:21+00:00,👤 Ankara 2025-05-13
2024-12-03 17:05:36+00:00,👥 Ankara 2025-08-08
2024-12-03 17:05:35+00:00,👤 Ankara 2025-08-08
2024-12-03 17:05:18+00:00,👥 Ankara 2025-06-16
2024-12-03 17:05:18+00:00,👤 Ankara 2025-06-16
2024-12-03 17:05:17+00:00,👥 Ankara 2025-07-10
2024-12-03 17:05:17+00:00,👤 İstanbul 2025-02-11
2024-12-03 17:05:17+00:00,👤 Ankara 2025-07-10
2024-12-03 16:55:32+00:00,👤 Ankara 2025-08-14
2024-12-03 16:55:17+00:00,👤 İstanbul 2025-03-19
2024-12-03 16:50:32+00:00,👤 Ankara 2025-08-26
2024-12-03 16:50:18+00:00,👤 Ankara 2025-08-11
2024-12-03 16:50:18+00:00,👤 Ankara 2025-06-26
2024-12-03 16:50:16+00:00,👤 İstanbul 2025-03-19
2024-12-03 16:40:22+00:00,👤 Ankara 2025-07-02
2024-12-03 16:40:20+00:00,👤 İstanbul 2025-03-19
2024-12-03 16:35:18+00:00,👤 Ankara 2025-06-23
2024-12-03 16:35:18+00:00,👥 Ankara 2025-06-23
2024-12-03 16:35:17+00:00,👤 Ankara 2025-08-19
2024-12-03 16:30:22+00:00,👤 İstanbul 2025-03-19
2024-12-03 16:15:21+00:00,👤 İstanbul 2025-07-28
2024-12-03 16:10:26+00:00,👥 Ankara 2025-07-18
2024-12-03 16:10:20+00:00,👤 Ankara 2025-07-18
2024-12-03 16:05:19+00:00,👤 Ankara 2025-07-22
2024-12-03 16:05:19+00:00,👥 Ankara 2025-07-22
2024-12-03 16:00:23+00:00,👤 Ankara 2025-06-30
2024-12-03 16:00:23+00:00,👥 Ankara 2025-06-30
2024-12-03 15:55:25+00:00,👥 Ankara 2025-06-23
2024-12-03 15:55:17+00:00,👤 Ankara 2025-06-23
2024-12-03 15:50:22+00:00,👥 Ankara 2025-07-02
2024-12-03 15:50:22+00:00,👥 Ankara 2025-06-17
2024-12-03 15:50:21+00:00,👤 İstanbul 2025-02-19
2024-12-03 15:50:19+00:00,👤 Ankara 2025-06-17
2024-12-03 15:50:19+00:00,👤 Ankara 2025-07-02
2024-12-03 15:45:25+00:00,👥 Ankara 2025-08-11
2024-12-03 15:45:20+00:00,👤 Ankara 2025-08-11
2024-12-03 15:30:29+00:00,👤 Ankara 2025-07-30
2024-12-03 15:30:23+00:00,👥 Ankara 2025-05-27
2024-12-03 15:30:22+00:00,👤 Ankara 2025-07-11
2024-12-03 15:30:22+00:00,👤 Ankara 2025-05-27
2024-12-03 15:30:21+00:00,👥 Ankara 2025-07-30
2024-12-03 15:30:20+00:00,👥 Ankara 2025-07-11
2024-12-03 15:25:23+00:00,👥 Ankara 2025-08-18
2024-12-03 15:25:23+00:00,👥 Ankara 2025-08-15
2024-12-03 15:25:19+00:00,👤 Ankara 2025-08-18
2024-12-03 15:25:19+00:00,👤 Ankara 2025-08-15
2024-12-03 15:20:27+00:00,👥 Ankara 2025-08-04
2024-12-03 15:20:25+00:00,👤 Ankara 2025-08-04
2024-12-03 15:20:20+00:00,👥 Ankara 2025-08-01
2024-12-03 15:20:20+00:00,👥 Ankara 2025-07-01
2024-12-03 15:20:19+00:00,👤 Ankara 2025-08-01
2024-12-03 15:20:19+00:00,👤 Ankara 2025-07-01
2024-12-03 15:10:23+00:00,👥 Ankara 2025-07-14
2024-12-03 15:10:18+00:00,👤 Ankara 2025-07-14
2024-12-03 15:05:21+00:00,👤 İstanbul 2025-06-18
2024-12-03 15:05:18+00:00,👤 Ankara 2025-07-07
2024-12-03 15:05:18+00:00,👥 Ankara 2025-07-07
2024-12-03 15:01:44+00:00,👤 Ankara 2025-08-28
2024-12-03 15:01:01+00:00,👤 Ankara 2025-08-26
2024-12-03 15:00:27+00:00,👥 Ankara 2025-07-31
2024-12-03 15:00:25+00:00,👤 Ankara 2025-05-12
2024-12-03 15:00:25+00:00,👤 Ankara 2025-07-22
2024-12-03 15:00:24+00:00,👤 Ankara 2025-06-16
2024-12-03 14:52:33+00:00,👥 Ankara 2025-08-26
2024-12-03 14:52:32+00:00,👤 Ankara 2025-08-26
2024-12-03 14:52:21+00:00,👤 Ankara 2025-08-06
2024-12-03 14:52:21+00:00,👤 Ankara 2025-07-31
2024-12-03 14:40:20+00:00,👤 Ankara 2025-08-14
2024-12-03 14:40:18+00:00,👤 Ankara 2025-07-22
2024-12-03 14:31:42+00:00,👤 Ankara 2025-08-05
2024-12-03 14:25:24+00:00,👥 Ankara 2025-08-04
2024-12-03 14:25:21+00:00,👤 Ankara 2025-08-04
2024-12-03 14:20:21+00:00,👥 Ankara 2025-07-25
2024-12-03 14:20:21+00:00,👥 Ankara 2025-07-22
2024-12-03 14:20:17+00:00,👤 Ankara 2025-07-25
2024-12-03 14:05:21+00:00,👥 Ankara 2025-07-24
2024-12-03 14:05:21+00:00,👥 Ankara 2025-05-08
2024-12-03 14:05:20+00:00,👤 Ankara 2025-07-24
2024-12-03 14:05:18+00:00,👤 Ankara 2025-05-08
2024-12-03 14:00:26+00:00,👥 Ankara 2025-07-10
2024-12-03 14:00:21+00:00,👤 Ankara 2025-07-10
2024-12-03 13:55:17+00:00,👥 Ankara 2025-06-24
2024-12-03 13:55:16+00:00,👤 Ankara 2025-06-24
2024-12-03 13:45:20+00:00,👤 İstanbul 2025-06-16
2024-12-03 13:45:19+00:00,👤 Ankara 2025-07-30
2024-12-03 13:45:18+00:00,👤 Ankara 2025-07-09
2024-12-03 13:35:18+00:00,👤 Ankara 2025-08-19
2024-12-03 13:30:23+00:00,👤 Ankara 2025-07-18
2024-12-03 13:30:21+00:00,👤 Ankara 2025-08-14
2024-12-03 13:25:22+00:00,👤 Ankara 2025-07-22
2024-12-03 13:25:16+00:00,👤 Ankara 2025-05-29
2024-12-03 13:25:16+00:00,👥 Ankara 2025-05-29
2024-12-03 13:25:16+00:00,👤 Ankara 2025-03-25
2024-12-03 13:20:50+00:00,👤 Ankara 2025-07-24
2024-12-03 13:20:22+00:00,👤 Ankara 2025-06-17
2024-12-03 13:20:22+00:00,👥 Ankara 2025-06-17
2024-12-03 13:20:20+00:00,👤 Ankara 2025-06-27
2024-12-03 13:20:19+00:00,👤 Ankara 2025-05-15
2024-12-03 13:05:27+00:00,👥 Ankara 2025-08-11
2024-12-03 13:05:26+00:00,👥 Ankara 2025-07-31
2024-12-03 13:05:22+00:00,👤 Ankara 2025-07-31
2024-12-03 13:05:21+00:00,👤 Ankara 2025-08-11
2024-12-03 13:00:29+00:00,👤 İstanbul 2024-12-09
2024-12-03 12:55:21+00:00,👥 Ankara 2025-06-17
2024-12-03 12:55:17+00:00,👤 Ankara 2025-06-17
2024-12-03 12:54:14+00:00,👤 📩 İstanbul 2025-03-19
2024-12-03 12:50:23+00:00,👤 Ankara 2025-08-08
2024-12-03 12:50:21+00:00,👤 Ankara 2025-08-05
2024-12-03 12:50:17+00:00,👤 İstanbul 2025-03-05
2024-12-03 12:49:23+00:00,👤 📩 İstanbul 2025-03-19
2024-12-03 12:45:20+00:00,👥 Ankara 2025-06-16
2024-12-03 12:45:17+00:00,👤 Ankara 2025-06-16
2024-12-03 12:45:00+00:00,👤 📩 İstanbul 2025-03-19
2024-12-03 12:41:52+00:00,👤 📩 İstanbul 2025-03-19
2024-12-03 12:38:38+00:00,👤 📩 İstanbul 2025-03-19
2024-12-03 12:35:12+00:00,👤 📩 İstanbul 2025-03-19
2024-12-03 12:32:11+00:00,👥 Ankara 2025-08-08
2024-12-03 12:32:09+00:00,👤 Ankara 2025-08-08
2024-12-03 12:31:39+00:00,👥 Ankara 2025-07-09
2024-12-03 12:30:28+00:00,👥 Ankara 2025-06-23
2024-12-03 12:30:27+00:00,👥 Ankara 2025-06-16
2024-12-03 12:30:26+00:00,👤 Ankara 2025-06-16
2024-12-03 12:30:26+00:00,👤 Ankara 2025-07-09
2024-12-03 12:30:22+00:00,👤 Ankara 2025-06-23
2024-12-03 12:30:21+00:00,👥 Ankara 2025-07-29
2024-12-03 12:30:21+00:00,👤 Ankara 2025-07-29
2024-12-03 12:30:21+00:00,👥 Ankara 2025-07-14
2024-12-03 12:30:21+00:00,👤 Ankara 2025-07-14
2024-12-03 12:29:49+00:00,👤 📩 İstanbul 2025-03-19
2024-12-03 12:25:22+00:00,👥 Ankara 2025-07-22
2024-12-03 12:25:18+00:00,👤 Ankara 2025-07-22
2024-12-03 12:24:33+00:00,👤 📩 İstanbul 2025-03-19
2024-12-03 12:24:33+00:00,👤 İstanbul 2025-03-17
2024-12-03 12:24:27+00:00,👤 Ankara 2025-07-10
2024-12-03 12:24:27+00:00,👤 Ankara 2025-06-17
2024-12-03 12:24:27+00:00,👤 İstanbul 2025-03-19
2024-12-03 12:24:27+00:00,👥 İstanbul 2025-03-19
2024-12-03 12:24:27+00:00,👤 Ankara 2025-05-07
2024-12-03 11:45:22+00:00,👤 Ankara 2025-08-01
2024-12-03 11:45:22+00:00,👥 Ankara 2025-08-01
2024-12-03 11:40:19+00:00,👤 Ankara 2025-07-18
2024-12-03 11:40:17+00:00,👤 Ankara 2025-03-03
2024-12-03 11:30:26+00:00,👥 Ankara 2025-06-10
2024-12-03 11:30:24+00:00,👤 Ankara 2025-06-10
2024-12-03 11:07:09+00:00,👤 Ankara 2025-07-03
2024-12-03 11:07:01+00:00,👥 Ankara 2025-07-03
2024-12-03 11:03:54+00:00,👤 Ankara 2025-07-03
2024-12-03 11:03:41+00:00,👥 Ankara 2025-07-03
2024-12-03 11:03:28+00:00,👤 Ankara 2025-07-03
2024-12-03 11:00:28+00:00,👤 İstanbul 2025-07-25
2024-12-03 11:00:22+00:00,👥 Ankara 2025-07-02
2024-12-03 11:00:22+00:00,👥 Ankara 2025-07-03
2024-12-03 11:00:22+00:00,👤 Ankara 2025-07-03
2024-12-03 11:00:22+00:00,👤 Ankara 2025-07-02
2024-12-03 11:00:22+00:00,👤 Ankara 2025-07-03
2024-12-03 11:00:17+00:00,👤 Ankara 2025-07-02
2024-12-03 11:00:17+00:00,👥 Ankara 2025-07-03
2024-12-03 11:00:17+00:00,👥 Ankara 2025-07-02
2024-12-03 11:00:17+00:00,👤 Ankara 2025-07-02
2024-12-03 11:00:17+00:00,👥 Ankara 2025-07-03
2024-12-03 11:00:13+00:00,👥 Ankara 2025-07-02
2024-12-03 11:00:13+00:00,👤 Ankara 2025-07-03
2024-12-03 11:00:12+00:00,👤 Ankara 2025-07-02
2024-12-03 11:00:11+00:00,👤 Ankara 2025-07-03
2024-12-03 11:00:11+00:00,👤 Ankara 2025-07-02
2024-12-03 10:57:10+00:00,👥 Ankara 2025-07-03
2024-12-03 10:57:09+00:00,👥 Ankara 2025-07-02
2024-12-03 10:56:39+00:00,👤 Ankara 2025-07-03
2024-12-03 10:56:39+00:00,👤 Ankara 2025-07-02
2024-12-03 10:53:28+00:00,👤 Ankara 2025-07-03
2024-12-03 10:52:20+00:00,👥 Ankara 2025-07-03
2024-12-03 10:50:14+00:00,👤 Ankara 2025-07-02
2024-12-03 10:50:14+00:00,👤 Ankara 2025-07-01
2024-12-03 10:50:14+00:00,👥 Ankara 2025-07-02
2024-12-03 10:50:11+00:00,👥 Ankara 2025-07-01
2024-12-03 10:50:10+00:00,👥 Ankara 2025-07-02
2024-12-03 10:50:10+00:00,👥 Ankara 2025-07-01
2024-12-03 10:50:10+00:00,👤 Ankara 2025-07-02
2024-12-03 10:50:09+00:00,👤 Ankara 2025-07-01
2024-12-03 10:47:09+00:00,👤 Ankara 2025-07-02
2024-12-03 10:47:09+00:00,👤 Ankara 2025-07-01
2024-12-03 10:46:48+00:00,👥 Ankara 2025-07-02
2024-12-03 10:46:48+00:00,👥 Ankara 2025-07-01
2024-12-03 10:43:22+00:00,👥 Ankara 2025-07-02
2024-12-03 10:43:22+00:00,👤 Ankara 2025-07-02
2024-12-03 10:43:22+00:00,👥 Ankara 2025-07-01
2024-12-03 10:43:22+00:00,👤 Ankara 2025-07-01
2024-12-03 10:40:06+00:00,👤 Ankara 2025-07-02
2024-12-03 10:40:06+00:00,👤 Ankara 2025-07-01
2024-12-03 10:39:58+00:00,👥 Ankara 2025-07-02
2024-12-03 10:39:57+00:00,👥 Ankara 2025-07-01
2024-12-03 10:36:42+00:00,👥 Ankara 2025-07-02
2024-12-03 10:36:40+00:00,👤 Ankara 2025-07-02
2024-12-03 10:34:11+00:00,👥 Ankara 2025-07-01
2024-12-03 10:34:11+00:00,👥 Ankara 2025-06-30
2024-12-03 10:33:45+00:00,👤 Ankara 2025-07-01
2024-12-03 10:33:45+00:00,👤 Ankara 2025-06-30
2024-12-03 10:30:22+00:00,👥 Ankara 2025-07-01
2024-12-03 10:30:21+00:00,👥 Ankara 2025-06-30
2024-12-03 10:30:08+00:00,👤 Ankara 2025-07-01
2024-12-03 10:28:40+00:00,👤 Ankara 2025-06-30
2024-12-03 10:25:39+00:00,👥 Ankara 2025-06-30
2024-12-03 10:25:37+00:00,👤 Ankara 2025-06-30
2024-12-03 10:25:36+00:00,👥 Ankara 2025-06-30
2024-12-03 10:25:36+00:00,👤 Ankara 2025-06-30
2024-12-03 10:22:35+00:00,👥 Ankara 2025-06-30
2024-12-03 10:20:43+00:00,👤 Ankara 2025-06-30
2024-12-03 10:15:17+00:00,👤 Ankara 2025-05-21
2024-12-03 09:50:16+00:00,👤 İstanbul 2025-08-20
2024-12-03 09:50:16+00:00,👥 İstanbul 2025-08-20
2024-12-03 09:40:21+00:00,👥 Ankara 2025-07-14
2024-12-03 09:40:20+00:00,👤 Ankara 2025-07-14
2024-12-03 09:15:16+00:00,👤 İstanbul 2025-07-02
2024-12-03 09:10:21+00:00,👤 İstanbul 2025-07-16
2024-12-03 08:51:52+00:00,👥 Ankara 2025-06-27
2024-12-03 08:51:52+00:00,👤 Ankara 2025-06-27
2024-12-03 08:48:41+00:00,👥 Ankara 2025-06-27
2024-12-03 08:48:41+00:00,👥 Ankara 2025-06-26
2024-12-03 08:48:23+00:00,👤 Ankara 2025-06-27
2024-12-03 08:48:22+00:00,👤 Ankara 2025-06-26
2024-12-03 08:45:20+00:00,👤 İstanbul 2025-07-14
2024-12-03 08:45:00+00:00,👤 Ankara 2025-06-27
2024-12-03 08:44:15+00:00,👥 Ankara 2025-06-27
2024-12-03 08:43:52+00:00,👥 Ankara 2025-06-26
2024-12-03 08:43:51+00:00,👥 Ankara 2025-06-24
2024-12-03 08:43:20+00:00,👤 Ankara 2025-06-26
2024-12-03 08:43:20+00:00,👤 Ankara 2025-06-24
2024-12-03 08:40:07+00:00,👥 Ankara 2025-06-26
2024-12-03 08:40:05+00:00,👤 Ankara 2025-06-26
2024-12-03 08:40:02+00:00,👤 Ankara 2025-06-24
2024-12-03 08:39:45+00:00,👥 Ankara 2025-06-24
2024-12-03 08:36:43+00:00,👥 Ankara 2025-06-24
2024-12-03 08:36:19+00:00,👤 Ankara 2025-06-24
2024-12-03 08:34:51+00:00,👤 Ankara 2025-06-23
2024-12-03 08:34:44+00:00,👥 Ankara 2025-06-23
2024-12-03 08:31:39+00:00,👥 Ankara 2025-06-23
2024-12-03 08:31:36+00:00,👤 Ankara 2025-06-23
2024-12-03 08:20:44+00:00,👥 Ankara 2025-06-18
2024-12-03 08:20:40+00:00,👤 Ankara 2025-06-18
2024-12-03 08:20:40+00:00,👥 Ankara 2025-06-18
2024-12-03 08:20:39+00:00,👥 Ankara 2025-06-18
2024-12-03 08:20:37+00:00,👤 Ankara 2025-06-18
2024-12-03 08:20:37+00:00,👥 Ankara 2025-06-18
2024-12-03 08:17:35+00:00,👤 Ankara 2025-06-18
2024-12-03 08:17:34+00:00,👥 Ankara 2025-06-18
2024-12-03 08:14:15+00:00,👥 Ankara 2025-06-18
2024-12-03 08:14:15+00:00,👥 Ankara 2025-06-17
2024-12-03 08:13:44+00:00,👤 Ankara 2025-06-18
2024-12-03 08:13:44+00:00,👤 Ankara 2025-06-17
2024-12-03 08:10:41+00:00,👥 Ankara 2025-06-18
2024-12-03 08:10:39+00:00,👤 Ankara 2025-06-18
2024-12-03 08:10:19+00:00,👥 Ankara 2025-06-17
2024-12-03 08:10:01+00:00,👤 Ankara 2025-06-17
2024-12-03 08:06:51+00:00,👥 Ankara 2025-06-17
2024-12-03 08:06:43+00:00,👤 Ankara 2025-06-17
2024-12-03 08:03:26+00:00,👤 Ankara 2025-06-16
2024-12-03 08:03:16+00:00,👥 Ankara 2025-06-16
2024-12-03 08:00:06+00:00,👤 Ankara 2025-06-16
2024-12-03 08:00:02+00:00,👥 Ankara 2025-06-16
2024-12-03 07:30:07+00:00,👤 ❌ Ankara 2025-05-30
2024-12-03 07:30:07+00:00,👥 Ankara 2025-05-30
2024-12-03 07:30:06+00:00,👥 ❌ Ankara 2025-05-30
2024-12-03 07:30:03+00:00,👤 Ankara 2025-05-30
2024-12-03 07:24:45+00:00,👤 Ankara 2025-05-29
2024-12-03 07:24:34+00:00,👥 Ankara 2025-05-29
2024-12-03 07:23:25+00:00,👤 Ankara 2025-05-27
2024-12-03 07:23:19+00:00,👥 Ankara 2025-05-27
2024-12-03 07:20:11+00:00,👥 Ankara 2025-05-27
2024-12-03 07:20:11+00:00,👤 Ankara 2025-05-27
2024-12-03 07:15:21+00:00,👤 Ankara 2025-07-30
2024-12-03 07:00:22+00:00,👤 Ankara 2025-01-03
2024-12-03 06:55:08+00:00,👥 Ankara 2025-05-22
2024-12-03 06:54:55+00:00,👤 Ankara 2025-05-22
2024-12-03 06:40:18+00:00,👤 📩 İstanbul 2025-07-30
2024-12-03 05:05:22+00:00,👤 Ankara 2025-07-28
2024-12-03 05:05:19+00:00,👥 Ankara 2025-07-28
2024-12-03 04:50:22+00:00,👤 İstanbul 2025-07-16
2024-12-03 04:50:21+00:00,👤 İstanbul 2025-06-02
2024-12-03 04:40:23+00:00,👤 İstanbul 2025-06-04
2024-12-03 04:30:21+00:00,👤 Ankara 2025-04-28
2024-12-03 04:05:20+00:00,👤 Ankara 2025-05-21
2024-12-03 03:45:18+00:00,👤 Ankara 2025-02-27
2024-12-03 03:40:22+00:00,👤 📩 İstanbul 2025-07-16
2024-12-03 03:30:20+00:00,👤 İstanbul 2025-06-04
2024-12-03 03:30:14+00:00,👤 📩 İstanbul 2025-08-06
2024-12-03 03:27:03+00:00,👤 📩 İstanbul 2025-08-06
2024-12-03 03:23:20+00:00,👤 📩 İstanbul 2025-08-06
2024-12-03 03:18:59+00:00,👤 📩 İstanbul 2025-08-06
2024-12-03 03:15:08+00:00,👤 📩 İstanbul 2025-08-06
2024-12-03 03:12:02+00:00,👤 📩 İstanbul 2025-08-06
2024-12-03 02:35:20+00:00,👤 İstanbul 2025-06-18
2024-12-03 02:35:18+00:00,👤 İstanbul 2025-02-06
2024-12-03 02:15:19+00:00,👤 Toronto 2025-03-17
2024-12-03 01:50:18+00:00,👤 İstanbul 2025-06-16
2024-12-03 01:25:21+00:00,👤 İstanbul 2025-08-06
2024-12-03 01:25:19+00:00,👤 Ankara 2025-07-28
2024-12-03 01:25:19+00:00,👤 Ankara 2025-05-12
2024-12-03 01:15:21+00:00,👤 Ankara 2025-02-20
2024-12-03 01:15:17+00:00,👤 Ankara 2025-05-21
2024-12-03 01:00:25+00:00,👤 Ankara 2025-03-03
2024-12-03 00:35:19+00:00,👥 Ankara 2025-05-21
2024-12-03 00:35:19+00:00,👤 Ankara 2025-05-21
2024-12-03 00:20:26+00:00,👥 Ankara 2025-05-20
2024-12-03 00:20:21+00:00,👤 Ankara 2025-05-20
2024-12-03 00:00:31+00:00,👤 Ankara 2025-07-30
2024-12-02 23:55:19+00:00,👤 ❌ İstanbul 2025-06-18
2024-12-02 23:50:20+00:00,👥 Ankara 2025-05-21
2024-12-02 23:50:20+00:00,👤 Ankara 2025-05-21
2024-12-02 23:45:19+00:00,👤 İstanbul 2025-05-21
2024-12-02 23:10:19+00:00,👥 Ankara 2025-07-29
2024-12-02 23:10:18+00:00,👤 Ankara 2025-07-29
2024-12-02 23:00:28+00:00,👥 Ankara 2025-06-02
2024-12-02 23:00:25+00:00,👤 Ankara 2025-06-02
2024-12-02 23:00:24+00:00,👥 Ankara 2025-07-10
2024-12-02 23:00:23+00:00,👤 Ankara 2025-07-10
2024-12-02 22:55:20+00:00,👥 Ankara 2025-07-28
2024-12-02 22:55:18+00:00,👤 Ankara 2025-07-28
2024-12-02 22:50:19+00:00,👤 Ankara 2025-02-27
2024-12-02 22:50:18+00:00,👤 İstanbul 2025-06-26
2024-12-02 22:30:29+00:00,👤 ❌ İstanbul 2025-01-21
2024-12-02 22:15:19+00:00,👥 İstanbul 2025-03-05
2024-12-02 22:15:16+00:00,👤 İstanbul 2025-03-05
2024-12-02 22:10:18+00:00,👤 İstanbul 2025-05-21
2024-12-02 22:05:19+00:00,👤 Ankara 2025-06-27
2024-12-02 22:00:24+00:00,👤 İstanbul 2025-06-04
2024-12-02 22:00:12+00:00,👤 📩 İstanbul 2025-08-20
2024-12-02 21:57:11+00:00,👤 📩 İstanbul 2025-08-20
2024-12-02 21:50:22+00:00,👤 İstanbul 2025-07-30
2024-12-02 21:50:19+00:00,👥 İstanbul 2025-07-30
2024-12-02 21:41:02+00:00,👤 📩 İstanbul 2025-07-16
2024-12-02 21:40:18+00:00,👤 Ankara 2025-01-30
2024-12-02 21:35:17+00:00,👤 İstanbul 2025-08-06
2024-12-02 21:30:21+00:00,👤 İstanbul 2025-06-04
2024-12-02 21:25:19+00:00,👥 Ankara 2025-08-15
2024-12-02 21:25:19+00:00,👤 Ankara 2025-08-15
2024-12-02 21:25:18+00:00,👤 İstanbul 2025-07-21
2024-12-02 21:10:30+00:00,👤 📩 İstanbul 2025-07-07
2024-12-02 21:10:22+00:00,👥 Ankara 2025-05-20
2024-12-02 21:10:20+00:00,👤 Ankara 2025-05-20
2024-12-02 21:05:18+00:00,👤 İstanbul 2025-06-18
2024-12-02 20:50:20+00:00,👤 Ankara 2025-03-18
2024-12-02 20:50:17+00:00,👤 Ankara 2025-02-27
2024-12-02 20:45:19+00:00,👤 İstanbul 2025-05-21
2024-12-02 20:35:19+00:00,👤 İstanbul 2025-05-21
2024-12-02 20:20:23+00:00,👤 Ankara 2024-12-06
2024-12-02 20:15:26+00:00,👤 Ankara 2024-12-18
2024-12-02 20:05:24+00:00,👤 İstanbul 2024-12-06
2024-12-02 19:35:19+00:00,👥 Ankara 2025-05-22
2024-12-02 19:35:17+00:00,👤 Ankara 2025-05-22
2024-12-02 19:25:20+00:00,👤 Ankara 2025-07-29
2024-12-02 19:00:23+00:00,👤 İstanbul 2025-05-07
2024-12-02 18:50:18+00:00,👤 İstanbul 2025-05-21
2024-12-02 18:45:17+00:00,👤 İstanbul 2025-03-05
2024-12-02 18:40:19+00:00,👥 Ankara 2025-07-10
2024-12-02 18:40:19+00:00,👤 Ankara 2025-07-10
2024-12-02 18:40:18+00:00,👤 Ankara 2025-04-24
2024-12-02 18:20:20+00:00,👤 Ankara 2025-04-24
2024-12-02 18:00:06+00:00,👤 📩 İstanbul 2025-08-06
2024-12-02 18:00:05+00:00,👤 📩 İstanbul 2025-07-16
2024-12-02 17:55:19+00:00,👤 📩 İstanbul 2025-08-06
2024-12-02 17:53:21+00:00,👤 📩 İstanbul 2025-07-16
2024-12-02 17:48:38+00:00,👤 📩 İstanbul 2025-07-16
2024-12-02 17:45:18+00:00,👤 📩 İstanbul 2025-07-16
2024-12-02 17:45:17+00:00,👤 İstanbul 2025-06-04
2024-12-02 17:45:17+00:00,👤 İstanbul 2025-05-21
2024-12-02 17:25:17+00:00,👤 İstanbul 2025-06-26
2024-12-02 17:00:24+00:00,👤 İstanbul 2025-05-07
2024-12-02 17:00:22+00:00,👤 Ankara 2025-05-12
2024-12-02 16:50:17+00:00,👤 İstanbul 2025-06-17
2024-12-02 16:45:16+00:00,👤 İstanbul 2025-03-05
2024-12-02 16:25:16+00:00,👤 Ankara 2025-04-25
2024-12-02 16:00:29+00:00,👤 İstanbul 2025-06-04
2024-12-02 15:55:16+00:00,👤 📩 İstanbul 2025-05-21
2024-12-02 15:50:17+00:00,👤 Ankara 2025-08-06
2024-12-02 15:50:16+00:00,👤 İstanbul 2025-05-07
2024-12-02 15:35:18+00:00,👤 İstanbul 2025-05-21
2024-12-02 15:07:00+00:00,👤 📩 İstanbul 2025-08-06
2024-12-02 14:50:18+00:00,👤 Ankara 2025-03-19
2024-12-02 14:50:17+00:00,👤 Ankara 2024-12-06
2024-12-02 14:40:18+00:00,👤 İstanbul 2025-03-05
2024-12-02 14:40:18+00:00,👤 İstanbul 2025-05-21
2024-12-02 14:40:16+00:00,👤 Ankara 2025-03-19
2024-12-02 14:10:21+00:00,👤 İstanbul 2025-06-30
2024-12-02 14:05:19+00:00,👤 Ankara 2025-03-04
2024-12-02 14:05:18+00:00,👥 Ankara 2025-03-04
2024-12-02 13:30:36+00:00,👥 Ankara 2025-05-21
2024-12-02 13:30:35+00:00,👤 Ankara 2025-05-21
2024-12-02 13:05:17+00:00,👤 Ankara 2025-02-21
2024-12-02 12:55:15+00:00,👤 İstanbul 2025-06-02
2024-12-02 12:35:16+00:00,👤 Ankara 2025-05-09
2024-12-02 12:35:16+00:00,👥 Ankara 2025-05-09
2024-12-02 12:30:19+00:00,👤 İstanbul 2025-07-25
2024-12-02 12:20:25+00:00,👥 Ankara 2025-02-21
2024-12-02 12:20:20+00:00,👤 Ankara 2025-04-10
2024-12-02 10:45:20+00:00,👥 Ankara 2025-06-12
2024-12-02 10:45:16+00:00,👤 Ankara 2025-06-12
2024-12-02 10:34:21+00:00,👤 İstanbul 2025-03-10
2024-12-02 10:30:15+00:00,👤 İstanbul 2025-03-07
2024-12-02 10:25:38+00:00,👤 İstanbul 2025-03-03
2024-12-02 10:25:12+00:00,👤 İstanbul 2025-03-05
2024-12-02 08:45:22+00:00,👤 Ankara 2025-07-21
2024-12-02 08:20:18+00:00,👤 Ankara 2025-07-14
2024-12-02 07:50:16+00:00,👤 Ankara 2025-03-14
2024-12-02 05:24:44+00:00,👥 Ankara 2024-12-06
2024-12-02 05:05:29+00:00,👥 Ankara 2024-12-06
2024-12-02 04:05:25+00:00,👤 Ankara 2025-02-18
2024-12-02 03:45:19+00:00,👤 İstanbul 2025-08-20
2024-12-02 01:40:19+00:00,👤 Ankara 2025-06-12
2024-12-02 01:40:17+00:00,👥 Ankara 2025-06-12
2024-12-02 00:20:18+00:00,👤 Ankara 2024-12-09
2024-12-01 20:40:18+00:00,👤 İstanbul 2025-06-18
2024-12-01 19:40:28+00:00,👤 İstanbul 2025-02-04
2024-12-01 18:55:21+00:00,👥 Ankara 2024-12-10
2024-12-01 18:55:21+00:00,👤 Ankara 2024-12-10
2024-12-01 18:35:17+00:00,👥 Ankara 2025-03-07
2024-12-01 18:35:16+00:00,👤 Ankara 2025-03-07
2024-12-01 18:25:17+00:00,👤 İstanbul 2025-08-20
2024-12-01 17:50:19+00:00,👤 İstanbul 2025-02-19
2024-12-01 17:24:34+00:00,👤 📩 İstanbul 2025-08-06
2024-12-01 17:20:18+00:00,👤 📩 İstanbul 2025-08-06
2024-12-01 14:00:21+00:00,👤 Ankara 2025-03-19
2024-12-01 13:45:17+00:00,👤 İstanbul 2025-05-21
2024-12-01 13:20:18+00:00,👤 Ankara 2025-07-16
2024-12-01 12:50:23+00:00,👤 Ankara 2025-03-03
2024-12-01 12:45:17+00:00,👤 Ankara 2025-07-24
2024-12-01 12:45:16+00:00,👥 Ankara 2025-07-24
2024-12-01 11:15:19+00:00,👥 Ankara 2025-06-30
2024-12-01 11:15:17+00:00,👤 Ankara 2025-06-30
2024-12-01 11:10:18+00:00,👤 İstanbul 2025-07-30
2024-12-01 10:50:19+00:00,👥 Ankara 2025-06-10
2024-12-01 10:50:17+00:00,👤 Ankara 2025-06-10
2024-12-01 10:10:21+00:00,👤 İstanbul 2025-06-04
2024-12-01 08:55:20+00:00,👤 İstanbul 2025-06-18
2024-12-01 08:45:20+00:00,👤 İstanbul 2025-08-06
2024-12-01 07:45:18+00:00,👤 İstanbul 2025-08-20
2024-12-01 07:00:23+00:00,👥 Ankara 2025-06-04
2024-12-01 07:00:22+00:00,👤 Ankara 2025-06-04
2024-12-01 06:40:20+00:00,👤 İstanbul 2025-07-16
2024-12-01 06:25:20+00:00,👥 Ankara 2025-07-29
2024-12-01 06:25:17+00:00,👤 Ankara 2025-07-29
2024-12-01 06:15:29+00:00,👤 İstanbul 2025-08-20
2024-12-01 06:10:23+00:00,👤 Ankara 2025-08-21
2024-12-01 05:30:19+00:00,👤 Ankara 2025-03-17
2024-12-01 05:28:51+00:00,👤 📩 İstanbul 2025-07-30
2024-12-01 05:25:20+00:00,👤 📩 İstanbul 2025-07-30
2024-12-01 04:25:27+00:00,👤 📩 İstanbul 2025-07-30
2024-12-01 04:25:17+00:00,👤 İstanbul 2025-02-19
2024-12-01 03:40:21+00:00,👤 İstanbul 2025-06-16
2024-12-01 02:30:25+00:00,👤 İstanbul 2025-08-20
2024-12-01 01:20:29+00:00,👤 İstanbul 2025-07-02
2024-12-01 01:20:22+00:00,👤 İstanbul 2024-12-04
2024-12-01 01:05:19+00:00,👤 Ankara 2025-05-07
2024-12-01 00:55:16+00:00,👤 İstanbul 2025-06-16
2024-12-01 00:45:21+00:00,👥 Ankara 2025-06-26
2024-12-01 00:45:16+00:00,👤 Ankara 2025-06-26
2024-12-01 00:35:16+00:00,👤 İstanbul 2025-07-16
2024-12-01 00:15:17+00:00,👤 İstanbul 2025-07-16
2024-11-30 23:50:16+00:00,👤 İstanbul 2025-05-21
2024-11-30 23:40:21+00:00,👤 Ankara 2025-06-18
2024-11-30 23:30:20+00:00,👤 Ankara 2025-03-07
2024-11-30 23:00:29+00:00,👤 Ankara 2024-12-19
2024-11-30 22:30:18+00:00,👤 İstanbul 2025-06-30
2024-11-30 22:25:17+00:00,👤 İstanbul 2025-08-20
2024-11-30 22:15:16+00:00,👤 Ankara 2025-02-27
2024-11-30 22:15:16+00:00,👤 İstanbul 2025-05-07
2024-11-30 22:05:19+00:00,👤 Ankara 2025-05-23
2024-11-30 21:50:22+00:00,👤 Ankara 2025-06-02
2024-11-30 21:50:19+00:00,👥 Ankara 2025-06-02
2024-11-30 21:40:19+00:00,👤 Ankara 2025-03-25
2024-11-30 21:30:19+00:00,👥 Ankara 2025-04-10
2024-11-30 21:30:19+00:00,👤 Ankara 2025-04-10
2024-11-30 21:20:18+00:00,👤 İstanbul 2025-06-04
2024-11-30 21:10:19+00:00,👥 Ankara 2025-03-17
2024-11-30 21:10:18+00:00,👤 Ankara 2025-03-17
2024-11-30 21:05:23+00:00,👥 Ankara 2025-07-22
2024-11-30 21:05:17+00:00,👤 Ankara 2025-07-22
2024-11-30 20:50:19+00:00,👥 Ankara 2025-07-24
2024-11-30 20:50:17+00:00,👤 Ankara 2025-07-24
2024-11-30 20:35:22+00:00,👤 İstanbul 2025-08-06
2024-11-30 20:35:19+00:00,👤 Ankara 2025-04-28
2024-11-30 20:30:21+00:00,👤 İstanbul 2025-08-20
2024-11-30 20:05:21+00:00,👤 İstanbul 2025-06-04
2024-11-30 20:05:17+00:00,👥 Ankara 2025-04-07
2024-11-30 20:05:17+00:00,👤 Ankara 2025-04-07
2024-11-30 20:00:21+00:00,👤 İstanbul 2025-06-18
2024-11-30 19:55:17+00:00,👤 Ankara 2025-04-24
2024-11-30 19:55:16+00:00,👥 Ankara 2025-04-24
2024-11-30 19:45:22+00:00,👥 Ankara 2025-06-10
2024-11-30 19:45:17+00:00,👤 Ankara 2025-06-10
2024-11-30 19:40:20+00:00,👥 Ankara 2025-07-09
2024-11-30 19:40:19+00:00,👤 Ankara 2025-07-09
2024-11-30 19:40:18+00:00,👤 İstanbul 2025-08-20
2024-11-30 19:20:18+00:00,👤 Ankara 2025-04-25
2024-11-30 19:20:18+00:00,👤 Ankara 2025-03-18
2024-11-30 19:15:17+00:00,👤 Ankara 2025-06-18
2024-11-30 19:10:18+00:00,👤 Ankara 2025-08-11
2024-11-30 19:10:18+00:00,👤 Ankara 2025-03-14
2024-11-30 19:05:18+00:00,👤 İstanbul 2025-08-06
2024-11-30 19:05:16+00:00,👤 Ankara 2025-07-01
2024-11-30 18:50:17+00:00,👤 İstanbul 2025-07-21
2024-11-30 18:40:18+00:00,👥 Ankara 2025-03-18
2024-11-30 18:40:17+00:00,👤 Ankara 2025-03-18
2024-11-30 18:30:19+00:00,👤 İstanbul 2025-07-02
2024-11-30 18:25:20+00:00,👤 Ankara 2025-05-05
2024-11-30 18:25:18+00:00,👥 Ankara 2025-05-05
2024-11-30 18:20:21+00:00,👤 Ankara 2025-07-02
2024-11-30 18:20:19+00:00,👥 Ankara 2025-07-02
2024-11-30 18:10:22+00:00,👤 İstanbul 2024-12-04
2024-11-30 18:10:18+00:00,👥 İstanbul 2024-12-04
2024-11-30 18:05:21+00:00,👥 Ankara 2025-07-28
2024-11-30 18:05:20+00:00,👥 Ankara 2025-07-11
2024-11-30 18:05:19+00:00,👤 Ankara 2025-07-28
2024-11-30 18:05:19+00:00,👤 Ankara 2025-07-11
2024-11-30 17:50:18+00:00,👤 Ankara 2025-06-30
2024-11-30 17:40:20+00:00,👤 İstanbul 2025-06-04
2024-11-30 17:25:18+00:00,👤 İstanbul 2025-07-21
2024-11-30 17:25:17+00:00,👤 İstanbul 2025-07-02
2024-11-30 17:20:18+00:00,👤 Ankara 2025-04-10
2024-11-30 17:20:17+00:00,👤 Ankara 2025-05-28
2024-11-30 16:50:16+00:00,👤 Ankara 2025-03-18
2024-11-30 16:45:20+00:00,👤 Ankara 2025-07-16
2024-11-30 16:45:19+00:00,👥 Ankara 2025-07-16
2024-11-30 16:40:20+00:00,👥 Ankara 2025-05-23
2024-11-30 16:40:17+00:00,👤 Ankara 2025-05-23
2024-11-30 16:15:18+00:00,👤 İstanbul 2025-07-30
2024-11-30 16:15:17+00:00,👤 İstanbul 2025-07-16
2024-11-30 16:15:16+00:00,👤 Ankara 2025-08-19
2024-11-30 16:10:19+00:00,👤 Ankara 2025-03-14
2024-11-30 16:05:17+00:00,👤 İstanbul 2025-06-04
2024-11-30 15:55:16+00:00,👤 İstanbul 2025-07-30
2024-11-30 15:55:15+00:00,👥 İstanbul 2025-07-30
2024-11-30 15:50:18+00:00,👤 Ankara 2025-03-25
2024-11-30 15:45:17+00:00,👤 Ankara 2025-07-07
2024-11-30 15:40:19+00:00,👥 Ankara 2025-06-10
2024-11-30 15:40:17+00:00,👤 Ankara 2025-06-10
2024-11-30 15:30:21+00:00,👤 İstanbul 2025-05-07
2024-11-30 14:35:17+00:00,👤 Ankara 2025-03-25
2024-11-30 14:20:19+00:00,👤 Ankara 2025-03-03
2024-11-30 14:15:20+00:00,👤 İstanbul 2025-06-30
2024-11-30 14:10:18+00:00,👤 İstanbul 2025-02-18
2024-11-30 14:00:24+00:00,👤 İstanbul 2025-06-04
2024-11-30 14:00:22+00:00,👤 İstanbul 2025-02-19
2024-11-30 14:00:21+00:00,👤 Ankara 2025-06-23
2024-11-30 14:00:21+00:00,👥 Ankara 2025-06-23
2024-11-30 13:55:18+00:00,👤 İstanbul 2025-07-29
2024-11-30 13:45:18+00:00,👤 İstanbul 2025-08-06
2024-11-30 13:45:17+00:00,👤 İstanbul 2025-06-04
2024-11-30 13:30:21+00:00,👥 Ankara 2025-04-28
2024-11-30 13:30:20+00:00,👤 Ankara 2025-04-28
2024-11-30 13:00:23+00:00,👤 İstanbul 2025-06-18
2024-11-30 12:40:18+00:00,👥 Ankara 2025-06-10
2024-11-30 12:40:18+00:00,👤 Ankara 2025-06-10
2024-11-30 12:35:19+00:00,👥 Ankara 2025-03-19
2024-11-30 12:35:18+00:00,👤 Ankara 2025-04-22
2024-11-30 12:35:18+00:00,👤 Ankara 2025-03-19
2024-11-30 12:35:16+00:00,👥 Ankara 2025-04-22
2024-11-30 12:20:24+00:00,👥 Ankara 2025-05-15
2024-11-30 12:20:17+00:00,👤 Ankara 2025-05-15
2024-11-30 12:10:18+00:00,👤 İstanbul 2025-08-06
2024-11-30 12:10:18+00:00,👤 İstanbul 2025-06-02
2024-11-30 12:05:19+00:00,👥 Ankara 2025-04-08
2024-11-30 12:05:19+00:00,👤 Ankara 2025-04-08
2024-11-30 12:05:17+00:00,👤 Ankara 2025-03-07
2024-11-30 12:05:17+00:00,👥 Ankara 2025-03-07
2024-11-30 12:00:27+00:00,👤 İstanbul 2025-08-06
2024-11-30 12:00:23+00:00,👤 Ankara 2025-04-16
2024-11-30 12:00:23+00:00,👥 Ankara 2025-04-16
2024-11-30 12:00:22+00:00,👤 İstanbul 2025-06-27
2024-11-30 12:00:21+00:00,👤 İstanbul 2025-06-04
2024-11-30 11:55:17+00:00,👤 İstanbul 2025-07-02
2024-11-30 11:50:19+00:00,👤 İstanbul 2025-02-13
2024-11-30 11:45:19+00:00,👤 İstanbul 2025-07-22
2024-11-30 11:40:45+00:00,👤 Ankara 2025-08-05
2024-11-30 11:40:20+00:00,👤 Ankara 2025-05-22
2024-11-30 11:40:18+00:00,👤 Ankara 2025-07-09
2024-11-30 11:40:18+00:00,👤 Ankara 2025-04-21
2024-11-30 11:35:17+00:00,👤 Ankara 2025-07-08
2024-11-30 11:30:19+00:00,👤 İstanbul 2025-02-20
2024-11-30 11:20:18+00:00,👤 İstanbul 2025-08-06
2024-11-30 11:05:22+00:00,👤 İstanbul 2025-06-02
2024-11-30 11:00:24+00:00,👥 Ankara 2025-05-12
2024-11-30 11:00:24+00:00,👥 Ankara 2025-03-14
2024-11-30 11:00:23+00:00,👤 Ankara 2025-05-12
2024-11-30 11:00:23+00:00,👤 Ankara 2025-03-14
2024-11-30 10:55:17+00:00,👤 📩 İstanbul 2025-02-05
2024-11-30 10:50:25+00:00,👥 Ankara 2025-07-14
2024-11-30 10:50:17+00:00,👤 Ankara 2025-07-14
2024-11-30 10:45:19+00:00,👤 Ankara 2025-03-24
2024-11-30 10:40:21+00:00,👤 İstanbul 2025-07-16
2024-11-30 10:40:21+00:00,👤 İstanbul 2025-07-02
2024-11-30 10:40:20+00:00,👤 Ankara 2025-04-10
2024-11-30 10:40:19+00:00,👥 Ankara 2025-04-10
2024-11-30 10:25:39+00:00,👥 Ankara 2025-07-09
2024-11-30 10:25:35+00:00,👤 Ankara 2025-07-09
2024-11-30 10:25:21+00:00,👤 Ankara 2025-05-15
2024-11-30 10:25:18+00:00,👥 Ankara 2025-05-15
2024-11-30 10:25:18+00:00,👤 Ankara 2025-04-29
2024-11-30 10:25:18+00:00,👥 Ankara 2025-04-29
2024-11-30 10:25:16+00:00,👤 İstanbul 2025-05-07
2024-11-30 10:25:16+00:00,👤 Ankara 2025-07-09
2024-11-30 10:20:19+00:00,👤 Ankara 2025-03-10
2024-11-30 10:15:18+00:00,👤 Ankara 2025-07-16
2024-11-30 10:15:18+00:00,👤 Ankara 2025-05-08
2024-11-30 10:15:17+00:00,👥 Ankara 2025-05-08
2024-11-30 10:10:19+00:00,👤 İstanbul 2025-07-21
2024-11-30 10:10:18+00:00,👤 İstanbul 2025-07-08
2024-11-30 09:50:19+00:00,👤 İstanbul 2025-08-20
2024-11-30 09:40:18+00:00,👤 Ankara 2025-06-16
2024-11-30 09:40:18+00:00,👤 İstanbul 2025-07-02
2024-11-30 09:35:28+00:00,👥 Ankara 2025-03-27
2024-11-30 09:35:26+00:00,👤 Ankara 2025-03-27
2024-11-30 09:35:21+00:00,👥 Ankara 2025-03-17
2024-11-30 09:35:21+00:00,👥 Ankara 2025-03-14
2024-11-30 09:35:18+00:00,👤 Ankara 2025-03-17
2024-11-30 09:35:17+00:00,👤 Ankara 2025-03-14
2024-11-30 09:30:24+00:00,👥 Ankara 2025-04-24
2024-11-30 09:30:19+00:00,👤 Ankara 2025-04-24
2024-11-30 09:30:19+00:00,👤 İstanbul 2025-07-07
2024-11-30 09:30:19+00:00,👤 İstanbul 2025-06-18
2024-11-30 09:00:25+00:00,👥 Ankara 2025-03-18
2024-11-30 09:00:25+00:00,👤 Ankara 2025-03-18
2024-11-30 09:00:23+00:00,👤 İstanbul 2025-07-22
2024-11-30 08:40:21+00:00,👤 Ankara 2025-07-10
2024-11-30 08:35:22+00:00,👤 📩 İstanbul 2025-08-06
2024-11-30 08:30:21+00:00,👤 Ankara 2025-07-16
2024-11-30 08:30:21+00:00,👤 İstanbul 2025-06-04
2024-11-30 08:15:17+00:00,👤 İstanbul 2025-08-20
2024-11-30 08:10:18+00:00,👤 Ankara 2025-04-18
2024-11-30 08:05:22+00:00,👥 Ankara 2025-06-27
2024-11-30 08:05:18+00:00,👤 Ankara 2025-06-27
2024-11-30 08:05:18+00:00,👤 İstanbul 2025-06-10
2024-11-30 08:00:22+00:00,👤 Ankara 2024-12-12
2024-11-30 07:55:16+00:00,👤 İstanbul 2025-06-02
2024-11-30 07:50:24+00:00,👥 Ankara 2025-08-14
2024-11-30 07:50:21+00:00,👥 Ankara 2025-03-07
2024-11-30 07:50:20+00:00,👥 İstanbul 2025-06-18
2024-11-30 07:50:19+00:00,👤 Ankara 2025-03-07
2024-11-30 07:50:18+00:00,👤 Ankara 2025-08-14
2024-11-30 07:50:17+00:00,👤 İstanbul 2025-06-18
2024-11-30 07:45:17+00:00,👤 İstanbul 2025-07-02
2024-11-30 07:40:21+00:00,👤 İstanbul 2025-02-19
2024-11-30 07:35:24+00:00,👤 İstanbul 2025-08-06
2024-11-30 07:35:23+00:00,👤 İstanbul 2025-06-18
2024-11-30 07:35:22+00:00,👤 İstanbul 2025-02-11
2024-11-30 07:30:27+00:00,👥 Ankara 2025-04-24
2024-11-30 07:30:18+00:00,👤 Ankara 2025-04-24
2024-11-30 07:20:18+00:00,👤 İstanbul 2025-06-18
2024-11-30 07:10:18+00:00,👤 Ankara 2025-05-07
2024-11-30 07:05:18+00:00,👤 Ankara 2025-08-19
2024-11-30 07:00:23+00:00,👤 İstanbul 2025-07-02
2024-11-30 07:00:22+00:00,👤 İstanbul 2025-06-18
2024-11-30 06:55:17+00:00,👤 İstanbul 2025-06-04
2024-11-30 06:50:18+00:00,👤 📩 İstanbul 2025-07-16
2024-11-30 06:50:17+00:00,👤 Ankara 2025-07-01
2024-11-30 06:45:17+00:00,👤 İstanbul 2025-06-04
2024-11-30 06:41:54+00:00,👤 📩 İstanbul 2025-07-16
2024-11-30 06:38:48+00:00,👤 📩 İstanbul 2025-07-16
2024-11-30 06:35:24+00:00,👤 📩 İstanbul 2025-07-16
2024-11-30 06:30:19+00:00,👤 İstanbul 2025-06-04
2024-11-30 06:25:20+00:00,👤 Ankara 2025-03-10
2024-11-30 06:25:17+00:00,👤 İstanbul 2025-06-18
2024-11-30 06:25:17+00:00,👤 İstanbul 2025-06-16
2024-11-30 06:25:16+00:00,👥 Ankara 2025-03-10
2024-11-30 06:20:19+00:00,👤 İstanbul 2025-02-19
2024-11-30 06:10:20+00:00,👥 Ankara 2025-08-22
2024-11-30 06:10:19+00:00,👤 Ankara 2025-08-22
2024-11-30 06:06:43+00:00,👤 📩 İstanbul 2025-07-30
2024-11-30 06:06:42+00:00,👤 📩 İstanbul 2025-06-04
2024-11-30 06:05:19+00:00,👤 İstanbul 2025-07-02
2024-11-30 06:05:19+00:00,👤 İstanbul 2025-06-27
2024-11-30 06:00:32+00:00,👥 Ankara 2025-07-01
2024-11-30 06:00:24+00:00,👤 Ankara 2025-07-01
2024-11-30 05:50:17+00:00,👤 İstanbul 2025-06-04
2024-11-30 05:45:20+00:00,👥 Ankara 2025-04-10
2024-11-30 05:45:19+00:00,👤 Ankara 2025-04-10
2024-11-30 05:45:18+00:00,👤 İstanbul 2025-07-02
2024-11-30 05:40:22+00:00,👤 İstanbul 2025-07-16
2024-11-30 05:40:22+00:00,👤 İstanbul 2025-06-04
2024-11-30 05:35:16+00:00,👤 Ankara 2025-07-07
2024-11-30 05:30:20+00:00,👤 Ankara 2025-02-27
2024-11-30 05:30:18+00:00,👤 İstanbul 2025-08-06
2024-11-30 05:25:19+00:00,👤 İstanbul 2025-07-30
2024-11-30 05:20:20+00:00,👤 İstanbul 2025-02-19
2024-11-30 05:20:18+00:00,👤 Ankara 2025-08-18
2024-11-30 05:20:17+00:00,👤 Ankara 2025-05-09
2024-11-30 05:15:18+00:00,👤 Ankara 2025-04-15
2024-11-30 05:15:17+00:00,👤 Ankara 2025-03-06
2024-11-30 05:10:23+00:00,👥 İstanbul 2025-06-17
2024-11-30 05:10:20+00:00,👤 İstanbul 2025-06-17
2024-11-30 05:10:20+00:00,👤 Ankara 2025-03-24
2024-11-30 05:05:17+00:00,👤 İstanbul 2025-06-10
2024-11-30 05:05:16+00:00,👤 İstanbul 2025-06-26
2024-11-30 04:55:18+00:00,👥 İstanbul 2025-08-20
2024-11-30 04:55:17+00:00,👤 İstanbul 2025-08-20
2024-11-30 04:40:20+00:00,👥 Ankara 2025-06-23
2024-11-30 04:40:20+00:00,👥 Ankara 2025-05-20
2024-11-30 04:40:18+00:00,👤 Ankara 2025-06-23
2024-11-30 04:40:17+00:00,👤 İstanbul 2025-06-30
2024-11-30 04:40:17+00:00,👤 Ankara 2025-05-20
2024-11-30 04:35:22+00:00,👤 İstanbul 2025-07-02
2024-11-30 04:30:28+00:00,👥 Ankara 2025-03-11
2024-11-30 04:30:26+00:00,👤 İstanbul 2025-06-10
2024-11-30 04:30:25+00:00,👤 İstanbul 2025-05-21
2024-11-30 04:30:18+00:00,👤 Ankara 2025-03-11
2024-11-30 04:25:21+00:00,👥 Ankara 2025-03-05
2024-11-30 04:25:17+00:00,👤 Ankara 2025-03-05
2024-11-30 04:20:18+00:00,👤 Ankara 2025-03-20
2024-11-30 04:20:17+00:00,👥 Ankara 2025-03-20
2024-11-30 04:15:19+00:00,👤 İstanbul 2025-06-04
2024-11-30 04:15:18+00:00,👤 Ankara 2025-05-07
2024-11-30 04:10:18+00:00,👤 Ankara 2025-03-06
2024-11-30 04:05:16+00:00,👤 İstanbul 2025-07-02
2024-11-30 04:05:16+00:00,👤 Ankara 2025-03-27
2024-11-30 04:00:22+00:00,👤 Ankara 2025-04-25
2024-11-30 03:55:16+00:00,👤 İstanbul 2025-07-16
2024-11-30 03:55:14+00:00,👤 İstanbul 2025-06-04
2024-11-30 03:50:22+00:00,👤 Ankara 2025-04-24
2024-11-30 03:50:22+00:00,👤 Ankara 2025-03-04
2024-11-30 03:40:17+00:00,👤 İstanbul 2025-05-21
2024-11-30 03:35:20+00:00,👤 Ankara 2025-05-15
2024-11-30 03:35:19+00:00,👤 İstanbul 2025-06-04
2024-11-30 03:30:33+00:00,👥 Ankara 2025-03-27
2024-11-30 03:30:27+00:00,👤 Ankara 2025-07-24
2024-11-30 03:30:22+00:00,👤 İstanbul 2025-06-04
2024-11-30 03:30:22+00:00,👤 İstanbul 2025-05-21
2024-11-30 03:30:21+00:00,👥 Ankara 2025-07-24
2024-11-30 03:30:20+00:00,👤 Ankara 2025-03-27
2024-11-30 03:30:20+00:00,👤 Ankara 2025-03-06
2024-11-30 03:25:19+00:00,👥 Ankara 2025-04-25
2024-11-30 03:25:19+00:00,👤 Ankara 2025-04-25
2024-11-30 03:25:19+00:00,👥 Ankara 2025-04-21
2024-11-30 03:25:19+00:00,👤 Ankara 2025-04-21
2024-11-30 03:25:17+00:00,👤 İstanbul 2025-07-25
2024-11-30 03:20:16+00:00,👤 İstanbul 2025-07-07
2024-11-30 03:15:20+00:00,👤 İstanbul 2025-06-02
2024-11-30 03:10:21+00:00,👤 İstanbul 2025-06-04
2024-11-30 03:05:42+00:00,👤 İstanbul 2025-07-30
2024-11-30 03:05:22+00:00,👤 İstanbul 2025-06-26
2024-11-30 03:05:21+00:00,👤 İstanbul 2025-06-04
2024-11-30 03:00:28+00:00,👤 İstanbul 2025-06-27
2024-11-30 02:55:15+00:00,👤 Ankara 2025-03-24
2024-11-30 02:50:18+00:00,👤 Ankara 2025-02-24
2024-11-30 02:50:18+00:00,👥 İstanbul 2025-08-20
2024-11-30 02:50:16+00:00,👤 İstanbul 2025-08-20
2024-11-30 02:49:19+00:00,👤 📩 İstanbul 2025-07-14
2024-11-30 02:45:19+00:00,👤 📩 İstanbul 2025-07-14
2024-11-30 02:45:18+00:00,👤 İstanbul 2025-07-16
2024-11-30 02:45:18+00:00,👤 İstanbul 2025-03-04
2024-11-30 02:40:36+00:00,👤 Ankara 2025-06-13
2024-11-30 02:40:23+00:00,👥 Ankara 2025-03-17
2024-11-30 02:40:19+00:00,👤 Ankara 2025-04-18
2024-11-30 02:40:19+00:00,👤 Ankara 2025-03-17
2024-11-30 02:25:16+00:00,👤 İstanbul 2025-02-19
2024-11-30 02:20:21+00:00,👤 İstanbul 2025-06-27
2024-11-30 02:20:21+00:00,👤 İstanbul 2025-05-21
2024-11-30 02:15:19+00:00,👤 Ankara 2025-04-21
2024-11-30 02:15:19+00:00,👤 Ankara 2025-03-07
2024-11-30 02:10:19+00:00,👤 İstanbul 2025-02-20
2024-11-30 01:50:17+00:00,👥 Ankara 2025-04-22
2024-11-30 01:50:17+00:00,👥 Ankara 2025-04-18
2024-11-30 01:50:17+00:00,👤 Ankara 2025-04-22
2024-11-30 01:50:16+00:00,👤 Ankara 2025-04-18
2024-11-30 01:45:18+00:00,👥 Ankara 2025-03-28
2024-11-30 01:45:17+00:00,👤 Ankara 2025-03-28
2024-11-30 01:40:24+00:00,👥 Ankara 2025-04-16
2024-11-30 01:40:23+00:00,👤 Ankara 2025-07-11
2024-11-30 01:40:21+00:00,👤 Ankara 2025-04-22
2024-11-30 01:40:20+00:00,👤 Ankara 2025-04-16
2024-11-30 01:40:18+00:00,👥 Ankara 2025-07-11
2024-11-30 01:40:18+00:00,👥 Ankara 2025-04-22
2024-11-30 01:35:17+00:00,👤 İstanbul 2025-06-03
2024-11-30 01:30:21+00:00,👤 İstanbul 2025-08-06
2024-11-30 01:30:21+00:00,👤 İstanbul 2025-05-21
2024-11-30 01:25:19+00:00,👤 Ankara 2025-04-11
2024-11-30 01:25:19+00:00,👤 Ankara 2025-03-25
2024-11-30 01:25:19+00:00,👥 Ankara 2025-04-11
2024-11-30 01:25:18+00:00,👥 Ankara 2025-03-25
2024-11-30 01:15:16+00:00,👤 İstanbul 2025-07-24
2024-11-30 01:10:21+00:00,👤 İstanbul 2025-06-30
2024-11-30 01:05:19+00:00,👤 Ankara 2025-03-06
2024-11-30 01:05:19+00:00,👤 Ankara 2025-02-28
2024-11-30 01:05:17+00:00,👤 İstanbul 2025-02-18
2024-11-30 01:00:23+00:00,👤 Ankara 2025-03-24
2024-11-30 01:00:23+00:00,👤 Ankara 2025-03-05
2024-11-30 00:55:21+00:00,👤 Ankara 2025-06-10
2024-11-30 00:55:21+00:00,👤 Ankara 2025-05-22
2024-11-30 00:50:17+00:00,👤 Ankara 2025-03-20
2024-11-30 00:45:32+00:00,👥 Ankara 2025-05-08
2024-11-30 00:45:19+00:00,👤 Ankara 2025-05-08
2024-11-30 00:40:23+00:00,👤 İstanbul 2025-06-02
2024-11-30 00:40:20+00:00,👤 Ankara 2025-03-03
2024-11-30 00:38:15+00:00,👤 📩 İstanbul 2025-08-20
2024-11-30 00:34:13+00:00,👤 📩 İstanbul 2025-08-20
2024-11-30 00:30:22+00:00,👤 İstanbul 2025-02-13
2024-11-30 00:28:58+00:00,👤 📩 İstanbul 2025-08-20
2024-11-30 00:25:21+00:00,👤 📩 İstanbul 2025-08-20
2024-11-30 00:25:16+00:00,👤 İstanbul 2025-05-07
2024-11-30 00:25:16+00:00,👤 Ankara 2025-03-14
2024-11-30 00:25:15+00:00,👥 Ankara 2025-03-14
2024-11-30 00:15:21+00:00,👥 Ankara 2025-07-31
2024-11-30 00:15:18+00:00,👤 Ankara 2025-07-31
2024-11-30 00:05:19+00:00,👤 İstanbul 2025-07-22
2024-11-30 00:05:19+00:00,👤 İstanbul 2025-05-21
2024-11-30 00:05:18+00:00,👤 Ankara 2025-04-15
2024-11-30 00:00:26+00:00,👤 İstanbul 2025-06-18
2024-11-30 00:00:26+00:00,👤 İstanbul 2025-05-21
2024-11-29 23:55:19+00:00,👤 İstanbul 2025-06-30
2024-11-29 23:45:22+00:00,👥 Ankara 2025-05-23
2024-11-29 23:45:18+00:00,👤 Ankara 2025-05-23
2024-11-29 23:45:18+00:00,👤 Ankara 2025-03-14
2024-11-29 23:41:06+00:00,👥 Ankara 2025-08-18
2024-11-29 23:40:20+00:00,👤 Ankara 2025-08-18
2024-11-29 23:40:18+00:00,👤 İstanbul 2025-08-20
2024-11-29 23:40:18+00:00,👤 İstanbul 2025-05-07
2024-11-29 23:40:18+00:00,👤 Ankara 2025-07-08
2024-11-29 23:40:18+00:00,👤 Ankara 2025-03-25
2024-11-29 23:35:19+00:00,👥 Ankara 2025-04-10
2024-11-29 23:35:17+00:00,👤 İstanbul 2025-08-20
2024-11-29 23:35:15+00:00,👤 Ankara 2025-04-10
2024-11-29 23:35:15+00:00,👤 Ankara 2025-03-20
2024-11-29 23:15:21+00:00,👤 Ankara 2025-05-13
2024-11-29 23:15:19+00:00,👤 İstanbul 2025-05-21
2024-11-29 23:15:16+00:00,👤 İstanbul 2025-07-02
2024-11-29 23:10:19+00:00,👤 Ankara 2025-03-03
2024-11-29 23:10:18+00:00,👤 Ankara 2025-05-05
2024-11-29 23:05:19+00:00,👤 Ankara 2025-03-17
2024-11-29 23:05:17+00:00,👤 İstanbul 2025-02-19
2024-11-29 23:00:23+00:00,👥 Ankara 2025-03-04
2024-11-29 23:00:22+00:00,👤 Ankara 2025-03-04
2024-11-29 23:00:21+00:00,👤 İstanbul 2025-08-06
2024-11-29 22:55:24+00:00,👥 Ankara 2025-07-29
2024-11-29 22:55:16+00:00,👤 Ankara 2025-07-29
2024-11-29 22:55:15+00:00,👥 Ankara 2025-04-18
2024-11-29 22:55:15+00:00,👤 Ankara 2025-04-18
2024-11-29 22:50:19+00:00,👤 İstanbul 2025-02-19
2024-11-29 22:50:18+00:00,👤 İstanbul 2025-02-18
2024-11-29 22:45:17+00:00,👤 Ankara 2025-03-06
2024-11-29 22:40:20+00:00,👤 Ankara 2025-08-11
2024-11-29 22:40:19+00:00,👤 Ankara 2025-03-07
2024-11-29 22:40:17+00:00,👥 Ankara 2025-08-11
2024-11-29 22:40:16+00:00,👥 Ankara 2025-03-07
2024-11-29 22:35:25+00:00,👤 İstanbul 2025-06-04
2024-11-29 22:35:24+00:00,👤 İstanbul 2025-05-21
2024-11-29 22:35:24+00:00,👥 Ankara 2025-03-14
2024-11-29 22:35:22+00:00,👤 İstanbul 2025-02-19
2024-11-29 22:35:22+00:00,👤 İstanbul 2025-02-07
2024-11-29 22:35:22+00:00,👥 Ankara 2025-03-03
2024-11-29 22:35:21+00:00,👤 Ankara 2025-03-14
2024-11-29 22:35:18+00:00,👤 Ankara 2025-03-03
2024-11-29 22:25:23+00:00,👤 İstanbul 2025-06-27
2024-11-29 22:25:23+00:00,👥 İstanbul 2025-07-16
2024-11-29 22:25:23+00:00,👤 İstanbul 2025-06-10
2024-11-29 22:25:18+00:00,👥 Ankara 2025-04-29
2024-11-29 22:25:17+00:00,👥 ❌ İstanbul 2025-07-30
2024-11-29 22:25:15+00:00,👤 Ankara 2025-04-29
2024-11-29 22:20:19+00:00,👤 Ankara 2025-07-16
2024-11-29 22:20:19+00:00,👥 Ankara 2025-07-16
2024-11-29 22:20:19+00:00,👤 Ankara 2025-03-14
2024-11-29 22:20:19+00:00,👥 Ankara 2025-03-14
2024-11-29 22:15:23+00:00,👤 İstanbul 2025-06-27
2024-11-29 22:15:18+00:00,👤 Ankara 2025-07-09
2024-11-29 22:15:18+00:00,👥 Ankara 2025-07-09
2024-11-29 22:15:18+00:00,👤 İstanbul 2025-06-10
2024-11-29 22:15:17+00:00,👤 İstanbul 2025-02-19
2024-11-29 22:10:58+00:00,👤 Ankara 2024-12-04
2024-11-29 22:10:29+00:00,👥 Ankara 2025-07-16
2024-11-29 22:10:28+00:00,👥 ❌ Ankara 2025-03-03
2024-11-29 22:10:25+00:00,👤 Ankara 2025-07-16
2024-11-29 22:10:23+00:00,👥 Ankara 2025-04-10
2024-11-29 22:10:20+00:00,👤 Ankara 2025-04-10
2024-11-29 22:10:20+00:00,👤 İstanbul 2025-06-18
2024-11-29 22:10:20+00:00,👤 Ankara 2025-03-03
2024-11-29 22:10:19+00:00,👥 Ankara 2025-03-03
2024-11-29 22:10:17+00:00,👤 İstanbul 2025-07-30
2024-11-29 22:05:18+00:00,👤 İstanbul 2025-06-04
2024-11-29 22:05:17+00:00,👤 Ankara 2025-06-23
2024-11-29 22:05:17+00:00,👤 Ankara 2025-04-07
2024-11-29 22:00:29+00:00,👤 İstanbul 2025-07-02
2024-11-29 22:00:25+00:00,👤 İstanbul 2025-06-18
2024-11-29 22:00:25+00:00,👤 İstanbul 2025-06-04
2024-11-29 22:00:22+00:00,👤 Ankara 2025-05-15
2024-11-29 22:00:22+00:00,👥 Ankara 2025-05-15
2024-11-29 22:00:22+00:00,👤 Ankara 2025-03-11
2024-11-29 21:55:19+00:00,👤 İstanbul 2025-06-04
2024-11-29 21:55:19+00:00,👤 İstanbul 2025-05-21
2024-11-29 21:50:37+00:00,👤 Ankara 2025-08-05
2024-11-29 21:50:32+00:00,👥 ❌ Ankara 2025-04-28
2024-11-29 21:50:30+00:00,👤 Ankara 2025-04-28
2024-11-29 21:50:24+00:00,👤 Ankara 2025-04-07
2024-11-29 21:50:23+00:00,👤 Ankara 2025-03-24
2024-11-29 21:50:22+00:00,👥 Ankara 2025-04-28
2024-11-29 21:50:19+00:00,👥 Ankara 2025-03-21
2024-11-29 21:50:18+00:00,👤 Ankara 2024-12-04
2024-11-29 21:50:17+00:00,👤 Ankara 2025-03-19
2024-11-29 21:50:17+00:00,👤 Ankara 2025-03-07
2024-11-29 21:50:17+00:00,👤 İstanbul 2025-06-10
2024-11-29 21:45:30+00:00,👤 Ankara 2025-01-06
2024-11-29 21:45:19+00:00,👤 Ankara 2025-03-17
2024-11-29 21:45:19+00:00,👤 İstanbul 2025-02-19
2024-11-29 21:45:18+00:00,👤 İstanbul 2025-02-18
2024-11-29 21:45:17+00:00,👥 Ankara 2025-03-17
2024-11-29 21:40:24+00:00,👤 İstanbul 2025-06-04
2024-11-29 21:40:22+00:00,👤 İstanbul 2025-05-07
2024-11-29 21:40:19+00:00,👤 İstanbul 2025-02-19
2024-11-29 21:40:19+00:00,👤 İstanbul 2025-02-21
2024-11-29 21:35:16+00:00,👤 Ankara 2025-08-14
2024-11-29 21:30:26+00:00,👥 Ankara 2024-12-06
2024-11-29 21:30:20+00:00,👤 İstanbul 2025-06-16
2024-11-29 21:30:20+00:00,👤 Ankara 2025-03-28
2024-11-29 21:30:20+00:00,👤 Ankara 2024-12-06
2024-11-29 21:30:19+00:00,👤 İstanbul 2025-06-04
2024-11-29 21:25:24+00:00,👤 İstanbul 2025-07-08
2024-11-29 21:25:16+00:00,👤 İstanbul 2025-06-18
2024-11-29 21:25:16+00:00,👤 İstanbul 2025-06-04
2024-11-29 21:20:22+00:00,👤 Ankara 2025-04-28
2024-11-29 21:20:22+00:00,👤 Ankara 2025-03-28
2024-11-29 21:20:18+00:00,👤 Ankara 2025-03-03
2024-11-29 21:20:17+00:00,👤 Ankara 2025-03-20
2024-11-29 21:15:17+00:00,👤 İstanbul 2025-01-15
2024-11-29 21:15:17+00:00,👤 Ankara 2025-04-08
2024-11-29 21:10:22+00:00,👥 Ankara 2025-03-03
2024-11-29 21:05:26+00:00,👤 İstanbul 2025-07-16
2024-11-29 21:05:21+00:00,👤 Ankara 2025-04-24
2024-11-29 21:05:18+00:00,👤 İstanbul 2025-07-02
2024-11-29 21:05:17+00:00,👤 İstanbul 2025-02-19
2024-11-29 21:03:28+00:00,👥 ❌ İstanbul 2025-07-16
2024-11-29 21:00:26+00:00,👤 İstanbul 2025-02-19
2024-11-29 21:00:24+00:00,👤 Ankara 2025-03-10
2024-11-29 21:00:23+00:00,👥 ❌ İstanbul 2025-07-16
2024-11-29 21:00:22+00:00,👥 Ankara 2025-03-10
2024-11-29 20:55:24+00:00,👥 Ankara 2025-08-19
2024-11-29 20:55:23+00:00,👥 Ankara 2025-06-13
2024-11-29 20:55:21+00:00,👤 Ankara 2025-08-19
2024-11-29 20:55:17+00:00,👤 Ankara 2025-06-13
2024-11-29 20:55:17+00:00,👤 Ankara 2025-03-10
2024-11-29 20:50:19+00:00,👤 Ankara 2025-03-07
2024-11-29 20:50:18+00:00,👥 Ankara 2025-03-07
2024-11-29 20:50:17+00:00,👤 İstanbul 2025-02-19
2024-11-29 20:45:17+00:00,👤 İstanbul 2025-06-02
2024-11-29 20:45:16+00:00,👥 İstanbul 2025-06-02
2024-11-29 20:40:23+00:00,👤 İstanbul 2025-02-19
2024-11-29 20:40:21+00:00,👤 İstanbul 2025-02-18
2024-11-29 20:40:20+00:00,👤 İstanbul 2025-02-11
2024-11-29 20:35:21+00:00,👤 İstanbul 2025-06-04
2024-11-29 20:35:20+00:00,👤 İstanbul 2025-02-19
2024-11-29 20:35:19+00:00,👤 Ankara 2025-04-11
2024-11-29 20:35:17+00:00,👥 Ankara 2025-04-11
2024-11-29 20:30:20+00:00,👤 İstanbul 2025-07-30
2024-11-29 20:30:20+00:00,👥 ❌ İstanbul 2025-05-21
2024-11-29 20:30:19+00:00,👤 İstanbul 2025-02-19
2024-11-29 20:25:16+00:00,👤 İstanbul 2025-02-19
2024-11-29 20:20:20+00:00,👤 İstanbul 2025-02-19
2024-11-29 20:20:19+00:00,👤 İstanbul 2025-02-18
2024-11-29 20:15:20+00:00,👤 İstanbul 2025-07-16
2024-11-29 20:15:19+00:00,👤 İstanbul 2025-05-08
2024-11-29 20:15:18+00:00,👤 İstanbul 2025-02-19
2024-11-29 20:15:17+00:00,👤 Ankara 2025-03-05
2024-11-29 20:10:20+00:00,👤 Ankara 2025-03-03
2024-11-29 20:05:19+00:00,👥 İstanbul 2025-02-11
2024-11-29 20:05:19+00:00,👤 İstanbul 2025-05-07
2024-11-29 20:05:18+00:00,👤 İstanbul 2025-02-11
2024-11-29 20:00:27+00:00,👤 Ankara 2025-07-16
2024-11-29 20:00:24+00:00,👤 Ankara 2025-06-02
2024-11-29 20:00:23+00:00,👤 Ankara 2025-02-13
2024-11-29 19:55:15+00:00,👤 Ankara 2025-03-10
2024-11-29 19:55:14+00:00,👥 Ankara 2025-03-10
2024-11-29 19:50:24+00:00,👤 İstanbul 2025-02-19
2024-11-29 19:50:18+00:00,👥 Ankara 2025-04-08
2024-11-29 19:50:17+00:00,👤 Ankara 2025-04-08
2024-11-29 19:50:17+00:00,👥 Ankara 2025-03-19
2024-11-29 19:50:17+00:00,👤 Ankara 2025-03-19
2024-11-29 19:50:16+00:00,👥 İstanbul 2025-02-19
2024-11-29 19:45:29+00:00,👤 İstanbul 2025-07-28
2024-11-29 19:45:19+00:00,👥 İstanbul 2025-02-18
2024-11-29 19:40:24+00:00,👤 İstanbul 2025-06-18
2024-11-29 19:40:19+00:00,👤 İstanbul 2025-02-20
2024-11-29 19:40:18+00:00,👤 İstanbul 2025-02-19
2024-11-29 19:40:17+00:00,👥 İstanbul 2025-02-19
2024-11-29 19:35:20+00:00,👤 İstanbul 2025-06-18
2024-11-29 19:30:21+00:00,👤 İstanbul 2025-08-06
2024-11-29 19:30:20+00:00,👥 İstanbul 2025-02-19
2024-11-29 19:30:20+00:00,👤 İstanbul 2025-02-19
2024-11-29 19:25:24+00:00,👤 Ankara 2025-07-01
2024-11-29 19:25:23+00:00,👥 Ankara 2025-07-01
2024-11-29 19:25:23+00:00,👥 Ankara 2025-04-22
2024-11-29 19:25:18+00:00,👤 Ankara 2025-04-22
2024-11-29 19:25:18+00:00,👤 Ankara 2025-04-15
2024-11-29 19:20:21+00:00,👥 İstanbul 2025-02-19
2024-11-29 19:20:19+00:00,👤 İstanbul 2025-06-23
2024-11-29 19:20:19+00:00,👤 İstanbul 2025-02-19
2024-11-29 19:15:25+00:00,👥 Ankara 2025-04-08
2024-11-29 19:15:21+00:00,👥 Ankara 2025-04-07
2024-11-29 19:15:21+00:00,👤 Ankara 2025-04-08
2024-11-29 19:15:18+00:00,👤 Ankara 2025-04-07
2024-11-29 19:15:17+00:00,👤 Ankara 2025-02-21
2024-11-29 19:15:17+00:00,👥 Ankara 2025-02-21
2024-11-29 19:10:20+00:00,👥 Ankara 2025-03-04
2024-11-29 19:10:20+00:00,👤 Ankara 2025-08-15
2024-11-29 19:10:18+00:00,👤 İstanbul 2025-02-19
2024-11-29 19:10:17+00:00,👤 Ankara 2025-03-04
2024-11-29 19:05:24+00:00,👥 Ankara 2025-04-15
2024-11-29 19:05:23+00:00,👥 Ankara 2025-03-10
2024-11-29 19:05:19+00:00,👤 Ankara 2025-03-10
2024-11-29 19:05:18+00:00,👤 İstanbul 2025-05-07
2024-11-29 19:05:17+00:00,👤 Ankara 2025-04-15
2024-11-29 19:05:17+00:00,👤 Ankara 2025-03-05
2024-11-29 19:00:25+00:00,👤 İstanbul 2025-06-04
2024-11-29 19:00:24+00:00,👤 İstanbul 2025-05-21
2024-11-29 19:00:23+00:00,👥 Ankara 2025-03-17
2024-11-29 19:00:23+00:00,👤 Ankara 2025-03-17
2024-11-29 19:00:23+00:00,👤 Ankara 2025-03-11
2024-11-29 18:55:17+00:00,👤 Ankara 2025-02-28
2024-11-29 18:55:16+00:00,👤 İstanbul 2025-07-02
2024-11-29 18:55:16+00:00,👤 İstanbul 2025-06-04
2024-11-29 18:51:51+00:00,"Randevu takibi yapamayan @emtr34 ile iletişime geçebilir, randevu takip hizmetinden yararlanabilir vizesini erkene çekmek için."
2024-11-29 18:50:18+00:00,👤 Ankara 2025-06-17
2024-11-29 18:50:17+00:00,👤 İstanbul 2025-02-19
2024-11-29 18:45:25+00:00,👤 İstanbul 2025-08-06
2024-11-29 18:45:25+00:00,👤 Ankara 2025-03-19
2024-11-29 18:45:24+00:00,👤 İstanbul 2025-06-26
2024-11-29 18:45:20+00:00,👤 Ankara 2025-03-13
2024-11-29 18:45:19+00:00,👤 Ankara 2025-03-03
2024-11-29 18:45:18+00:00,👤 İstanbul 2025-02-19
2024-11-29 18:45:17+00:00,👤 İstanbul 2025-02-18
2024-11-29 18:40:18+00:00,👤 İstanbul 2025-07-16
2024-11-29 18:40:17+00:00,👤 İstanbul 2025-07-07
2024-11-29 18:35:23+00:00,👥 Ankara 2025-03-25
2024-11-29 18:35:18+00:00,👤 Ankara 2025-03-25
2024-11-29 18:30:22+00:00,👥 Ankara 2025-03-14
2024-11-29 18:30:21+00:00,👤 İstanbul 2025-06-17
2024-11-29 18:30:21+00:00,👤 Ankara 2025-03-14
2024-11-29 18:30:20+00:00,👤 İstanbul 2025-02-19
2024-11-29 18:25:18+00:00,👤 İstanbul 2025-05-21
2024-11-29 18:25:18+00:00,👤 Ankara 2025-05-09
2024-11-29 18:25:17+00:00,👤 İstanbul 2025-02-19
2024-11-29 18:20:21+00:00,👤 Ankara 2025-04-15
2024-11-29 18:15:17+00:00,👤 İstanbul 2025-06-04
2024-11-29 18:15:16+00:00,👤 Ankara 2025-07-11
2024-11-29 18:05:22+00:00,👤 İstanbul 2025-08-20
2024-11-29 18:05:18+00:00,👤 Ankara 2025-05-07
2024-11-29 18:05:17+00:00,👤 Ankara 2025-04-18
2024-11-29 18:00:23+00:00,👤 İstanbul 2025-06-27
2024-11-29 17:55:18+00:00,👤 İstanbul 2025-07-16
2024-11-29 17:50:23+00:00,👤 İstanbul 2025-07-16
2024-11-29 17:50:23+00:00,👤 İstanbul 2025-06-04
2024-11-29 17:45:18+00:00,👥 Ankara 2025-03-27
2024-11-29 17:45:16+00:00,👤 Ankara 2025-03-27
2024-11-29 17:40:31+00:00,👤 İstanbul 2025-07-16
2024-11-29 17:35:27+00:00,👤 İstanbul 2025-07-11
2024-11-29 17:35:22+00:00,👤 İstanbul 2025-05-21
2024-11-29 17:35:21+00:00,👤 İstanbul 2025-02-19
2024-11-29 17:35:16+00:00,👥 İstanbul 2025-02-18
2024-11-29 17:30:34+00:00,👤 İstanbul 2025-08-06
2024-11-29 17:30:20+00:00,👤 İstanbul 2025-06-30
2024-11-29 17:30:20+00:00,👤 Ankara 2025-03-05
2024-11-29 17:30:20+00:00,👤 İstanbul 2025-06-02
2024-11-29 17:25:21+00:00,👥 Ankara 2025-05-12
2024-11-29 17:25:21+00:00,👥 Ankara 2025-03-24
2024-11-29 17:25:18+00:00,👤 İstanbul 2025-05-21
2024-11-29 17:25:16+00:00,👤 Ankara 2025-03-24
2024-11-29 17:25:16+00:00,👤 Ankara 2025-05-12
2024-11-29 17:20:22+00:00,👤 İstanbul 2025-07-22
2024-11-29 17:20:20+00:00,👥 Ankara 2025-04-25
2024-11-29 17:20:18+00:00,👤 Ankara 2025-04-25
2024-11-29 17:15:18+00:00,👤 İstanbul 2025-02-19
2024-11-29 17:15:18+00:00,👤 Ankara 2025-04-15
2024-11-29 17:15:17+00:00,👤 İstanbul 2025-08-20
2024-11-29 17:10:25+00:00,👤 İstanbul 2025-02-19
2024-11-29 17:10:25+00:00,👤 Ankara 2025-03-04
2024-11-29 17:10:18+00:00,👥 Ankara 2025-05-20
2024-11-29 17:10:18+00:00,👥 Ankara 2025-04-16
2024-11-29 17:10:18+00:00,👤 Ankara 2025-05-20
2024-11-29 17:10:18+00:00,👥 İstanbul 2025-02-19
2024-11-29 17:10:17+00:00,👤 Ankara 2025-04-16
2024-11-29 17:05:20+00:00,👥 İstanbul 2025-08-20
2024-11-29 17:05:18+00:00,👤 Ankara 2025-03-19
2024-11-29 17:05:17+00:00,👤 İstanbul 2025-08-20
2024-11-29 17:05:16+00:00,👤 Ankara 2025-03-27
2024-11-29 17:00:40+00:00,👤 Ankara 2025-05-06
2024-11-29 17:00:28+00:00,👥 Ankara 2025-04-16
2024-11-29 17:00:28+00:00,👥 Ankara 2025-03-19
2024-11-29 17:00:23+00:00,👤 İstanbul 2025-05-21
2024-11-29 17:00:23+00:00,👤 Ankara 2025-04-16
2024-11-29 17:00:22+00:00,👤 Ankara 2025-03-19
2024-11-29 16:55:16+00:00,👤 İstanbul 2025-02-18
2024-11-29 16:55:16+00:00,👤 Ankara 2025-03-03
2024-11-29 16:50:24+00:00,👥 İstanbul 2025-02-18
2024-11-29 16:50:24+00:00,👤 İstanbul 2025-06-10
2024-11-29 16:50:24+00:00,👤 Ankara 2025-03-19
2024-11-29 16:50:18+00:00,👥 İstanbul 2025-08-20
2024-11-29 16:50:17+00:00,👤 İstanbul 2025-02-18
2024-11-29 16:50:17+00:00,👤 İstanbul 2025-08-20
2024-11-29 16:50:16+00:00,👤 Ankara 2025-03-07
2024-11-29 16:50:16+00:00,👤 İstanbul 2025-07-02
2024-11-29 16:45:19+00:00,👥 İstanbul 2025-02-19
2024-11-29 16:45:17+00:00,👤 Ankara 2025-03-27
2024-11-29 16:40:18+00:00,👤 Ankara 2025-03-06
2024-11-29 16:40:17+00:00,👤 İstanbul 2025-06-18
2024-11-29 16:40:17+00:00,👤 Ankara 2025-02-24
2024-11-29 16:35:16+00:00,👤 Ankara 2025-03-18
2024-11-29 16:30:20+00:00,👤 Ankara 2025-08-14
2024-11-29 16:25:24+00:00,👤 İstanbul 2025-07-30
2024-11-29 16:25:23+00:00,👤 İstanbul 2025-05-21
2024-11-29 16:25:20+00:00,👤 Ankara 2025-05-22
2024-11-29 16:20:22+00:00,👤 Ankara 2025-05-08
2024-11-29 16:20:22+00:00,👤 Ankara 2025-03-14
2024-11-29 16:20:18+00:00,👥 Ankara 2025-05-08
2024-11-29 16:15:18+00:00,👤 İstanbul 2025-02-13
2024-11-29 16:15:18+00:00,👥 Ankara 2025-04-15
2024-11-29 16:15:17+00:00,👤 Ankara 2025-04-15
2024-11-29 16:15:17+00:00,👤 Ankara 2025-03-05
2024-11-29 16:10:22+00:00,👤 İstanbul 2025-05-21
2024-11-29 16:05:19+00:00,👤 Ankara 2025-03-17
2024-11-29 16:05:18+00:00,👥 Ankara 2025-03-17
2024-11-29 16:05:18+00:00,👤 İstanbul 2025-07-08
2024-11-29 16:05:18+00:00,👤 İstanbul 2025-06-04
2024-11-29 16:00:24+00:00,👤 Ankara 2025-05-15
2024-11-29 16:00:23+00:00,👥 Ankara 2025-05-15
2024-11-29 16:00:22+00:00,👤 Ankara 2025-02-27
2024-11-29 16:00:21+00:00,👤 Ankara 2025-04-16
2024-11-29 15:55:22+00:00,👥 İstanbul 2025-07-30
2024-11-29 15:55:18+00:00,👤 İstanbul 2025-06-04
2024-11-29 15:55:17+00:00,👤 İstanbul 2025-02-18
2024-11-29 15:55:17+00:00,👤 Ankara 2025-03-17
2024-11-29 15:55:17+00:00,👤 İstanbul 2025-07-30
2024-11-29 15:55:16+00:00,👤 İstanbul 2025-06-17
2024-11-29 15:50:21+00:00,👤 İstanbul 2025-02-19
2024-11-29 15:50:17+00:00,👤 Ankara 2025-04-07
2024-11-29 15:45:19+00:00,👤 Ankara 2025-03-27
2024-11-29 15:45:17+00:00,👤 İstanbul 2025-08-06
2024-11-29 15:45:17+00:00,👤 İstanbul 2025-05-07
2024-11-29 15:40:19+00:00,👤 Ankara 2025-03-21
2024-11-29 15:40:19+00:00,👤 Ankara 2025-03-04
2024-11-29 15:40:18+00:00,👤 İstanbul 2025-05-07
2024-11-29 15:40:17+00:00,👤 İstanbul 2025-02-19
2024-11-29 15:35:19+00:00,👤 İstanbul 2025-07-16
2024-11-29 15:35:17+00:00,👤 Ankara 2025-02-18
2024-11-29 15:35:16+00:00,👤 İstanbul 2025-07-25
2024-11-29 15:30:22+00:00,👤 İstanbul 2025-05-07
2024-11-29 15:25:21+00:00,👤 Ankara 2025-03-24
2024-11-29 15:25:17+00:00,👤 İstanbul 2025-07-16
2024-11-29 15:25:17+00:00,👤 İstanbul 2025-05-21
2024-11-29 15:20:26+00:00,👤 İstanbul 2025-08-20
2024-11-29 15:20:20+00:00,👥 İstanbul 2025-02-19
2024-11-29 15:20:19+00:00,👤 İstanbul 2025-06-04
2024-11-29 15:20:19+00:00,👤 İstanbul 2025-02-19
2024-11-29 15:15:17+00:00,👤 İstanbul 2025-06-04
2024-11-29 15:10:18+00:00,👥 İstanbul 2025-07-02
2024-11-29 15:10:17+00:00,👤 İstanbul 2025-07-02
2024-11-29 15:01:03+00:00,👥 ❌ İstanbul 2025-07-30
2024-11-29 14:55:20+00:00,👥 ❌ İstanbul 2025-05-07
2024-11-29 14:50:21+00:00,👥 İstanbul 2025-06-04
2024-11-29 14:50:17+00:00,👤 İstanbul 2025-06-04
2024-11-29 11:48:53+00:00,👥 İstanbul 2025-02-21
2024-11-29 11:40:30+00:00,👤 İstanbul 2025-02-20
2024-11-29 11:40:30+00:00,👥 İstanbul 2025-02-20
2024-11-29 11:28:34+00:00,👤 İstanbul 2025-02-20
2024-11-29 11:28:24+00:00,👥 İstanbul 2025-02-20
2024-11-29 11:18:54+00:00,👤 İstanbul 2025-02-18
2024-11-29 11:17:20+00:00,👥 İstanbul 2025-02-18
2024-11-29 11:13:57+00:00,👥 İstanbul 2025-02-11
2024-11-29 11:10:30+00:00,👤 Ankara 2024-12-04
2024-11-29 11:00:57+00:00,👥 İstanbul 2025-02-06
2024-11-29 10:49:15+00:00,👥 ❌ İstanbul 2025-02-19
2024-11-29 10:45:14+00:00,👥 ❌ İstanbul 2025-02-19
2024-11-29 10:45:13+00:00,👥 İstanbul 2025-02-19
2024-11-29 10:45:07+00:00,👤 İstanbul 2025-02-19
2024-11-29 10:43:12+00:00,👥 ❌ İstanbul 2025-02-05
2024-11-29 10:39:53+00:00,👥 İstanbul 2025-02-05
2024-11-29 10:39:40+00:00,👤 İstanbul 2025-02-05
2024-11-29 10:39:09+00:00,👥 ❌ İstanbul 2025-02-05
2024-11-29 10:20:19+00:00,👤 Ankara 2025-08-19
2024-11-29 06:40:18+00:00,👥 Ankara 2025-08-08
2024-11-29 06:40:17+00:00,👤 Ankara 2025-08-08
2024-11-29 04:15:18+00:00,👤 Ankara 2025-07-01
2024-11-29 03:40:22+00:00,👥 Ankara 2025-07-09
2024-11-29 03:40:17+00:00,👤 Ankara 2025-07-09
2024-11-29 03:15:20+00:00,👥 Ankara 2025-07-14
2024-11-29 03:15:18+00:00,👤 Ankara 2025-07-14
2024-11-29 02:55:23+00:00,👥 Ankara 2025-07-16
2024-11-29 02:55:16+00:00,👤 Ankara 2025-07-16
2024-11-29 01:40:17+00:00,👥 ❌ İstanbul 2025-07-16
2024-11-28 23:55:25+00:00,👥 Ankara 2025-06-23
2024-11-28 23:55:20+00:00,👤 Ankara 2025-06-23
2024-11-28 23:00:21+00:00,👥 Ankara 2025-03-18
2024-11-28 23:00:21+00:00,👤 Ankara 2025-03-18
2024-11-28 19:25:17+00:00,👥 Ankara 2025-07-08
2024-11-28 19:25:17+00:00,👤 Ankara 2025-07-08
2024-11-28 18:40:19+00:00,👤 Ankara 2025-08-08
2024-11-28 18:15:17+00:00,👥 İstanbul 2024-12-16
2024-11-28 17:35:17+00:00,👤 Ankara 2025-07-09
2024-11-28 16:55:18+00:00,👤 Ankara 2025-01-14
2024-11-28 15:20:27+00:00,👥 Ankara 2025-07-01
2024-11-28 15:20:21+00:00,👤 Ankara 2025-07-01
2024-11-28 12:40:22+00:00,👤 Ankara 2025-07-09
2024-11-28 11:25:23+00:00,👤 Ankara 2025-04-21
2024-11-28 11:10:25+00:00,👤 Ankara 2025-06-10
2024-11-28 07:30:25+00:00,👤 Ankara 2025-07-11
2024-11-28 07:05:19+00:00,👤 Ankara 2025-03-20
2024-11-28 04:10:24+00:00,👤 Ankara 2025-05-07
2024-11-28 03:30:23+00:00,👤 Ankara 2025-08-19
2024-11-28 00:40:23+00:00,👥 Ankara 2025-07-10
2024-11-28 00:40:21+00:00,👤 Ankara 2025-07-10
2024-11-28 00:25:25+00:00,👤 Ankara 2025-04-08
2024-11-28 00:05:22+00:00,👤 Ankara 2025-03-20
2024-11-27 23:55:17+00:00,👤 Ankara 2025-03-06
2024-11-27 23:50:36+00:00,👤 İstanbul 2025-01-17
2024-11-27 22:55:23+00:00,👤 Ankara 2024-12-09
2024-11-27 21:05:20+00:00,👤 Ankara 2024-12-04
2024-11-27 19:40:20+00:00,👤 Ankara 2025-07-11
2024-11-27 19:15:24+00:00,👤 Ankara 2025-03-03
2024-11-27 17:35:17+00:00,👤 Ankara 2025-06-18
2024-11-27 16:25:16+00:00,👤 Ankara 2025-07-08
2024-11-27 14:20:17+00:00,👤 İstanbul 2024-12-03
2024-11-27 11:15:19+00:00,👤 Ankara 2025-07-01
2024-11-27 11:10:20+00:00,👤 Ankara 2025-06-02
2024-11-27 09:25:17+00:00,👤 Ankara 2025-02-20
2024-11-27 08:40:17+00:00,👤 Ankara 2025-03-24
2024-11-27 08:25:16+00:00,👤 İstanbul 2025-06-18
2024-11-27 04:45:16+00:00,👤 Ankara 2025-03-06
2024-11-27 02:35:21+00:00,👤 Ankara 2025-03-20
2024-11-27 00:45:18+00:00,👤 Ankara 2025-06-23
2024-11-26 23:30:21+00:00,👤 Ankara 2025-03-19
2024-11-26 23:25:21+00:00,👤 İstanbul 2025-06-10
2024-11-26 23:05:37+00:00,👤 İstanbul 2024-12-05
2024-11-26 21:55:16+00:00,👤 Ankara 2025-03-24
2024-11-26 19:10:17+00:00,👤 Ankara 2025-07-08
2024-11-26 18:30:24+00:00,👤 Ankara 2025-06-02
2024-11-26 18:25:17+00:00,👤 İstanbul 2024-12-02
2024-11-26 17:50:16+00:00,👤 Ankara 2025-04-21
2024-11-26 17:20:18+00:00,👤 İstanbul 2025-05-21
2024-11-26 16:50:17+00:00,👤 Ankara 2025-01-08
2024-11-26 16:40:18+00:00,👤 Ankara 2025-03-11
2024-11-26 16:40:18+00:00,👥 Ankara 2025-03-11
2024-11-26 15:25:18+00:00,👤 Ankara 2025-06-23
2024-11-26 13:35:17+00:00,👤 Ankara 2025-03-24
2024-11-26 12:50:17+00:00,👤 Ankara 2025-03-25
2024-11-26 11:55:14+00:00,👤 İstanbul 2025-05-07
2024-11-26 10:55:14+00:00,👤 Ankara 2025-03-20
2024-11-26 07:15:17+00:00,👤 İstanbul 2025-01-17
2024-11-26 06:45:18+00:00,👤 İstanbul 2025-06-18
2024-11-26 06:15:17+00:00,👤 İstanbul 2025-07-02
2024-11-26 05:50:17+00:00,👤 Ankara 2025-05-06
2024-11-26 05:25:18+00:00,👤 İstanbul 2025-06-26
2024-11-26 03:35:18+00:00,👤 İstanbul 2024-12-13
2024-11-26 03:30:19+00:00,👤 Ankara 2024-12-02
2024-11-26 02:50:20+00:00,👤 Ankara 2025-03-20
2024-11-26 00:40:18+00:00,👤 İstanbul 2025-05-21
2024-11-26 00:10:18+00:00,👤 Ankara 2024-12-20
2024-11-25 22:15:26+00:00,👤 📩 İstanbul 2025-01-06
2024-11-25 20:45:25+00:00,👤 İstanbul 2024-12-02
2024-11-25 20:15:21+00:00,👤 Ankara 2024-12-11
2024-11-25 19:55:15+00:00,👤 Ankara 2025-04-21
2024-11-25 19:25:16+00:00,👤 Ankara 2024-12-02
2024-11-25 19:15:16+00:00,👤 Ankara 2025-03-20
2024-11-25 18:45:15+00:00,👤 Ankara 2025-05-20
2024-11-25 18:30:50+00:00,👤 İstanbul 2025-06-02
2024-11-25 18:30:45+00:00,👤 Ankara 2025-04-07
2024-11-25 18:30:31+00:00,👥 İstanbul 2024-12-04
2024-11-25 18:30:30+00:00,👤 İstanbul 2024-12-04
2024-11-25 18:30:29+00:00,👤 Ankara 2025-08-05
2024-11-25 18:30:27+00:00,👤 Ankara 2025-08-15
2024-11-25 18:30:21+00:00,👤 Ankara 2024-12-03
2024-11-25 12:25:18+00:00,👤 Ankara 2025-06-23
2024-11-25 11:50:18+00:00,👤 Ankara 2025-08-08
2024-11-25 11:40:19+00:00,👤 İstanbul 2025-06-18
2024-11-25 11:20:21+00:00,👥 Ankara 2025-04-24
2024-11-25 10:10:18+00:00,👤 Ankara 2025-07-02
2024-11-25 05:55:19+00:00,👤 İstanbul 2024-12-05
2024-11-25 04:00:29+00:00,👤 Ankara 2025-06-20
2024-11-25 04:00:28+00:00,👤 Ankara 2025-04-16
2024-11-25 04:00:21+00:00,👥 Ankara 2025-04-16
2024-11-25 01:35:17+00:00,👤 Ankara 2025-06-30
2024-11-25 01:35:17+00:00,👥 Ankara 2025-06-30
2024-11-24 23:30:18+00:00,👤 Ankara 2025-03-25
2024-11-24 23:15:18+00:00,👤 Ankara 2025-07-11
2024-11-24 22:00:23+00:00,👤 İstanbul 2024-12-02
2024-11-24 21:55:15+00:00,👤 Ankara 2025-07-16
2024-11-24 19:10:17+00:00,👤 Ankara 2025-08-08
2024-11-24 18:45:15+00:00,👤 Ankara 2025-07-31
2024-11-24 18:30:21+00:00,👤 Ankara 2025-06-12
2024-11-24 18:15:17+00:00,👤 İstanbul 2025-06-04
2024-11-24 17:55:16+00:00,👤 Ankara 2025-07-01
2024-11-24 17:45:18+00:00,👤 Ankara 2025-07-29
2024-11-24 17:45:18+00:00,👤 Ankara 2025-07-11
2024-11-24 16:45:24+00:00,👤 Ankara 2025-08-06
2024-11-24 16:20:20+00:00,👤 İstanbul 2025-02-07
2024-11-24 16:15:17+00:00,👤 Ankara 2025-08-08
2024-11-24 13:15:19+00:00,👤 Ankara 2025-06-24
2024-11-24 11:45:17+00:00,👤 Ankara 2025-08-15
2024-11-24 11:10:18+00:00,👤 Ankara 2025-07-17
2024-11-24 10:01:44+00:00,👤 Ankara 2025-06-26
2024-11-24 09:28:21+00:00,👤 Ankara 2025-08-18
2024-11-24 09:25:17+00:00,👤 Ankara 2025-08-18
2024-11-24 09:00:21+00:00,👤 Ankara 2025-05-30
2024-11-24 07:40:16+00:00,👤 Ankara 2025-08-19
2024-11-24 07:35:16+00:00,👤 Ankara 2025-03-20
2024-11-24 07:30:27+00:00,👤 Ankara 2025-01-17
2024-11-24 07:00:22+00:00,👤 Ankara 2025-07-22
2024-11-24 06:35:28+00:00,👤 Ankara 2025-07-11
2024-11-24 05:20:16+00:00,👤 Ankara 2025-06-24
2024-11-24 04:40:23+00:00,👤 İstanbul 2025-02-07
2024-11-24 02:55:15+00:00,👤 Ankara 2025-07-25
2024-11-24 02:15:18+00:00,👤 Ankara 2024-12-31
2024-11-24 01:58:21+00:00,👤 Ankara 2025-08-18
2024-11-24 01:55:16+00:00,👤 Ankara 2025-08-18
2024-11-24 01:45:09+00:00,👤 Ankara 2025-08-06
2024-11-24 01:41:49+00:00,👤 Ankara 2025-08-06
2024-11-24 01:38:43+00:00,👤 Ankara 2025-08-06
2024-11-24 01:35:19+00:00,👤 Ankara 2025-07-03
2024-11-24 01:35:18+00:00,👤 Ankara 2025-06-10
2024-11-24 01:35:17+00:00,👥 Ankara 2025-06-10
2024-11-24 01:34:02+00:00,👤 Ankara 2025-08-06
2024-11-24 01:30:08+00:00,👤 Ankara 2025-08-06
2024-11-24 01:26:54+00:00,👤 Ankara 2025-08-06
2024-11-24 01:23:47+00:00,👤 Ankara 2025-08-06
2024-11-24 01:20:06+00:00,👤 Ankara 2025-08-06
2024-11-24 01:17:01+00:00,👤 Ankara 2025-08-06
2024-11-24 01:13:47+00:00,👤 Ankara 2025-08-06
2024-11-24 01:10:26+00:00,👤 Ankara 2025-06-26
2024-11-24 01:10:25+00:00,👤 Ankara 2025-04-25
2024-11-24 01:10:15+00:00,👤 Ankara 2025-08-06
2024-11-24 01:10:13+00:00,👤 Ankara 2025-08-06
2024-11-24 01:07:12+00:00,👤 Ankara 2025-08-06
2024-11-24 01:03:47+00:00,👤 Ankara 2025-08-06
2024-11-24 01:00:12+00:00,👤 Ankara 2025-08-06
2024-11-24 01:00:12+00:00,👤 Ankara 2025-08-06
2024-11-24 00:57:10+00:00,👤 Ankara 2025-08-06
2024-11-24 00:53:20+00:00,👤 Ankara 2025-08-06
2024-11-24 00:50:18+00:00,👤 Ankara 2025-08-06
2024-11-24 00:45:17+00:00,👤 Ankara 2025-07-03
2024-11-24 00:24:02+00:00,👤 Ankara 2025-08-11
2024-11-24 00:20:17+00:00,👤 Ankara 2025-08-11
2024-11-24 00:05:21+00:00,👤 Ankara 2025-07-29
2024-11-23 23:35:16+00:00,👤 Ankara 2025-08-19
2024-11-23 23:25:19+00:00,👤 Ankara 2025-08-01
2024-11-23 23:20:16+00:00,👤 İstanbul 2025-07-22
2024-11-23 23:10:17+00:00,👤 Ankara 2025-05-07
2024-11-23 21:50:18+00:00,👤 Ankara 2025-03-14
2024-11-23 20:30:19+00:00,👤 Ankara 2025-08-01
2024-11-23 20:10:18+00:00,👤 Ankara 2025-07-10
2024-11-23 20:05:18+00:00,👤 Ankara 2025-08-18
2024-11-23 19:50:15+00:00,👤 Ankara 2025-08-18
2024-11-23 19:45:16+00:00,👤 Ankara 2025-08-05
2024-11-23 19:40:18+00:00,👤 İstanbul 2025-07-16
2024-11-23 19:30:18+00:00,👤 Ankara 2025-07-31
2024-11-23 19:25:21+00:00,👤 Ankara 2025-08-08
2024-11-23 19:25:20+00:00,👤 Ankara 2025-07-03
2024-11-23 19:10:17+00:00,👤 Ankara 2025-03-27
2024-11-23 18:25:18+00:00,👤 Ankara 2025-07-22
2024-11-23 18:15:18+00:00,👤 Ankara 2025-06-26
2024-11-23 18:00:23+00:00,👤 Ankara 2025-08-19
2024-11-23 17:15:18+00:00,👤 Ankara 2025-05-05
2024-11-23 17:15:17+00:00,👥 Ankara 2025-05-05
2024-11-23 17:15:16+00:00,👤 Ankara 2025-03-11
2024-11-23 17:00:27+00:00,👤 Ankara 2025-07-25
2024-11-23 16:50:16+00:00,👤 İstanbul 2025-07-30
2024-11-23 15:50:19+00:00,👤 Ankara 2025-08-15
2024-11-23 15:45:16+00:00,👤 Ankara 2025-06-04
2024-11-23 15:40:19+00:00,👤 Ankara 2025-07-22
2024-11-23 15:40:18+00:00,👤 Ankara 2025-04-15
2024-11-23 15:35:17+00:00,👤 Ankara 2025-07-14
2024-11-23 14:55:17+00:00,👤 Ankara 2025-08-18
2024-11-23 14:55:16+00:00,👤 Ankara 2024-12-09
2024-11-23 14:45:22+00:00,👤 Ankara 2025-08-04
2024-11-23 14:45:22+00:00,👤 Ankara 2025-04-22
2024-11-23 13:50:17+00:00,👤 Ankara 2025-07-11
2024-11-23 13:35:16+00:00,👤 İstanbul 2025-08-06
2024-11-23 13:25:19+00:00,👤 İstanbul 2025-07-16
2024-11-23 13:20:18+00:00,👤 İstanbul 2024-12-03
2024-11-23 13:20:18+00:00,👤 Ankara 2025-07-22
2024-11-23 13:15:18+00:00,👤 Ankara 2025-08-12
2024-11-23 13:05:19+00:00,👤 Ankara 2025-08-06
2024-11-23 13:05:18+00:00,👤 Ankara 2025-06-16
2024-11-23 13:00:22+00:00,👤 İstanbul 2025-07-02
2024-11-23 13:00:21+00:00,👤 Ankara 2025-08-01
2024-11-23 12:45:24+00:00,👤 Ankara 2025-08-04
2024-11-23 12:40:24+00:00,👤 Ankara 2025-07-14
2024-11-23 12:40:24+00:00,👤 Ankara 2025-07-01
2024-11-23 12:36:53+00:00,👤 Ankara 2025-07-09
2024-11-23 12:36:52+00:00,👤 Ankara 2025-07-02
2024-11-23 12:30:26+00:00,👤 İstanbul 2025-07-02
2024-11-23 12:20:21+00:00,👤 Ankara 2025-06-03
2024-11-23 12:15:18+00:00,👤 Ankara 2025-05-09
2024-11-23 12:10:27+00:00,👤 Ankara 2025-05-13
2024-11-23 12:10:26+00:00,👤 Ankara 2025-05-12
2024-11-23 12:05:20+00:00,👤 Ankara 2025-05-13
2024-11-23 12:00:27+00:00,👤 Ankara 2025-08-04
2024-11-23 11:45:18+00:00,👤 Ankara 2025-08-08
2024-11-23 11:45:17+00:00,👤 Ankara 2025-06-18
2024-11-23 11:40:19+00:00,👤 Ankara 2025-08-01
2024-11-23 11:40:18+00:00,👤 Ankara 2025-07-29
2024-11-23 11:35:19+00:00,👤 Ankara 2025-07-25
2024-11-23 11:25:19+00:00,👤 İstanbul 2025-07-08
2024-11-23 11:15:20+00:00,👤 Ankara 2025-07-01
2024-11-23 11:10:19+00:00,👤 Ankara 2025-07-29
2024-11-23 11:00:22+00:00,👤 Ankara 2025-08-04
2024-11-23 10:01:03+00:00,👤 Ankara 2025-07-07
2024-11-23 10:01:03+00:00,👤 Ankara 2025-04-07
2024-11-23 09:55:18+00:00,👤 Ankara 2025-07-03
2024-11-23 09:55:17+00:00,👤 Ankara 2025-05-22
2024-11-23 09:50:18+00:00,👤 Ankara 2025-06-23
2024-11-23 09:50:16+00:00,👤 Ankara 2025-06-02
2024-11-23 09:45:18+00:00,👤 Ankara 2025-08-01
2024-11-23 09:45:17+00:00,👤 Ankara 2025-07-31
2024-11-23 09:40:22+00:00,👤 Ankara 2025-06-30
2024-11-23 09:35:17+00:00,👤 Ankara 2025-08-12
2024-11-23 09:35:16+00:00,👤 Ankara 2025-07-18
2024-11-23 09:20:20+00:00,👤 Ankara 2025-08-05
2024-11-23 09:10:19+00:00,👤 Ankara 2025-07-30
2024-11-23 09:10:19+00:00,👤 Ankara 2025-05-09
2024-11-23 09:00:23+00:00,👤 Ankara 2025-07-24
2024-11-23 08:55:15+00:00,👤 İstanbul 2025-07-31
2024-11-23 08:55:14+00:00,👤 Ankara 2025-03-20
2024-11-23 08:50:22+00:00,👤 Ankara 2025-06-02
2024-11-23 08:50:17+00:00,👤 Ankara 2025-07-31
2024-11-23 08:50:17+00:00,👤 Ankara 2025-07-11
2024-11-23 08:45:41+00:00,👤 Ankara 2025-05-28
2024-11-23 08:45:20+00:00,👤 Ankara 2025-05-15
2024-11-23 08:45:19+00:00,👤 Ankara 2025-04-28
2024-11-23 08:40:17+00:00,👤 Ankara 2025-08-18
2024-11-23 08:30:22+00:00,👥 Ankara 2025-04-24
2024-11-23 08:20:28+00:00,👤 Ankara 2025-08-04
2024-11-23 08:20:20+00:00,👤 Ankara 2025-07-28
2024-11-23 08:20:20+00:00,👤 Ankara 2025-03-07
2024-11-23 08:15:20+00:00,👤 Ankara 2025-07-08
2024-11-23 08:15:19+00:00,👤 Ankara 2025-04-10
2024-11-23 08:10:17+00:00,👤 Ankara 2025-08-14
2024-11-23 08:00:26+00:00,👤 Ankara 2025-08-19
2024-11-23 07:55:17+00:00,👤 Ankara 2025-07-02
2024-11-23 07:50:17+00:00,👤 Ankara 2025-08-01
2024-11-23 07:40:20+00:00,👤 Ankara 2025-06-10
2024-11-23 07:40:17+00:00,👤 İstanbul 2025-06-18
2024-11-23 07:25:18+00:00,👤 Ankara 2025-03-19
2024-11-23 07:15:19+00:00,👤 Ankara 2025-08-15
2024-11-23 07:15:18+00:00,👤 Ankara 2025-05-21
2024-11-23 07:10:23+00:00,👤 Ankara 2025-07-24
2024-11-23 07:10:22+00:00,👤 Ankara 2025-07-10
2024-11-23 07:10:19+00:00,👥 Ankara 2025-07-24
2024-11-23 07:10:19+00:00,👥 Ankara 2025-07-10
2024-11-23 07:10:18+00:00,👤 İstanbul 2025-07-07
2024-11-23 07:05:20+00:00,👤 Ankara 2025-07-22
2024-11-23 07:05:20+00:00,👤 Ankara 2025-07-09
2024-11-23 07:00:25+00:00,👤 Ankara 2025-07-31
2024-11-23 07:00:24+00:00,👤 Ankara 2025-07-03
2024-11-23 06:55:43+00:00,👤 Ankara 2025-06-16
2024-11-23 06:55:17+00:00,👤 Ankara 2025-05-15
2024-11-23 06:55:16+00:00,👤 Ankara 2025-04-16
2024-11-23 06:50:58+00:00,👤 Ankara 2025-06-23
2024-11-23 06:50:19+00:00,👤 İstanbul 2025-07-02
2024-11-23 06:30:23+00:00,👤 İstanbul 2025-06-18
2024-11-23 06:25:17+00:00,👤 Ankara 2025-05-13
2024-11-23 06:20:25+00:00,👤 Ankara 2025-07-03
2024-11-23 06:20:24+00:00,👤 Ankara 2025-05-15
2024-11-23 06:20:24+00:00,👤 İstanbul 2025-06-18
2024-11-23 06:20:18+00:00,👥 İstanbul 2025-06-18
2024-11-23 06:15:38+00:00,👤 Ankara 2025-08-04
2024-11-23 06:15:22+00:00,👤 Ankara 2025-07-24
2024-11-23 06:15:21+00:00,👤 Ankara 2025-05-09
2024-11-23 06:10:26+00:00,👤 İstanbul 2025-08-06
2024-11-23 06:10:23+00:00,👤 Ankara 2025-05-21
2024-11-23 06:05:22+00:00,👤 Ankara 2025-08-01
2024-11-23 05:55:16+00:00,👤 Ankara 2025-06-03
2024-11-23 05:55:14+00:00,👤 İstanbul 2025-07-16
2024-11-23 05:40:20+00:00,👤 Ankara 2025-07-16
2024-11-23 05:40:19+00:00,👤 Ankara 2025-05-29
2024-11-23 05:35:18+00:00,👤 Ankara 2025-08-12
2024-11-23 05:35:17+00:00,👤 Ankara 2025-06-24
2024-11-23 05:30:21+00:00,👤 Ankara 2025-08-08
2024-11-23 05:25:22+00:00,👤 Ankara 2025-06-03
2024-11-23 05:25:21+00:00,👤 Ankara 2025-04-18
2024-11-23 05:20:25+00:00,👥 Ankara 2025-08-15
2024-11-23 05:20:20+00:00,👤 Ankara 2025-08-15
2024-11-23 05:20:20+00:00,👤 Ankara 2025-05-21
2024-11-23 05:15:19+00:00,👤 Ankara 2025-08-08
2024-11-23 05:15:18+00:00,👤 Ankara 2025-02-21
2024-11-23 05:00:45+00:00,👤 Ankara 2025-08-15
2024-11-23 05:00:25+00:00,👥 Ankara 2025-08-01
2024-11-23 05:00:23+00:00,👤 Ankara 2025-06-12
2024-11-23 05:00:23+00:00,👤 Ankara 2025-08-01
2024-11-23 04:55:28+00:00,👤 Ankara 2025-07-09
2024-11-23 04:55:17+00:00,👤 Ankara 2025-03-10
2024-11-23 04:55:15+00:00,👤 Ankara 2025-04-24
2024-11-23 04:50:50+00:00,👤 Ankara 2025-07-24
2024-11-23 04:47:46+00:00,👤 Ankara 2025-07-24
2024-11-23 04:40:16+00:00,👥 Ankara 2025-06-10
2024-11-23 04:35:19+00:00,👥 Ankara 2025-08-12
2024-11-23 04:15:18+00:00,👥 Ankara 2025-04-08
2024-11-23 04:00:21+00:00,👥 İstanbul 2025-06-18
2024-11-23 03:55:17+00:00,👤 Ankara 2025-07-24
2024-11-23 03:53:31+00:00,👤 Ankara 2025-07-14
2024-11-23 03:50:22+00:00,👤 Ankara 2025-07-14
2024-11-23 03:50:21+00:00,👤 Ankara 2025-07-10
2024-11-23 03:40:22+00:00,👤 Ankara 2025-06-30
2024-11-23 03:38:30+00:00,👤 Ankara 2025-07-11
2024-11-23 03:35:25+00:00,👤 Ankara 2025-06-10
2024-11-23 03:35:19+00:00,👤 Ankara 2025-07-11
2024-11-23 03:35:18+00:00,👤 Ankara 2025-04-21
2024-11-23 03:33:25+00:00,👤 Ankara 2025-08-06
2024-11-23 03:33:25+00:00,👤 Ankara 2025-07-18
2024-11-23 03:30:21+00:00,👤 Ankara 2025-08-06
2024-11-23 03:30:21+00:00,👤 Ankara 2025-07-18
2024-11-23 03:25:16+00:00,👤 Ankara 2025-07-16
2024-11-23 03:23:23+00:00,👤 Ankara 2025-08-18
2024-11-23 03:20:19+00:00,👤 Ankara 2025-06-12
2024-11-23 03:20:18+00:00,👤 Ankara 2025-07-17
2024-11-23 03:20:18+00:00,👤 Ankara 2025-03-14
2024-11-23 03:20:17+00:00,👤 Ankara 2025-06-26
2024-11-23 03:17:48+00:00,👤 Ankara 2025-08-18
2024-11-23 03:15:18+00:00,👤 Ankara 2025-07-08
2024-11-23 03:14:46+00:00,👤 Ankara 2025-08-11
2024-11-23 03:14:45+00:00,👤 Ankara 2025-08-05
2024-11-23 03:14:45+00:00,👤 Ankara 2025-08-11
2024-11-23 03:14:44+00:00,👤 Ankara 2025-08-05
2024-11-23 03:11:42+00:00,👤 Ankara 2025-08-05
2024-11-23 03:10:21+00:00,👤 Ankara 2025-07-03
2024-11-23 03:08:21+00:00,👤 Ankara 2025-08-04
2024-11-23 03:05:13+00:00,👤 Ankara 2025-08-04
2024-11-23 03:01:57+00:00,👤 Ankara 2025-08-11
2024-11-23 03:00:32+00:00,👥 Ankara 2025-04-24
2024-11-23 03:00:23+00:00,👤 Ankara 2025-04-24
2024-11-23 02:58:45+00:00,👤 Ankara 2025-08-04
2024-11-23 02:58:45+00:00,👤 Ankara 2025-07-17
2024-11-23 02:55:22+00:00,👤 Ankara 2025-07-17
2024-11-23 02:55:16+00:00,👤 Ankara 2025-05-15
2024-11-23 02:54:34+00:00,👤 Ankara 2025-08-11
2024-11-23 02:54:34+00:00,👤 Ankara 2025-08-04
2024-11-23 02:51:02+00:00,👤 Ankara 2025-08-04
2024-11-23 02:50:20+00:00,👤 Ankara 2025-07-25
2024-11-23 02:50:19+00:00,👤 Ankara 2025-07-14
2024-11-23 02:50:15+00:00,👤 Ankara 2025-08-11
2024-11-23 02:47:01+00:00,👤 Ankara 2025-08-05
2024-11-23 02:43:25+00:00,👤 Ankara 2025-08-05
2024-11-23 02:40:23+00:00,👤 Ankara 2025-08-05
2024-11-23 02:35:22+00:00,👤 Ankara 2025-07-03
2024-11-23 02:35:21+00:00,👤 Ankara 2025-04-22
2024-11-23 02:30:23+00:00,👤 Ankara 2025-05-29
2024-11-23 02:30:21+00:00,👤 İstanbul 2025-06-18
2024-11-23 02:28:33+00:00,👤 Ankara 2025-08-08
2024-11-23 02:25:22+00:00,👤 Ankara 2025-08-08
2024-11-23 02:25:16+00:00,👥 Ankara 2025-08-08
2024-11-23 02:10:17+00:00,👤 İstanbul 2025-06-30
2024-11-23 01:54:06+00:00,👤 Ankara 2025-08-19
2024-11-23 01:50:19+00:00,👤 Ankara 2025-08-19
2024-11-23 01:50:18+00:00,👤 Ankara 2025-07-08
2024-11-23 01:50:17+00:00,👤 İstanbul 2025-07-16
2024-11-23 01:45:19+00:00,👤 Ankara 2025-05-23
2024-11-23 01:43:50+00:00,👤 Ankara 2025-07-21
2024-11-23 01:40:33+00:00,👤 Ankara 2025-07-21
2024-11-23 01:40:20+00:00,👤 Ankara 2025-05-21
2024-11-23 01:40:19+00:00,👤 Ankara 2025-03-24
2024-11-23 01:35:24+00:00,👤 Ankara 2025-07-14
2024-11-23 01:35:15+00:00,👤 Ankara 2025-05-06
2024-11-23 01:30:21+00:00,👤 Ankara 2025-07-02
2024-11-23 01:26:33+00:00,👤 Ankara 2025-08-05
2024-11-23 01:25:21+00:00,👤 Ankara 2025-07-08
2024-11-23 01:25:21+00:00,👤 Ankara 2025-05-09
2024-11-23 01:20:21+00:00,👤 İstanbul 2025-08-06
2024-11-23 01:20:20+00:00,👤 İstanbul 2025-06-04
2024-11-23 01:20:19+00:00,👤 Ankara 2025-07-08
2024-11-23 01:15:27+00:00,👤 Ankara 2025-04-10
2024-11-23 01:15:21+00:00,👤 Ankara 2025-03-18
2024-11-23 01:15:21+00:00,👤 Ankara 2025-03-14
2024-11-23 01:05:35+00:00,👥 Ankara 2025-08-04
2024-11-23 01:05:18+00:00,👤 Ankara 2025-08-04
2024-11-23 01:05:17+00:00,👤 Ankara 2025-07-18
2024-11-23 01:00:24+00:00,👤 Ankara 2025-05-12
2024-11-23 01:00:15+00:00,👤 Ankara 2025-08-19
2024-11-23 01:00:09+00:00,👤 Ankara 2025-08-19
2024-11-23 00:57:02+00:00,👤 Ankara 2025-08-19
2024-11-23 00:57:01+00:00,👤 Ankara 2025-08-08
2024-11-23 00:53:47+00:00,👤 Ankara 2025-08-19
2024-11-23 00:53:46+00:00,👤 Ankara 2025-08-08
2024-11-23 00:50:21+00:00,👤 Ankara 2025-08-19
2024-11-23 00:50:18+00:00,👤 Ankara 2025-03-18
2024-11-23 00:49:31+00:00,👤 Ankara 2025-08-08
2024-11-23 00:49:30+00:00,👤 Ankara 2025-08-05
2024-11-23 00:45:47+00:00,👤 Ankara 2025-08-08
2024-11-23 00:45:22+00:00,👤 Ankara 2025-08-05
2024-11-23 00:45:19+00:00,👤 Ankara 2025-05-22
2024-11-23 00:45:19+00:00,👤 Ankara 2025-02-27
2024-11-23 00:40:22+00:00,👤 Ankara 2025-08-15
2024-11-23 00:40:22+00:00,👥 Ankara 2025-07-31
2024-11-23 00:40:18+00:00,👤 Ankara 2025-07-31
2024-11-23 00:35:35+00:00,👤 Ankara 2025-06-16
2024-11-23 00:30:28+00:00,👤 Ankara 2025-01-28
2024-11-23 00:30:24+00:00,👤 İstanbul 2025-07-02
2024-11-23 00:25:19+00:00,👤 Ankara 2025-08-08
2024-11-23 00:25:18+00:00,👤 Ankara 2025-06-26
2024-11-23 00:20:22+00:00,👤 Ankara 2025-05-08
2024-11-23 00:15:20+00:00,👤 İstanbul 2025-07-14
2024-11-23 00:13:43+00:00,👤 Ankara 2025-08-04
2024-11-23 00:10:38+00:00,👤 Ankara 2025-08-04
2024-11-23 00:10:20+00:00,👤 Ankara 2025-07-08
2024-11-23 00:10:20+00:00,👤 Ankara 2025-05-05
2024-11-23 00:05:27+00:00,👤 Ankara 2025-08-05
2024-11-23 00:05:27+00:00,👤 Ankara 2025-08-01
2024-11-23 00:05:23+00:00,👥 Ankara 2025-08-05
2024-11-23 00:01:45+00:00,👤 Ankara 2025-08-19
2024-11-23 00:00:28+00:00,👥 Ankara 2025-08-19
2024-11-22 23:55:55+00:00,👤 Ankara 2025-08-14
2024-11-22 23:55:36+00:00,👤 Ankara 2025-06-03
2024-11-22 23:55:22+00:00,👤 Ankara 2025-04-28
2024-11-22 23:55:21+00:00,👤 Ankara 2025-04-25
2024-11-22 23:52:11+00:00,👤 Ankara 2025-08-01
2024-11-22 23:52:10+00:00,👤 Ankara 2025-07-22
2024-11-22 23:50:51+00:00,👤 Ankara 2025-07-07
2024-11-22 23:50:20+00:00,👤 Ankara 2025-05-13
2024-11-22 23:50:19+00:00,👤 Ankara 2025-05-08
2024-11-22 23:48:54+00:00,👤 Ankara 2025-08-14
2024-11-22 23:45:40+00:00,👤 Ankara 2025-08-14
2024-11-22 23:45:18+00:00,👤 Ankara 2025-07-29
2024-11-22 23:45:17+00:00,👤 Ankara 2025-05-09
2024-11-22 23:45:16+00:00,👥 Ankara 2025-07-29
2024-11-22 23:43:33+00:00,👤 Ankara 2025-08-04
2024-11-22 23:40:19+00:00,👤 Ankara 2025-07-31
2024-11-22 23:40:17+00:00,👤 Ankara 2025-08-04
2024-11-22 23:40:17+00:00,👤 Ankara 2025-06-27
2024-11-22 23:30:20+00:00,👤 İstanbul 2025-07-02
2024-11-22 23:25:29+00:00,👤 Ankara 2025-08-11
2024-11-22 23:25:28+00:00,👤 Ankara 2025-05-22
2024-11-22 23:20:19+00:00,👤 Ankara 2025-07-08
2024-11-22 23:20:19+00:00,👤 Ankara 2025-07-03
2024-11-22 23:15:19+00:00,👤 Ankara 2025-07-28
2024-11-22 23:15:19+00:00,👤 Ankara 2025-06-16
2024-11-22 23:11:50+00:00,👤 Ankara 2025-08-08
2024-11-22 23:10:39+00:00,👤 Ankara 2025-07-31
2024-11-22 23:10:38+00:00,👤 Ankara 2025-06-10
2024-11-22 23:05:39+00:00,👤 Ankara 2025-05-12
2024-11-22 23:05:17+00:00,👤 Ankara 2025-03-17
2024-11-22 23:00:25+00:00,👥 Ankara 2025-03-10
2024-11-22 22:55:21+00:00,👤 Ankara 2025-06-02
2024-11-22 22:50:31+00:00,👤 Ankara 2025-08-04
2024-11-22 22:50:22+00:00,👤 Ankara 2025-07-11
2024-11-22 22:50:21+00:00,👤 Ankara 2025-03-14
2024-11-22 22:50:18+00:00,👥 Ankara 2025-08-04
2024-11-22 22:50:17+00:00,👥 Ankara 2025-03-14
2024-11-22 22:50:16+00:00,👤 İstanbul 2025-07-02
2024-11-22 22:45:18+00:00,👤 Ankara 2025-04-18
2024-11-22 22:45:17+00:00,👤 Ankara 2025-07-18
2024-11-22 22:40:18+00:00,👥 Ankara 2025-05-06
2024-11-22 22:40:17+00:00,👤 Ankara 2025-05-06
2024-11-22 22:40:17+00:00,👤 İstanbul 2025-07-30
2024-11-22 22:30:20+00:00,👤 Ankara 2025-05-13
2024-11-22 22:25:18+00:00,👤 İstanbul 2025-07-02
2024-11-22 22:15:22+00:00,👥 Ankara 2025-05-15
2024-11-22 22:15:17+00:00,👤 Ankara 2025-05-15
2024-11-22 22:05:39+00:00,👤 Ankara 2025-08-12
2024-11-22 22:05:24+00:00,👥 Ankara 2025-08-12
2024-11-22 22:05:22+00:00,👤 Ankara 2025-07-31
2024-11-22 22:05:21+00:00,👤 Ankara 2025-07-01
2024-11-22 22:05:18+00:00,👤 İstanbul 2025-07-16
2024-11-22 22:00:29+00:00,👤 Ankara 2025-07-16
2024-11-22 22:00:23+00:00,👤 Ankara 2025-05-12
2024-11-22 22:00:22+00:00,👤 Ankara 2025-03-04
2024-11-22 21:55:18+00:00,👤 İstanbul 2025-07-11
2024-11-22 21:55:15+00:00,👤 Ankara 2025-06-27
2024-11-22 21:50:30+00:00,👤 Ankara 2025-07-16
2024-11-22 21:50:19+00:00,👤 Ankara 2025-05-28
2024-11-22 21:50:17+00:00,👤 Ankara 2025-07-29
2024-11-22 21:50:16+00:00,👤 Ankara 2025-07-10
2024-11-22 21:45:36+00:00,👤 Ankara 2025-07-17
2024-11-22 21:45:20+00:00,👤 Ankara 2025-05-09
2024-11-22 21:45:19+00:00,👤 Ankara 2025-05-05
2024-11-22 21:45:18+00:00,👤 İstanbul 2025-07-30
2024-11-22 21:40:48+00:00,👤 Ankara 2025-07-16
2024-11-22 21:40:26+00:00,👤 İstanbul 2025-08-06
2024-11-22 21:40:19+00:00,👤 Ankara 2025-07-08
2024-11-22 21:40:17+00:00,👤 Ankara 2025-05-09
2024-11-22 21:35:20+00:00,👤 Ankara 2025-07-03
2024-11-22 21:30:21+00:00,👤 Ankara 2025-07-16
2024-11-22 21:30:19+00:00,👤 Ankara 2025-07-14
2024-11-22 21:25:38+00:00,👤 Ankara 2025-07-07
2024-11-22 21:25:18+00:00,👤 Ankara 2025-06-18
2024-11-22 21:25:17+00:00,👥 Ankara 2025-06-18
2024-11-22 21:25:17+00:00,👤 Ankara 2025-04-24
2024-11-22 21:25:16+00:00,👤 Ankara 2025-08-15
2024-11-22 21:20:18+00:00,👤 Ankara 2025-05-23
2024-11-22 21:20:17+00:00,👤 Ankara 2025-08-04
2024-11-22 21:15:30+00:00,👤 Ankara 2025-07-08
2024-11-22 21:15:21+00:00,👤 Ankara 2025-04-18
2024-11-22 21:15:20+00:00,👤 Ankara 2025-04-07
2024-11-22 21:10:22+00:00,👤 İstanbul 2025-06-17
2024-11-22 21:10:20+00:00,👤 Ankara 2025-07-22
2024-11-22 21:10:19+00:00,👤 Ankara 2025-04-24
2024-11-22 21:10:18+00:00,👥 Ankara 2025-04-24
2024-11-22 21:05:17+00:00,👤 Ankara 2025-07-02
2024-11-22 21:00:59+00:00,👤 Ankara 2025-07-22
2024-11-22 21:00:32+00:00,👤 Ankara 2025-07-11
2024-11-22 21:00:26+00:00,👥 Ankara 2025-07-11
2024-11-22 21:00:21+00:00,👤 Ankara 2025-07-16
2024-11-22 20:55:17+00:00,👤 Ankara 2025-07-14
2024-11-22 20:55:16+00:00,👤 Ankara 2025-06-13
2024-11-22 20:50:30+00:00,👤 Ankara 2025-07-21
2024-11-22 20:50:20+00:00,👤 İstanbul 2025-05-21
2024-11-22 20:50:20+00:00,👥 Ankara 2025-04-11
2024-11-22 20:50:18+00:00,👤 Ankara 2025-05-13
2024-11-22 20:50:17+00:00,👤 Ankara 2025-04-11
2024-11-22 20:40:43+00:00,👤 Ankara 2025-08-18
2024-11-22 20:40:19+00:00,👤 Ankara 2025-08-11
2024-11-22 20:40:18+00:00,👤 Ankara 2025-07-31
2024-11-22 20:35:20+00:00,👤 Ankara 2025-06-03
2024-11-22 20:35:19+00:00,👤 Ankara 2025-05-07
2024-11-22 20:35:16+00:00,👤 İstanbul 2025-07-30
2024-11-22 20:25:51+00:00,👤 Ankara 2025-07-08
2024-11-22 20:25:50+00:00,👤 Ankara 2025-07-03
2024-11-22 20:25:21+00:00,👤 Ankara 2025-01-02
2024-11-22 20:20:21+00:00,👥 Ankara 2025-05-15
2024-11-22 20:20:19+00:00,👤 Ankara 2025-05-15
2024-11-22 20:20:18+00:00,👤 Ankara 2025-03-18
2024-11-22 20:15:41+00:00,👤 Ankara 2025-07-18
2024-11-22 20:15:25+00:00,👤 Ankara 2025-04-24
2024-11-22 20:15:20+00:00,👥 Ankara 2025-07-18
2024-11-22 20:15:19+00:00,👥 Ankara 2025-04-24
2024-11-22 20:15:16+00:00,👤 Ankara 2025-04-22
2024-11-22 20:10:28+00:00,👤 Ankara 2025-04-22
2024-11-22 20:05:26+00:00,👤 Ankara 2025-06-16
2024-11-22 20:05:25+00:00,👤 Ankara 2025-06-10
2024-11-22 20:05:19+00:00,👤 İstanbul 2025-06-18
2024-11-22 20:05:18+00:00,👥 İstanbul 2025-06-18
2024-11-22 20:05:16+00:00,👤 İstanbul 2025-06-17
2024-11-22 20:00:24+00:00,👤 Ankara 2025-07-21
2024-11-22 19:55:18+00:00,👤 Ankara 2025-07-10
2024-11-22 19:55:17+00:00,👤 Ankara 2025-05-08
2024-11-22 19:55:16+00:00,👥 Ankara 2025-07-10
2024-11-22 19:50:21+00:00,👤 Ankara 2025-07-03
2024-11-22 19:50:17+00:00,👤 Ankara 2025-07-11
2024-11-22 19:45:18+00:00,👥 Ankara 2025-05-05
2024-11-22 19:40:28+00:00,👤 Ankara 2025-06-16
2024-11-22 19:35:18+00:00,👤 Ankara 2025-08-06
2024-11-22 19:30:21+00:00,👤 Ankara 2025-07-09
2024-11-22 19:30:20+00:00,👤 Ankara 2025-05-13
2024-11-22 19:25:59+00:00,👤 Ankara 2025-07-16
2024-11-22 19:25:46+00:00,👤 Ankara 2025-06-10
2024-11-22 19:25:30+00:00,👤 Ankara 2025-04-08
2024-11-22 19:25:20+00:00,👤 Ankara 2025-04-07
2024-11-22 19:25:19+00:00,👤 Ankara 2025-03-20
2024-11-22 19:25:17+00:00,👥 Ankara 2025-06-10
2024-11-22 19:22:47+00:00,👤 Ankara 2025-08-08
2024-11-22 19:21:40+00:00,👤 Ankara 2025-07-31
2024-11-22 19:20:37+00:00,👤 Ankara 2025-07-01
2024-11-22 19:20:21+00:00,👥 Ankara 2025-05-05
2024-11-22 19:20:20+00:00,👤 Ankara 2025-05-05
2024-11-22 19:20:18+00:00,👤 Ankara 2025-06-27
2024-11-22 19:20:17+00:00,👤 Ankara 2025-03-27
2024-11-22 19:15:24+00:00,👤 Ankara 2025-05-06
2024-11-22 19:10:39+00:00,👤 Ankara 2025-08-18
2024-11-22 19:10:27+00:00,👤 Ankara 2025-07-31
2024-11-22 19:10:26+00:00,👤 Ankara 2025-04-22
2024-11-22 19:10:19+00:00,👤 İstanbul 2025-08-06
2024-11-22 19:06:01+00:00,👤 Ankara 2025-08-05
2024-11-22 19:05:29+00:00,👤 Ankara 2025-08-01
2024-11-22 19:05:21+00:00,👥 Ankara 2025-08-01
2024-11-22 19:05:20+00:00,👤 Ankara 2025-06-17
2024-11-22 19:05:19+00:00,👤 Ankara 2025-04-21
2024-11-22 19:01:47+00:00,👤 Ankara 2025-08-11
2024-11-22 19:00:29+00:00,👥 Ankara 2025-08-04
2024-11-22 19:00:27+00:00,👤 Ankara 2025-06-10
2024-11-22 19:00:26+00:00,👤 Ankara 2025-05-29
2024-11-22 19:00:23+00:00,👤 Ankara 2025-07-22
2024-11-22 19:00:22+00:00,👤 Ankara 2025-07-01
2024-11-22 18:56:58+00:00,👤 Ankara 2025-08-05
2024-11-22 18:55:55+00:00,👤 Ankara 2025-07-24
2024-11-22 18:55:54+00:00,👤 Ankara 2025-07-18
2024-11-22 18:55:22+00:00,👤 Ankara 2025-06-26
2024-11-22 18:55:18+00:00,👥 Ankara 2025-07-18
2024-11-22 18:55:17+00:00,👤 Ankara 2025-06-02
2024-11-22 18:55:15+00:00,👤 Ankara 2025-07-29
2024-11-22 18:55:15+00:00,👤 Ankara 2025-04-16
2024-11-22 18:50:18+00:00,👤 Ankara 2025-03-24
2024-11-22 18:50:17+00:00,👤 Ankara 2025-08-06
2024-11-22 18:45:21+00:00,👤 İstanbul 2025-06-10
2024-11-22 18:45:21+00:00,👤 İstanbul 2025-06-03
2024-11-22 18:45:19+00:00,👥 İstanbul 2025-06-10
2024-11-22 18:40:25+00:00,👥 Ankara 2025-08-05
2024-11-22 18:35:42+00:00,👤 Ankara 2025-03-20
2024-11-22 18:35:19+00:00,👤 İstanbul 2025-07-30
2024-11-22 18:35:17+00:00,👥 İstanbul 2025-07-30
2024-11-22 18:30:43+00:00,👤 Ankara 2025-07-31
2024-11-22 18:30:36+00:00,👤 Ankara 2025-07-28
2024-11-22 18:30:22+00:00,👤 Ankara 2025-07-16
2024-11-22 18:30:21+00:00,👤 Ankara 2025-06-03
2024-11-22 18:30:20+00:00,👥 Ankara 2025-07-31
2024-11-22 18:25:17+00:00,👤 Ankara 2025-07-22
2024-11-22 18:20:23+00:00,👤 Ankara 2025-07-08
2024-11-22 18:20:22+00:00,👤 Ankara 2025-06-23
2024-11-22 18:20:19+00:00,👤 İstanbul 2025-07-02
2024-11-22 18:20:17+00:00,👤 İstanbul 2025-06-30
2024-11-22 18:15:19+00:00,👤 Ankara 2025-07-03
2024-11-22 18:15:18+00:00,👤 Ankara 2025-06-03
2024-11-22 18:10:24+00:00,👥 Ankara 2025-07-22
2024-11-22 18:10:18+00:00,👥 Ankara 2025-05-12
2024-11-22 18:00:36+00:00,👥 Ankara 2025-08-08
2024-11-22 17:50:23+00:00,👤 Ankara 2025-08-05
2024-11-22 17:50:22+00:00,👤 Ankara 2025-03-06
2024-11-22 17:50:19+00:00,👤 İstanbul 2025-07-30
2024-11-22 17:50:19+00:00,👤 İstanbul 2025-07-29
2024-11-22 17:50:18+00:00,👥 Ankara 2025-08-05
2024-11-22 17:45:31+00:00,👤 Ankara 2025-07-09
2024-11-22 17:45:24+00:00,👤 Ankara 2025-05-13
2024-11-22 17:45:23+00:00,👤 Ankara 2025-04-16
2024-11-22 17:40:19+00:00,👤 Ankara 2025-07-18
2024-11-22 17:40:18+00:00,👤 Ankara 2025-06-03
2024-11-22 17:37:02+00:00,👤 Ankara 2025-08-01
2024-11-22 17:35:59+00:00,👤 Ankara 2025-07-29
2024-11-22 17:35:20+00:00,👤 Ankara 2025-06-30
2024-11-22 17:35:19+00:00,👤 Ankara 2025-06-10
2024-11-22 17:35:19+00:00,👤 İstanbul 2025-07-30
2024-11-22 17:30:24+00:00,👤 Ankara 2025-08-18
2024-11-22 17:30:20+00:00,👥 İstanbul 2025-06-18
2024-11-22 17:30:19+00:00,👤 İstanbul 2025-06-18
2024-11-22 17:25:53+00:00,👤 Ankara 2025-08-05
2024-11-22 17:25:49+00:00,👤 Ankara 2025-07-18
2024-11-22 17:25:33+00:00,👤 Ankara 2025-05-08
2024-11-22 17:25:33+00:00,👤 Ankara 2025-05-07
2024-11-22 17:20:55+00:00,👤 Ankara 2025-07-09
2024-11-22 17:20:36+00:00,👤 Ankara 2025-07-08
2024-11-22 17:20:23+00:00,👤 Ankara 2025-06-20
2024-11-22 17:20:22+00:00,👤 Ankara 2025-05-05
2024-11-22 17:20:18+00:00,👥 Ankara 2025-08-12
2024-11-22 17:20:17+00:00,👤 Ankara 2025-08-12
2024-11-22 17:15:26+00:00,👤 Ankara 2025-07-16
2024-11-22 17:11:51+00:00,👤 Ankara 2025-07-31
2024-11-22 17:10:27+00:00,👤 Ankara 2025-03-03
2024-11-22 17:10:26+00:00,👥 Ankara 2025-06-03
2024-11-22 17:10:25+00:00,👥 Ankara 2025-03-06
2024-11-22 17:05:19+00:00,👤 Ankara 2025-07-31
2024-11-22 17:05:18+00:00,👤 Ankara 2025-04-24
2024-11-22 17:00:24+00:00,👤 Ankara 2025-07-21
2024-11-22 17:00:23+00:00,👤 Ankara 2025-05-09
2024-11-22 16:55:19+00:00,👥 İstanbul 2025-06-04
2024-11-22 16:55:16+00:00,👤 İstanbul 2025-06-04
2024-11-22 16:55:15+00:00,👤 Ankara 2025-07-18
2024-11-22 16:50:23+00:00,👤 Ankara 2025-07-21
2024-11-22 16:50:23+00:00,👤 Ankara 2025-07-01
2024-11-22 16:50:18+00:00,👥 Ankara 2025-07-01
2024-11-22 16:48:10+00:00,👤 Ankara 2025-08-12
2024-11-22 16:45:43+00:00,👤 Ankara 2025-07-24
2024-11-22 16:45:21+00:00,👤 Ankara 2025-07-08
2024-11-22 16:45:20+00:00,👤 Ankara 2025-07-03
2024-11-22 16:45:16+00:00,👤 Ankara 2025-08-01
2024-11-22 16:35:47+00:00,👤 Ankara 2025-07-22
2024-11-22 16:35:19+00:00,👤 Ankara 2025-05-29
2024-11-22 16:35:18+00:00,👤 Ankara 2025-05-28
2024-11-22 16:30:36+00:00,👤 Ankara 2025-07-09
2024-11-22 16:30:31+00:00,👤 Ankara 2025-05-06
2024-11-22 16:30:30+00:00,👤 Ankara 2025-04-18
2024-11-22 16:30:24+00:00,👥 Ankara 2025-05-06
2024-11-22 16:30:23+00:00,👤 İstanbul 2025-07-02
2024-11-22 16:20:31+00:00,👤 Ankara 2025-07-16
2024-11-22 16:20:18+00:00,👤 Ankara 2025-07-10
2024-11-22 16:20:17+00:00,👤 Ankara 2025-04-29
2024-11-22 16:15:19+00:00,👤 Ankara 2025-08-07
2024-11-22 16:15:18+00:00,👤 Ankara 2025-05-12
2024-11-22 16:10:26+00:00,👤 İstanbul 2025-07-30
2024-11-22 16:10:19+00:00,👥 Ankara 2025-06-30
2024-11-22 16:10:17+00:00,👥 İstanbul 2025-07-30
2024-11-22 16:05:30+00:00,👤 İstanbul 2025-07-30
2024-11-22 15:51:03+00:00,👤 Ankara 2025-07-14
2024-11-22 15:50:20+00:00,👤 İstanbul 2024-12-10
2024-11-22 15:50:20+00:00,👤 Ankara 2025-07-08
2024-11-22 15:50:19+00:00,👤 Ankara 2025-06-30
2024-11-22 15:46:50+00:00,👤 Ankara 2025-08-05
2024-11-22 15:45:53+00:00,👤 Ankara 2025-07-17
2024-11-22 15:45:29+00:00,👤 Ankara 2025-05-22
2024-11-22 15:45:28+00:00,👤 Ankara 2025-05-21
2024-11-22 15:45:24+00:00,👥 Ankara 2025-07-24
2024-11-22 15:45:16+00:00,👤 Ankara 2025-06-10
2024-11-22 15:40:20+00:00,👤 Ankara 2025-03-20
2024-11-22 15:40:18+00:00,👤 Ankara 2025-06-12
2024-11-22 15:35:21+00:00,👤 Ankara 2025-07-25
2024-11-22 15:35:21+00:00,👤 Ankara 2025-06-26
2024-11-22 15:35:19+00:00,👥 Ankara 2025-06-26
2024-11-22 15:30:23+00:00,👥 Ankara 2025-07-22
2024-11-22 15:30:23+00:00,👤 Ankara 2025-07-22
2024-11-22 15:25:17+00:00,👤 Ankara 2025-08-15
2024-11-22 15:25:17+00:00,👤 Ankara 2025-07-02
2024-11-22 15:15:26+00:00,👤 Ankara 2025-07-11
2024-11-22 15:15:25+00:00,👤 Ankara 2025-04-22
2024-11-22 15:10:21+00:00,👤 Ankara 2025-08-15
2024-11-22 15:05:26+00:00,👥 Ankara 2025-07-31
2024-11-22 15:05:19+00:00,👤 Ankara 2025-07-31
2024-11-22 15:00:24+00:00,👤 İstanbul 2025-07-16
2024-11-22 15:00:24+00:00,👤 Ankara 2025-06-10
2024-11-22 15:00:23+00:00,👤 Ankara 2025-05-06
2024-11-22 14:55:52+00:00,👤 Ankara 2025-08-01
2024-11-22 14:55:26+00:00,👤 Ankara 2025-05-23
2024-11-22 14:55:17+00:00,👤 Ankara 2025-07-03
2024-11-22 14:55:16+00:00,👤 Ankara 2025-04-29
2024-11-22 14:50:25+00:00,👤 Ankara 2025-06-03
2024-11-22 14:50:24+00:00,👤 Ankara 2025-05-22
2024-11-22 14:35:29+00:00,👤 Ankara 2025-05-09
2024-11-22 14:30:24+00:00,👤 Ankara 2025-05-29
2024-11-22 14:30:21+00:00,👥 Ankara 2025-05-29
2024-11-22 14:30:20+00:00,👤 İstanbul 2025-06-04
2024-11-22 14:30:19+00:00,👤 Ankara 2025-07-22
2024-11-22 14:25:23+00:00,👤 Ankara 2025-04-22
2024-11-22 14:20:21+00:00,👤 İstanbul 2025-07-16
2024-11-22 14:20:20+00:00,👤 Ankara 2025-03-18
2024-11-22 14:20:17+00:00,👥 Ankara 2025-03-18
2024-11-22 14:15:17+00:00,👤 Ankara 2025-04-10
2024-11-22 14:15:17+00:00,👤 İstanbul 2025-07-11
2024-11-22 14:10:21+00:00,👤 İstanbul 2025-07-02
2024-11-22 14:10:20+00:00,👤 İstanbul 2025-06-18
2024-11-22 14:05:19+00:00,👤 Ankara 2025-07-03
2024-11-22 14:00:23+00:00,👤 İstanbul 2025-07-30
2024-11-22 13:55:16+00:00,👥 Ankara 2025-03-24
2024-11-22 13:55:15+00:00,👤 Ankara 2025-03-24
2024-11-22 13:50:24+00:00,👤 Ankara 2025-05-12
2024-11-22 13:50:23+00:00,👤 Ankara 2025-04-21
2024-11-22 13:50:23+00:00,👤 Ankara 2025-04-10
2024-11-22 13:45:18+00:00,👤 Ankara 2025-06-26
2024-11-22 13:30:22+00:00,👤 Ankara 2025-07-01
2024-11-22 13:30:21+00:00,👤 Ankara 2025-03-03
2024-11-22 13:20:23+00:00,👤 İstanbul 2025-07-29
2024-11-22 13:00:23+00:00,👤 Ankara 2025-08-04
2024-11-22 12:55:17+00:00,👤 İstanbul 2025-06-18
2024-11-22 12:50:29+00:00,👥 Ankara 2025-07-14
2024-11-22 12:50:23+00:00,👤 Ankara 2025-07-14
2024-11-22 12:45:21+00:00,👤 Ankara 2025-04-22
2024-11-22 12:35:35+00:00,👤 Ankara 2025-07-11
2024-11-22 12:35:20+00:00,👤 Ankara 2025-05-22
2024-11-22 12:35:19+00:00,👤 Ankara 2025-03-18
2024-11-22 12:35:19+00:00,👥 Ankara 2025-03-18
2024-11-22 12:35:18+00:00,👥 Ankara 2025-07-11
2024-11-22 12:20:22+00:00,👤 Ankara 2025-04-10
2024-11-22 12:20:22+00:00,👥 Ankara 2025-04-10
2024-11-22 12:10:26+00:00,👥 Ankara 2025-05-07
2024-11-22 12:10:20+00:00,👤 Ankara 2025-07-14
2024-11-22 12:10:20+00:00,👤 Ankara 2025-05-07
2024-11-22 12:06:39+00:00,👤 Ankara 2025-07-22
2024-11-22 12:05:21+00:00,👤 Ankara 2025-07-16
2024-11-22 12:04:03+00:00,👥 Ankara 2025-05-20
2024-11-22 12:03:46+00:00,👤 Ankara 2025-05-20
2024-11-22 12:00:43+00:00,👤 Ankara 2025-04-18
2024-11-22 12:00:42+00:00,👤 Ankara 2025-04-15
2024-11-22 12:00:24+00:00,👥 Ankara 2025-04-15
2024-11-22 12:00:21+00:00,👤 Ankara 2025-05-20
2024-11-22 12:00:19+00:00,👥 Ankara 2025-05-20
2024-11-22 11:55:30+00:00,👤 Ankara 2025-08-01
2024-11-22 11:55:29+00:00,👥 Ankara 2025-08-01
2024-11-22 11:53:07+00:00,👥 Ankara 2025-05-15
2024-11-22 11:53:00+00:00,👤 Ankara 2025-05-15
2024-11-22 11:50:19+00:00,👤 İstanbul 2025-06-10
2024-11-22 11:45:22+00:00,👤 Ankara 2025-06-02
2024-11-22 11:45:05+00:00,👤 Ankara 2025-05-13
2024-11-22 11:44:39+00:00,👥 Ankara 2025-05-13
2024-11-22 11:40:58+00:00,👥 Ankara 2025-05-13
2024-11-22 11:40:57+00:00,👤 Ankara 2025-05-13
2024-11-22 11:38:08+00:00,👤 Ankara 2025-05-12
2024-11-22 11:37:29+00:00,👥 Ankara 2025-05-12
2024-11-22 11:35:27+00:00,👤 Ankara 2025-08-05
2024-11-22 11:20:24+00:00,👤 Ankara 2025-08-04
2024-11-22 11:15:35+00:00,👤 Ankara 2025-08-01
2024-11-22 11:15:20+00:00,👤 İstanbul 2025-06-04
2024-11-22 11:10:21+00:00,👤 Ankara 2025-07-21
2024-11-22 11:08:39+00:00,👥 Ankara 2025-05-09
2024-11-22 11:04:31+00:00,👥 Ankara 2025-05-09
2024-11-22 11:04:30+00:00,👤 Ankara 2025-05-09
2024-11-22 11:00:27+00:00,👤 Ankara 2025-07-24
2024-11-22 10:55:18+00:00,👤 Ankara 2025-07-29
2024-11-22 10:50:18+00:00,👤 Ankara 2025-08-14
2024-11-22 10:48:04+00:00,👥 Ankara 2025-05-08
2024-11-22 10:47:59+00:00,👤 Ankara 2025-05-08
2024-11-22 10:45:20+00:00,👤 Ankara 2025-04-18
2024-11-22 10:40:29+00:00,👥 Ankara 2025-06-03
2024-11-22 10:40:19+00:00,👤 Ankara 2025-06-03
2024-11-22 10:38:19+00:00,👥 Ankara 2025-05-07
2024-11-22 10:38:10+00:00,👤 Ankara 2025-05-07
2024-11-22 10:35:06+00:00,👤 Ankara 2025-05-07
2024-11-22 10:35:04+00:00,👥 Ankara 2025-05-07
2024-11-22 10:35:01+00:00,👤 Ankara 2025-05-06
2024-11-22 10:35:00+00:00,👥 Ankara 2025-05-06
2024-11-22 10:31:52+00:00,👤 Ankara 2025-05-06
2024-11-22 10:31:28+00:00,👥 Ankara 2025-05-06
2024-11-22 10:25:17+00:00,👤 Ankara 2025-04-08
2024-11-22 10:25:17+00:00,👥 Ankara 2025-04-08
2024-11-22 10:22:32+00:00,👥 Ankara 2025-05-05
2024-11-22 10:22:19+00:00,👤 Ankara 2025-05-05
2024-11-22 10:20:39+00:00,👤 Ankara 2025-04-16
2024-11-22 10:20:24+00:00,👤 Ankara 2025-03-17
2024-11-22 10:20:23+00:00,👤 Ankara 2025-03-14
2024-11-22 10:20:21+00:00,👥 Ankara 2025-04-16
2024-11-22 10:20:20+00:00,👥 Ankara 2025-03-14
2024-11-22 10:15:20+00:00,👤 Ankara 2025-07-22
2024-11-22 10:10:18+00:00,👤 Ankara 2025-08-14
2024-11-22 10:05:21+00:00,👤 Ankara 2025-05-21
2024-11-22 10:01:02+00:00,👤 Ankara 2025-03-18
2024-11-22 10:00:06+00:00,👤 Ankara 2025-04-29
2024-11-22 09:59:54+00:00,👥 Ankara 2025-04-29
2024-11-22 09:58:40+00:00,👤 Ankara 2025-04-28
2024-11-22 09:58:25+00:00,👥 Ankara 2025-04-28
2024-11-22 09:55:23+00:00,👤 İstanbul 2025-07-31
2024-11-22 09:55:09+00:00,👤 Ankara 2025-04-28
2024-11-22 09:55:09+00:00,👥 Ankara 2025-04-28
2024-11-22 09:53:58+00:00,👥 Ankara 2025-04-25
2024-11-22 09:53:43+00:00,👤 Ankara 2025-04-25
2024-11-22 09:50:39+00:00,👥 Ankara 2025-04-25
2024-11-22 09:48:46+00:00,👤 Ankara 2025-04-24
2024-11-22 09:48:45+00:00,👥 Ankara 2025-04-24
2024-11-22 09:45:12+00:00,👤 Ankara 2025-04-24
2024-11-22 09:45:07+00:00,👥 Ankara 2025-04-24
2024-11-22 09:20:20+00:00,👤 Ankara 2025-08-18
2024-11-22 09:05:20+00:00,👥 Ankara 2025-04-10
2024-11-22 09:00:26+00:00,👤 Ankara 2025-04-07
2024-11-22 09:00:25+00:00,👤 Ankara 2025-03-17
2024-11-22 08:55:18+00:00,👤 Ankara 2025-08-05
2024-11-22 08:45:18+00:00,👤 Ankara 2025-08-07
2024-11-22 08:40:21+00:00,👤 Ankara 2025-06-20
2024-11-22 08:30:22+00:00,👤 İstanbul 2025-07-02
2024-11-22 08:25:21+00:00,👤 Ankara 2025-07-09
2024-11-22 08:23:43+00:00,👤 Ankara 2025-04-22
2024-11-22 08:20:19+00:00,👤 Ankara 2025-06-03
2024-11-22 08:20:19+00:00,👤 Ankara 2025-03-19
2024-11-22 08:15:24+00:00,👤 Ankara 2025-07-09
2024-11-22 08:10:27+00:00,👤 Ankara 2025-07-08
2024-11-22 08:10:25+00:00,👤 İstanbul 2025-07-24
2024-11-22 08:05:36+00:00,👤 Ankara 2025-08-01
2024-11-22 08:05:35+00:00,👤 Ankara 2025-07-22
2024-11-22 08:00:24+00:00,👥 İstanbul 2025-06-02
2024-11-22 08:00:23+00:00,👤 İstanbul 2025-07-29
2024-11-22 08:00:22+00:00,👤 İstanbul 2025-06-02
2024-11-22 07:45:16+00:00,👥 Ankara 2025-03-19
2024-11-22 07:25:18+00:00,👥 Ankara 2025-05-23
2024-11-22 07:15:21+00:00,👥 Ankara 2025-03-18
2024-11-22 07:15:20+00:00,👤 İstanbul 2025-07-02
2024-11-22 07:00:21+00:00,👤 Ankara 2025-06-24
2024-11-22 06:58:56+00:00,👥 Ankara 2025-04-21
2024-11-22 06:58:07+00:00,👤 Ankara 2025-04-21
2024-11-22 06:55:16+00:00,👤 Ankara 2025-05-08
2024-11-22 06:50:20+00:00,👤 Ankara 2025-03-17
2024-11-22 06:50:17+00:00,👤 Ankara 2025-08-07
2024-11-22 06:45:23+00:00,👤 Ankara 2025-07-21
2024-11-22 06:45:23+00:00,👤 İstanbul 2025-07-16
2024-11-22 06:45:22+00:00,👤 İstanbul 2025-05-21
2024-11-22 06:40:23+00:00,👤 Ankara 2025-06-03
2024-11-22 06:28:57+00:00,👥 Ankara 2025-04-18
2024-11-22 06:28:34+00:00,👤 Ankara 2025-04-18
2024-11-22 06:25:27+00:00,👤 Ankara 2025-07-22
2024-11-22 06:25:21+00:00,👤 Ankara 2025-07-03
2024-11-22 06:25:20+00:00,👤 Ankara 2025-03-27
2024-11-22 06:25:18+00:00,👥 Ankara 2025-07-22
2024-11-22 06:20:36+00:00,👤 Toronto 2025-01-28
2024-11-22 06:15:21+00:00,👤 İstanbul 2025-07-02
2024-11-22 06:15:13+00:00,👤 Ankara 2024-12-04
2024-11-22 06:10:18+00:00,👤 İstanbul 2025-08-06
2024-11-22 06:10:18+00:00,👤 İstanbul 2025-07-30
2024-11-22 06:00:44+00:00,👤 Ankara 2025-08-05
2024-11-22 06:00:22+00:00,👥 Ankara 2025-06-30
2024-11-22 06:00:22+00:00,👤 Ankara 2025-06-30
2024-11-22 06:00:21+00:00,👤 Ankara 2025-06-03
2024-11-22 05:50:18+00:00,👤 İstanbul 2025-07-16
2024-11-22 05:35:23+00:00,👤 İstanbul 2025-07-11
2024-11-22 05:30:23+00:00,👤 Ankara 2025-07-31
2024-11-22 05:25:26+00:00,👤 Ankara 2025-05-22
2024-11-22 05:10:28+00:00,👤 İstanbul 2025-07-02
2024-11-22 05:10:22+00:00,👥 İstanbul 2025-07-02
2024-11-22 05:00:24+00:00,👤 İstanbul 2025-07-02
2024-11-22 04:55:19+00:00,👤 Ankara 2025-07-17
2024-11-22 04:55:19+00:00,👤 Ankara 2025-03-20
2024-11-22 04:45:19+00:00,👤 İstanbul 2025-06-04
2024-11-22 04:40:19+00:00,👤 Ankara 2025-06-18
2024-11-22 04:35:20+00:00,👤 Ankara 2025-04-16
2024-11-22 04:25:22+00:00,👤 Ankara 2025-04-10
2024-11-22 04:10:18+00:00,👤 Ankara 2025-06-02
2024-11-22 04:05:20+00:00,👤 İstanbul 2025-06-04
2024-11-22 03:55:53+00:00,👤 Ankara 2025-08-14
2024-11-22 03:55:26+00:00,👤 Ankara 2025-07-29
2024-11-22 03:55:25+00:00,👤 Ankara 2025-06-03
2024-11-22 03:50:15+00:00,👥 Ankara 2025-03-24
2024-11-22 03:40:19+00:00,👥 Ankara 2025-03-27
2024-11-22 03:30:28+00:00,👤 Ankara 2025-04-15
2024-11-22 03:15:21+00:00,👤 Ankara 2025-07-22
2024-11-22 03:10:19+00:00,👤 Ankara 2025-07-22
2024-11-22 03:10:18+00:00,👤 İstanbul 2025-07-02
2024-11-22 03:10:16+00:00,👤 Ankara 2025-04-10
2024-11-22 03:10:16+00:00,👤 İstanbul 2025-08-06
2024-11-22 03:00:33+00:00,👤 Ankara 2024-12-06
2024-11-22 03:00:27+00:00,👤 Ankara 2025-05-12
2024-11-22 03:00:22+00:00,👥 Ankara 2025-05-12
2024-11-22 03:00:21+00:00,👤 Ankara 2025-07-24
2024-11-22 02:55:16+00:00,👤 Ankara 2025-07-17
2024-11-22 02:55:14+00:00,👤 Ankara 2025-03-14
2024-11-22 02:45:31+00:00,👥 Ankara 2025-04-11
2024-11-22 02:45:19+00:00,👤 Ankara 2025-04-11
2024-11-22 02:40:19+00:00,👤 İstanbul 2025-07-16
2024-11-22 02:40:17+00:00,👤 Ankara 2025-05-21
2024-11-22 02:30:26+00:00,👥 İstanbul 2025-07-02
2024-11-22 02:30:20+00:00,👤 İstanbul 2025-07-02
2024-11-22 02:25:22+00:00,👤 Ankara 2025-08-05
2024-11-22 02:25:17+00:00,👤 İstanbul 2025-06-12
2024-11-22 02:20:18+00:00,👤 Ankara 2025-08-11
2024-11-22 02:10:23+00:00,👤 Ankara 2025-05-22
2024-11-22 02:10:18+00:00,👤 İstanbul 2025-06-27
2024-11-22 02:05:21+00:00,👤 Ankara 2025-06-18
2024-11-22 02:00:37+00:00,👤 Ankara 2025-04-07
2024-11-22 01:55:19+00:00,👤 Ankara 2025-07-03
2024-11-22 01:55:16+00:00,👤 İstanbul 2025-07-16
2024-11-22 01:45:18+00:00,👤 İstanbul 2025-07-02
2024-11-22 01:40:22+00:00,👤 Ankara 2025-07-10
2024-11-22 01:40:21+00:00,👤 Ankara 2025-06-20
2024-11-22 01:35:23+00:00,👤 Ankara 2025-07-22
2024-11-22 01:30:21+00:00,👤 İstanbul 2025-06-04
2024-11-22 01:25:18+00:00,👤 Ankara 2025-03-14
2024-11-22 01:25:17+00:00,👤 Ankara 2025-07-03
2024-11-22 01:25:16+00:00,👤 Ankara 2025-01-30
2024-11-22 01:15:17+00:00,👤 İstanbul 2025-05-21
2024-11-22 01:10:26+00:00,👤 Ankara 2025-05-29
2024-11-22 01:10:18+00:00,👤 İstanbul 2025-07-02
2024-11-22 01:00:25+00:00,👤 Ankara 2025-05-23
2024-11-22 00:55:16+00:00,👤 Ankara 2025-05-20
2024-11-22 00:50:17+00:00,👤 İstanbul 2025-07-30
2024-11-22 00:50:16+00:00,👤 Ankara 2025-04-28
2024-11-22 00:40:19+00:00,👤 Ankara 2025-06-03
2024-11-22 00:35:23+00:00,👤 Ankara 2025-03-11
2024-11-22 00:35:19+00:00,👤 İstanbul 2025-06-18
2024-11-22 00:30:21+00:00,👤 Ankara 2025-07-31
2024-11-22 00:25:22+00:00,👤 Ankara 2025-06-02
2024-11-22 00:20:23+00:00,👤 Ankara 2025-07-16
2024-11-22 00:20:19+00:00,👤 İstanbul 2025-06-04
2024-11-22 00:15:31+00:00,👤 Ankara 2025-03-18
2024-11-22 00:15:17+00:00,👤 Ankara 2025-07-29
2024-11-22 00:10:19+00:00,👤 Ankara 2025-03-24
2024-11-22 00:10:19+00:00,👤 İstanbul 2025-06-18
2024-11-22 00:05:21+00:00,👤 Ankara 2025-08-08
2024-11-22 00:05:19+00:00,👥 Ankara 2025-08-08
2024-11-22 00:05:16+00:00,👤 Ankara 2025-08-05
2024-11-22 00:00:25+00:00,👤 Ankara 2025-06-24
2024-11-21 23:55:19+00:00,👤 Ankara 2025-08-14
2024-11-21 23:50:19+00:00,👤 İstanbul 2025-07-24
2024-11-21 23:40:36+00:00,👤 Ankara 2025-05-29
2024-11-21 23:40:23+00:00,👥 Ankara 2025-05-29
2024-11-21 23:40:22+00:00,👥 Ankara 2025-03-04
2024-11-21 23:40:21+00:00,👤 Ankara 2025-04-07
2024-11-21 23:40:20+00:00,👤 Ankara 2025-03-04
2024-11-21 23:35:24+00:00,👤 Ankara 2025-08-07
2024-11-21 23:35:23+00:00,👤 Ankara 2025-08-01
2024-11-21 23:30:52+00:00,👤 Ankara 2025-07-11
2024-11-21 23:30:47+00:00,👤 Ankara 2025-07-08
2024-11-21 23:30:46+00:00,👤 Ankara 2025-06-16
2024-11-21 23:30:23+00:00,👥 Ankara 2025-07-11
2024-11-21 23:30:23+00:00,👥 Ankara 2025-04-08
2024-11-21 23:30:22+00:00,👤 Ankara 2025-04-08
2024-11-21 23:30:22+00:00,👤 Ankara 2025-03-27
2024-11-21 23:25:23+00:00,👥 Ankara 2025-05-07
2024-11-21 23:25:19+00:00,👤 Ankara 2025-08-05
2024-11-21 23:25:18+00:00,👤 Ankara 2025-05-07
2024-11-21 23:20:24+00:00,👤 Ankara 2025-07-22
2024-11-21 23:20:24+00:00,👤 Ankara 2025-07-07
2024-11-21 23:20:19+00:00,👥 Ankara 2025-07-22
2024-11-21 23:20:18+00:00,👥 Ankara 2025-07-07
2024-11-21 23:15:23+00:00,👤 Ankara 2025-06-02
2024-11-21 23:15:19+00:00,👤 İstanbul 2025-06-27
2024-11-21 23:15:17+00:00,👤 Ankara 2025-04-08
2024-11-21 23:10:17+00:00,👤 Ankara 2025-05-22
2024-11-21 23:05:20+00:00,👤 Ankara 2025-06-18
2024-11-21 23:05:19+00:00,👤 Ankara 2025-03-25
2024-11-21 23:05:17+00:00,👤 İstanbul 2025-07-02
2024-11-21 23:00:25+00:00,👤 İstanbul 2025-08-06
2024-11-21 23:00:24+00:00,👤 İstanbul 2025-05-21
2024-11-21 23:00:24+00:00,👤 Ankara 2025-07-28
2024-11-21 23:00:22+00:00,👥 Ankara 2025-07-28
2024-11-21 22:55:59+00:00,👤 Ankara 2025-07-11
2024-11-21 22:55:41+00:00,👤 İstanbul 2025-07-02
2024-11-21 22:55:33+00:00,👤 Ankara 2025-07-09
2024-11-21 22:55:33+00:00,👤 Ankara 2025-06-02
2024-11-21 22:50:17+00:00,👤 Ankara 2025-07-01
2024-11-21 22:50:17+00:00,👤 Ankara 2025-04-07
2024-11-21 22:45:19+00:00,👤 Ankara 2025-07-31
2024-11-21 22:45:19+00:00,👤 Ankara 2025-03-24
2024-11-21 22:45:16+00:00,👤 İstanbul 2025-08-06
2024-11-21 22:40:19+00:00,👤 İstanbul 2025-07-16
2024-11-21 22:40:18+00:00,👤 İstanbul 2025-08-06
2024-11-21 22:35:38+00:00,👤 Ankara 2025-07-30
2024-11-21 22:35:24+00:00,👤 Ankara 2025-04-10
2024-11-21 22:35:19+00:00,👥 Ankara 2025-03-05
2024-11-21 22:35:19+00:00,👤 Ankara 2025-04-08
2024-11-21 22:35:18+00:00,👤 Ankara 2025-03-05
2024-11-21 22:30:52+00:00,👤 Ankara 2025-08-12
2024-11-21 22:30:43+00:00,👤 Ankara 2025-08-11
2024-11-21 22:30:22+00:00,👤 Ankara 2025-05-21
2024-11-21 22:30:21+00:00,👥 Ankara 2025-08-11
2024-11-21 22:30:21+00:00,👤 Ankara 2025-04-07
2024-11-21 22:30:21+00:00,👤 Ankara 2024-12-31
2024-11-21 22:25:16+00:00,👤 Ankara 2025-04-10
2024-11-21 22:20:35+00:00,👤 İstanbul 2025-07-30
2024-11-21 22:20:23+00:00,👤 İstanbul 2025-06-18
2024-11-21 22:20:18+00:00,👤 Ankara 2025-05-27
2024-11-21 22:20:17+00:00,👤 İstanbul 2025-07-16
2024-11-21 22:15:18+00:00,👤 İstanbul 2025-07-16
2024-11-21 22:15:18+00:00,👤 Ankara 2025-04-16
2024-11-21 22:05:20+00:00,👤 Ankara 2025-08-04
2024-11-21 22:05:19+00:00,👤 Ankara 2025-07-16
2024-11-21 22:00:37+00:00,👤 Ankara 2025-07-31
2024-11-21 22:00:27+00:00,👤 Ankara 2025-03-04
2024-11-21 21:45:29+00:00,👤 Ankara 2025-08-14
2024-11-21 21:45:20+00:00,👤 Ankara 2025-07-22
2024-11-21 21:45:20+00:00,👤 Ankara 2025-06-16
2024-11-21 21:40:20+00:00,👥 Ankara 2025-03-04
2024-11-21 21:40:17+00:00,👤 İstanbul 2025-07-16
2024-11-21 21:35:19+00:00,👤 İstanbul 2025-07-16
2024-11-21 21:35:16+00:00,👤 Ankara 2025-07-25
2024-11-21 21:30:24+00:00,👤 Ankara 2025-05-21
2024-11-21 21:30:19+00:00,👤 İstanbul 2025-06-04
2024-11-21 21:25:16+00:00,👤 Ankara 2025-07-03
2024-11-21 21:20:22+00:00,👤 Ankara 2025-06-16
2024-11-21 21:20:19+00:00,👤 İstanbul 2025-05-21
2024-11-21 21:20:18+00:00,👤 İstanbul 2024-12-02
2024-11-21 21:20:17+00:00,👤 Ankara 2025-08-12
2024-11-21 21:20:17+00:00,👥 Ankara 2025-04-11
2024-11-21 21:20:17+00:00,👤 Ankara 2025-04-11
2024-11-21 21:05:21+00:00,👥 Ankara 2025-07-30
2024-11-21 21:05:17+00:00,👤 Ankara 2025-07-30
2024-11-21 21:05:17+00:00,👤 Ankara 2025-03-20
2024-11-21 20:55:15+00:00,👤 İstanbul 2025-06-18
2024-11-21 20:50:18+00:00,👤 Ankara 2025-08-01
2024-11-21 20:50:18+00:00,👤 İstanbul 2025-07-30
2024-11-21 20:50:18+00:00,👤 Ankara 2025-06-12
2024-11-21 20:45:18+00:00,👤 Ankara 2025-05-29
2024-11-21 20:40:18+00:00,👤 Ankara 2025-04-16
2024-11-21 20:35:20+00:00,👤 Ankara 2025-07-07
2024-11-21 20:35:19+00:00,👤 Ankara 2025-05-22
2024-11-21 20:30:20+00:00,👤 Ankara 2025-03-27
2024-11-21 20:25:20+00:00,👤 İstanbul 2025-05-07
2024-11-21 20:25:19+00:00,👤 Ankara 2025-07-17
2024-11-21 20:20:18+00:00,👤 Ankara 2025-03-27
2024-11-21 20:20:18+00:00,👤 İstanbul 2025-06-18
2024-11-21 20:20:18+00:00,👤 Ankara 2025-03-20
2024-11-21 20:15:19+00:00,👥 Ankara 2025-07-01
2024-11-21 20:15:18+00:00,👤 Ankara 2025-07-01
2024-11-21 20:10:36+00:00,👤 Ankara 2025-08-15
2024-11-21 20:10:21+00:00,👤 Ankara 2025-04-10
2024-11-21 20:10:20+00:00,👤 Ankara 2025-03-19
2024-11-21 20:10:18+00:00,👥 Ankara 2025-03-19
2024-11-21 20:00:42+00:00,👤 Ankara 2025-08-04
2024-11-21 20:00:29+00:00,👤 Ankara 2025-07-24
2024-11-21 20:00:28+00:00,👤 Ankara 2025-06-30
2024-11-21 20:00:20+00:00,👤 İstanbul 2025-07-16
2024-11-21 19:55:19+00:00,👥 Ankara 2025-07-24
2024-11-21 19:55:16+00:00,👤 İstanbul 2025-06-17
2024-11-21 19:55:15+00:00,👤 Ankara 2025-07-24
2024-11-21 19:50:20+00:00,👤 Ankara 2025-03-28
2024-11-21 19:50:18+00:00,👥 Ankara 2025-03-28
2024-11-21 19:50:16+00:00,👤 Ankara 2025-06-10
2024-11-21 19:45:22+00:00,👤 Ankara 2025-08-14
2024-11-21 19:45:21+00:00,👤 Ankara 2025-05-30
2024-11-21 19:45:21+00:00,👥 Ankara 2025-05-30
2024-11-21 19:40:19+00:00,👥 Ankara 2025-06-03
2024-11-21 19:40:18+00:00,👥 Ankara 2025-04-07
2024-11-21 19:35:25+00:00,👤 Ankara 2025-08-04
2024-11-21 19:35:17+00:00,👤 İstanbul 2025-05-21
2024-11-21 19:30:23+00:00,👤 Ankara 2025-05-15
2024-11-21 19:30:21+00:00,👤 İstanbul 2025-07-02
2024-11-21 19:30:19+00:00,👤 Ankara 2025-03-04
2024-11-21 19:25:18+00:00,👤 Ankara 2025-04-08
2024-11-21 19:20:21+00:00,👤 Ankara 2025-06-27
2024-11-21 19:20:19+00:00,👤 İstanbul 2025-07-02
2024-11-21 19:20:18+00:00,👤 İstanbul 2025-05-21
2024-11-21 19:20:18+00:00,👥 İstanbul 2025-05-21
2024-11-21 19:15:18+00:00,👤 Ankara 2025-08-15
2024-11-21 19:10:27+00:00,👤 Ankara 2025-07-29
2024-11-21 19:10:20+00:00,👥 Ankara 2025-04-21
2024-11-21 19:10:19+00:00,👤 Ankara 2025-04-21
2024-11-21 19:10:18+00:00,👤 Ankara 2025-03-20
2024-11-21 19:05:31+00:00,👤 Ankara 2025-07-14
2024-11-21 19:05:27+00:00,👤 Ankara 2024-12-19
2024-11-21 19:05:20+00:00,👤 Ankara 2025-03-27
2024-11-21 19:05:16+00:00,👤 Ankara 2025-08-04
2024-11-21 19:05:16+00:00,👤 Ankara 2025-03-21
2024-11-21 19:00:23+00:00,👤 İstanbul 2025-07-02
2024-11-21 18:55:20+00:00,👤 Ankara 2025-07-07
2024-11-21 18:50:25+00:00,👥 Ankara 2025-03-24
2024-11-21 18:50:23+00:00,👤 Ankara 2025-07-08
2024-11-21 18:50:20+00:00,👤 Ankara 2025-04-11
2024-11-21 18:50:19+00:00,👤 Ankara 2025-03-24
2024-11-21 18:45:17+00:00,👥 Ankara 2025-07-24
2024-11-21 18:45:17+00:00,👤 Ankara 2025-07-24
2024-11-21 18:40:18+00:00,👤 İstanbul 2025-06-18
2024-11-21 18:40:17+00:00,👤 Ankara 2025-03-07
2024-11-21 18:35:23+00:00,👤 İstanbul 2025-01-17
2024-11-21 18:35:19+00:00,👤 Ankara 2025-07-21
2024-11-21 18:35:18+00:00,👤 Ankara 2025-03-28
2024-11-21 18:30:45+00:00,👤 Ankara 2025-07-31
2024-11-21 18:30:36+00:00,👤 Ankara 2025-05-20
2024-11-21 18:30:20+00:00,👤 Ankara 2025-05-13
2024-11-21 18:30:19+00:00,👤 Ankara 2025-04-15
2024-11-21 18:25:17+00:00,👤 Ankara 2025-03-21
2024-11-21 18:20:21+00:00,👤 Ankara 2025-04-10
2024-11-21 18:20:20+00:00,👤 Ankara 2025-04-07
2024-11-21 18:20:19+00:00,👥 Ankara 2025-04-10
2024-11-21 18:15:18+00:00,👤 İstanbul 2025-07-02
2024-11-21 18:15:17+00:00,👤 Ankara 2025-07-01
2024-11-21 18:10:21+00:00,👤 Ankara 2025-07-28
2024-11-21 18:10:20+00:00,👤 İstanbul 2025-07-30
2024-11-21 18:10:20+00:00,👤 Ankara 2025-03-28
2024-11-21 18:05:24+00:00,👤 Ankara 2025-06-03
2024-11-21 18:05:20+00:00,👥 İstanbul 2025-07-16
2024-11-21 18:05:17+00:00,👥 Ankara 2025-06-03
2024-11-21 18:05:17+00:00,👤 İstanbul 2025-07-16
2024-11-21 18:00:23+00:00,👤 Ankara 2025-07-31
2024-11-21 18:00:22+00:00,👤 Ankara 2025-06-17
2024-11-21 18:00:22+00:00,👥 İstanbul 2025-07-02
2024-11-21 18:00:21+00:00,👤 İstanbul 2025-07-02
2024-11-21 17:55:26+00:00,👤 Ankara 2025-07-21
2024-11-21 17:55:22+00:00,👤 Ankara 2025-06-16
2024-11-21 17:55:21+00:00,👤 Ankara 2025-04-30
2024-11-21 17:50:19+00:00,👥 Ankara 2025-08-07
2024-11-21 17:50:19+00:00,👤 İstanbul 2025-08-06
2024-11-21 17:50:17+00:00,👤 Ankara 2025-08-07
2024-11-21 17:45:18+00:00,👤 Ankara 2025-03-28
2024-11-21 17:40:32+00:00,👤 Ankara 2025-07-31
2024-11-21 17:40:30+00:00,👥 Ankara 2025-07-31
2024-11-21 17:40:27+00:00,👤 Ankara 2025-06-18
2024-11-21 17:40:26+00:00,👤 Ankara 2025-03-19
2024-11-21 17:35:33+00:00,👤 Ankara 2025-07-22
2024-11-21 17:35:18+00:00,👤 Ankara 2025-04-15
2024-11-21 17:35:18+00:00,👤 Ankara 2025-04-10
2024-11-21 17:35:16+00:00,👤 İstanbul 2025-07-02
2024-11-21 17:30:31+00:00,👥 Ankara 2025-07-09
2024-11-21 17:30:21+00:00,👤 Ankara 2025-03-28
2024-11-21 17:30:19+00:00,👤 Ankara 2025-07-09
2024-11-21 17:25:17+00:00,👤 İstanbul 2025-07-16
2024-11-21 17:25:17+00:00,👤 Ankara 2025-03-24
2024-11-21 17:20:19+00:00,👤 Ankara 2025-06-30
2024-11-21 17:20:19+00:00,👤 Ankara 2025-04-07
2024-11-21 17:20:17+00:00,👤 Ankara 2025-08-08
2024-11-21 17:15:23+00:00,👥 Ankara 2025-07-14
2024-11-21 17:15:22+00:00,👥 İstanbul 2025-06-04
2024-11-21 17:15:20+00:00,👤 Ankara 2025-07-14
2024-11-21 17:15:18+00:00,👤 İstanbul 2025-06-04
2024-11-21 17:15:17+00:00,👤 Ankara 2025-07-29
2024-11-21 17:10:19+00:00,👤 Ankara 2025-08-15
2024-11-21 17:05:25+00:00,👤 Ankara 2025-08-01
2024-11-21 17:05:22+00:00,👥 Ankara 2025-08-01
2024-11-21 17:05:19+00:00,👤 İstanbul 2025-06-04
2024-11-21 17:05:19+00:00,👤 İstanbul 2025-05-21
2024-11-21 17:05:17+00:00,👤 Ankara 2025-07-01
2024-11-21 17:05:17+00:00,👤 Ankara 2025-03-05
2024-11-21 17:00:24+00:00,👤 Ankara 2025-08-12
2024-11-21 17:00:23+00:00,👤 Ankara 2025-07-22
2024-11-21 16:55:18+00:00,👤 İstanbul 2025-05-21
2024-11-21 16:55:17+00:00,👤 Ankara 2025-06-18
2024-11-21 16:50:19+00:00,👤 Ankara 2025-08-01
2024-11-21 16:50:18+00:00,👤 İstanbul 2025-06-04
2024-11-21 16:50:17+00:00,👤 Ankara 2025-06-03
2024-11-21 16:45:24+00:00,👤 Ankara 2025-08-04
2024-11-21 16:45:23+00:00,👥 Ankara 2025-08-04
2024-11-21 16:45:23+00:00,👤 Ankara 2025-07-24
2024-11-21 16:45:19+00:00,👥 Ankara 2025-07-24
2024-11-21 16:45:19+00:00,👥 Ankara 2025-04-11
2024-11-21 16:45:18+00:00,👤 Ankara 2025-04-11
2024-11-21 16:45:17+00:00,👤 Ankara 2025-03-27
2024-11-21 16:40:18+00:00,👤 Ankara 2025-08-12
2024-11-21 16:35:20+00:00,👥 Ankara 2025-05-23
2024-11-21 16:35:18+00:00,👤 İstanbul 2025-07-02
2024-11-21 16:35:18+00:00,👥 İstanbul 2025-07-02
2024-11-21 16:35:18+00:00,👤 İstanbul 2025-07-24
2024-11-21 16:35:17+00:00,👤 Ankara 2025-05-23
2024-11-21 16:30:36+00:00,👤 Ankara 2025-08-05
2024-11-21 16:30:21+00:00,👤 Ankara 2025-07-18
2024-11-21 16:30:21+00:00,👤 Ankara 2025-04-28
2024-11-21 16:30:20+00:00,👤 İstanbul 2025-06-18
2024-11-21 16:25:21+00:00,👤 ❌ Ankara 2025-08-08
2024-11-21 16:20:22+00:00,👤 Ankara 2025-05-22
2024-11-21 16:20:22+00:00,👤 Ankara 2025-03-27
2024-11-21 16:15:18+00:00,👤 İstanbul 2025-07-16
2024-11-21 16:15:17+00:00,👤 Ankara 2025-07-29
2024-11-21 16:15:16+00:00,👤 Ankara 2025-07-25
2024-11-21 16:10:23+00:00,👤 Ankara 2025-03-20
2024-11-21 16:05:21+00:00,👤 Ankara 2025-05-29
2024-11-21 16:05:18+00:00,👤 İstanbul 2024-12-10
2024-11-21 15:50:16+00:00,👤 İstanbul 2025-07-02
2024-11-21 15:45:50+00:00,👤 Ankara 2025-03-18
2024-11-21 15:35:21+00:00,👤 Ankara 2025-05-06
2024-11-21 15:35:18+00:00,👤 Ankara 2025-07-17
2024-11-21 15:35:16+00:00,👤 İstanbul 2025-07-02
2024-11-21 15:30:22+00:00,👤 Ankara 2025-05-09
2024-11-21 15:30:21+00:00,👤 Ankara 2025-03-18
2024-11-21 15:25:20+00:00,👥 Ankara 2025-06-04
2024-11-21 15:25:19+00:00,👤 Ankara 2025-06-04
2024-11-21 15:20:25+00:00,👥 Ankara 2025-05-12
2024-11-21 15:20:19+00:00,👤 Ankara 2025-07-08
2024-11-21 15:20:19+00:00,👤 Ankara 2025-05-12
2024-11-21 15:20:18+00:00,👤 İstanbul 2025-06-04
2024-11-21 15:20:17+00:00,👥 İstanbul 2025-06-04
2024-11-21 15:15:40+00:00,👤 Ankara 2025-07-09
2024-11-21 15:15:27+00:00,👤 Ankara 2025-05-22
2024-11-21 15:15:23+00:00,👤 Ankara 2025-04-10
2024-11-21 15:15:23+00:00,👤 Ankara 2025-03-20
2024-11-21 15:15:21+00:00,👤 İstanbul 2025-06-04
2024-11-21 15:15:19+00:00,👥 İstanbul 2025-06-04
2024-11-21 15:15:18+00:00,👥 Ankara 2025-05-22
2024-11-21 15:10:20+00:00,👤 Ankara 2025-07-29
2024-11-21 15:00:27+00:00,👤 Ankara 2025-06-12
2024-11-21 15:00:22+00:00,👤 Ankara 2025-03-20
2024-11-21 14:55:19+00:00,👤 İstanbul 2025-07-16
2024-11-21 14:55:16+00:00,👤 İstanbul 2025-06-04
2024-11-21 14:55:15+00:00,👤 İstanbul 2024-12-02
2024-11-21 14:45:21+00:00,👤 Ankara 2025-06-12
2024-11-21 14:40:22+00:00,👤 İstanbul 2025-05-21
2024-11-21 14:40:21+00:00,👤 Ankara 2025-03-24
2024-11-21 14:35:18+00:00,👤 Ankara 2025-03-19
2024-11-21 14:25:20+00:00,👥 İstanbul 2025-07-16
2024-11-21 14:25:19+00:00,👤 İstanbul 2025-07-16
2024-11-21 14:15:22+00:00,👤 Ankara 2025-07-21
2024-11-21 14:15:21+00:00,👤 Ankara 2025-03-19
2024-11-21 14:10:20+00:00,👤 Ankara 2025-05-22
2024-11-21 13:55:18+00:00,👥 İstanbul 2025-07-02
2024-11-21 13:55:18+00:00,👤 İstanbul 2025-07-02
2024-11-21 13:55:17+00:00,👤 İstanbul 2025-06-04
2024-11-21 13:50:18+00:00,👤 Ankara 2025-07-30
2024-11-21 13:45:17+00:00,👤 Ankara 2025-05-22
2024-11-21 13:45:16+00:00,👥 Ankara 2025-05-22
2024-11-21 13:35:19+00:00,👤 İstanbul 2025-07-02
2024-11-21 13:35:17+00:00,👥 İstanbul 2025-07-02
2024-11-21 13:20:22+00:00,👤 İstanbul 2025-06-27
2024-11-21 13:10:17+00:00,👤 Ankara 2025-05-22
2024-11-21 13:00:28+00:00,👤 Ankara 2025-03-19
2024-11-21 13:00:27+00:00,👥 Ankara 2025-03-19
2024-11-21 12:55:21+00:00,👤 Ankara 2025-06-12
2024-11-21 12:55:18+00:00,👥 İstanbul 2025-07-02
2024-11-21 12:55:18+00:00,👤 İstanbul 2025-07-02
2024-11-21 12:45:23+00:00,👤 Ankara 2025-06-20
2024-11-21 12:40:24+00:00,👤 Ankara 2025-03-17
2024-11-21 12:40:19+00:00,👤 İstanbul 2025-06-04
2024-11-21 12:40:05+00:00,👤 Ankara 2025-04-16
2024-11-21 12:39:59+00:00,👥 Ankara 2025-04-16
2024-11-21 12:35:55+00:00,👤 Ankara 2025-04-15
2024-11-21 12:35:50+00:00,👥 Ankara 2025-04-15
2024-11-21 12:35:37+00:00,👤 Ankara 2025-08-01
2024-11-21 12:20:25+00:00,👤 Ankara 2025-06-10
2024-11-21 12:15:20+00:00,👤 İstanbul 2024-12-02
2024-11-21 12:10:23+00:00,👤 Ankara 2025-07-29
2024-11-21 12:08:33+00:00,👥 Ankara 2025-04-14
2024-11-21 12:08:29+00:00,👤 Ankara 2025-04-14
2024-11-21 12:00:30+00:00,👤 Ankara 2025-05-27
2024-11-21 12:00:22+00:00,👤 Ankara 2025-06-18
2024-11-21 12:00:03+00:00,👤 Ankara 2025-04-10
2024-11-21 11:59:54+00:00,👥 Ankara 2025-04-10
2024-11-21 11:55:04+00:00,👥 Ankara 2025-04-08
2024-11-21 11:54:20+00:00,👤 Ankara 2025-04-08
2024-11-21 11:50:28+00:00,👤 Ankara 2025-08-12
2024-11-21 11:48:51+00:00,👤 Ankara 2025-04-07
2024-11-21 11:48:10+00:00,👥 Ankara 2025-04-07
2024-11-21 11:24:20+00:00,👥 Ankara 2025-03-28
2024-11-21 11:24:02+00:00,👤 Ankara 2025-03-28
2024-11-21 11:13:45+00:00,👤 Ankara 2025-03-27
2024-11-21 11:13:34+00:00,👥 Ankara 2025-03-27
2024-11-21 11:05:31+00:00,👤 Ankara 2025-03-25
2024-11-21 11:05:31+00:00,👥 Ankara 2025-03-25
2024-11-21 07:55:56+00:00,👤 Ankara 2025-03-24
2024-11-21 07:55:53+00:00,👥 Ankara 2025-03-24
2024-11-21 07:48:50+00:00,👥 Ankara 2025-03-21
2024-11-21 07:42:14+00:00,👤 Ankara 2025-03-20
2024-11-21 07:42:09+00:00,👥 Ankara 2025-03-20
2024-11-21 07:40:21+00:00,👤 Ankara 2025-07-17
2024-11-21 07:36:29+00:00,👥 Ankara 2025-03-19
2024-11-21 07:25:22+00:00,👤 Ankara 2025-06-20
2024-11-21 07:20:28+00:00,👤 Ankara 2025-08-15
2024-11-21 07:20:26+00:00,👤 Ankara 2025-03-18
2024-11-21 07:19:52+00:00,👥 Ankara 2025-03-18
2024-11-21 06:45:20+00:00,👤 Ankara 2025-06-12
2024-11-21 06:25:22+00:00,👤 Ankara 2025-06-04
2024-11-21 06:20:20+00:00,👤 İstanbul 2025-07-02
2024-11-21 05:30:20+00:00,👤 Ankara 2025-07-24
2024-11-21 05:15:17+00:00,👤 Ankara 2025-07-08
2024-11-21 04:55:20+00:00,👤 Ankara 2025-08-12
2024-11-21 04:45:19+00:00,👥 Ankara 2025-08-04
2024-11-21 04:45:19+00:00,👤 Ankara 2025-08-04
2024-11-21 03:10:31+00:00,👤 Ankara 2025-06-30
2024-11-21 02:15:45+00:00,👤 İstanbul 2025-01-29
2024-11-21 00:40:17+00:00,👤 İstanbul 2024-11-25
2024-11-21 00:35:17+00:00,👤 İstanbul 2024-12-13
2024-11-21 00:05:21+00:00,👤 Ankara 2025-03-03
2024-11-20 23:50:19+00:00,👤 Ankara 2025-08-12
2024-11-20 23:05:26+00:00,👥 Ankara 2025-06-30
2024-11-20 23:05:26+00:00,👤 Ankara 2025-06-30
2024-11-20 23:05:24+00:00,👤 İstanbul 2025-05-07
2024-11-20 22:45:22+00:00,👤 Ankara 2025-07-31
2024-11-20 22:40:21+00:00,👤 Ankara 2025-06-12
2024-11-20 22:10:17+00:00,👤 İstanbul 2025-05-21
2024-11-20 22:05:19+00:00,👤 Ankara 2025-07-08
2024-11-20 22:00:22+00:00,👤 Ankara 2025-07-08
2024-11-20 21:55:22+00:00,👤 Ankara 2025-08-01
2024-11-20 21:55:15+00:00,👤 Ankara 2025-05-08
2024-11-20 21:50:19+00:00,👤 Ankara 2025-07-17
2024-11-20 21:45:26+00:00,👤 Ankara 2025-08-11
2024-11-20 21:30:19+00:00,👤 İstanbul 2025-06-17
2024-11-20 21:15:17+00:00,👥 Ankara 2025-07-07
2024-11-20 21:10:29+00:00,👤 Ankara 2025-06-13
2024-11-20 21:05:24+00:00,👤 Ankara 2025-05-21
2024-11-20 20:45:26+00:00,👤 Ankara 2025-07-21
2024-11-20 20:45:25+00:00,👤 Ankara 2025-06-27
2024-11-20 20:35:18+00:00,👥 Ankara 2025-05-22
2024-11-20 20:25:19+00:00,👤 İstanbul 2025-07-29
2024-11-20 20:20:31+00:00,👤 Ankara 2025-07-24
2024-11-20 20:20:28+00:00,👥 Ankara 2025-07-24
2024-11-20 20:10:18+00:00,👤 İstanbul 2025-07-02
2024-11-20 19:45:19+00:00,👤 Ankara 2025-08-01
2024-11-20 19:45:18+00:00,👤 Ankara 2025-07-01
2024-11-20 19:25:21+00:00,👥 Ankara 2025-07-31
2024-11-20 19:25:19+00:00,👤 Ankara 2025-07-31
2024-11-20 19:15:28+00:00,👤 Ankara 2025-05-22
2024-11-20 19:15:20+00:00,👥 Ankara 2025-05-22
2024-11-20 19:00:32+00:00,👥 Ankara 2025-06-30
2024-11-20 19:00:26+00:00,👤 Ankara 2025-06-30
2024-11-20 19:00:22+00:00,👤 ❌ İstanbul 2025-07-02
2024-11-20 18:40:19+00:00,👤 Ankara 2025-08-04
2024-11-20 18:40:18+00:00,👤 Ankara 2025-06-10
2024-11-20 18:40:18+00:00,👥 Ankara 2025-08-04
2024-11-20 18:35:23+00:00,👥 Ankara 2025-06-18
2024-11-20 18:35:21+00:00,👤 Ankara 2025-06-18
2024-11-20 18:35:20+00:00,👤 Ankara 2025-05-22
2024-11-20 18:15:21+00:00,👤 Ankara 2025-05-29
2024-11-20 17:05:17+00:00,👤 Ankara 2025-06-30
2024-11-20 15:00:25+00:00,👤 İstanbul 2025-01-28
2024-11-20 14:30:24+00:00,👤 Ankara 2025-08-06
2024-11-20 14:30:18+00:00,👤 İstanbul 2025-07-16
2024-11-20 14:00:27+00:00,👤 Ankara 2025-06-12
2024-11-20 14:00:23+00:00,👤 İstanbul 2025-07-29
2024-11-20 13:40:22+00:00,👤 Ankara 2025-08-08
2024-11-20 12:17:15+00:00,👥 Ankara 2025-03-17
2024-11-20 12:10:23+00:00,👤 İstanbul 2025-07-16
2024-11-20 11:40:27+00:00,👤 Ankara 2025-03-14
2024-11-20 11:40:24+00:00,👥 Ankara 2025-03-14
2024-11-20 10:30:19+00:00,👤 İstanbul 2025-06-18
2024-11-20 10:25:30+00:00,👤 Ankara 2025-07-31
2024-11-20 10:25:17+00:00,👤 İstanbul 2025-07-30
2024-11-20 10:10:20+00:00,👤 İstanbul 2025-05-07
2024-11-20 09:50:24+00:00,👤 İstanbul 2025-07-29
2024-11-20 09:15:20+00:00,👤 Ankara 2025-08-01
2024-11-20 09:00:24+00:00,👤 Ankara 2025-08-12
2024-11-20 09:00:23+00:00,👤 Ankara 2025-07-14
2024-11-20 08:30:21+00:00,👤 İstanbul 2025-06-17
2024-11-20 08:15:19+00:00,👤 İstanbul 2025-08-06
2024-11-20 08:00:30+00:00,👤 İstanbul 2025-01-15
2024-11-20 07:40:20+00:00,👤 Ankara 2025-06-13
2024-11-20 07:35:26+00:00,👤 Ankara 2025-06-13
2024-11-20 07:20:21+00:00,👤 Ankara 2024-12-06
2024-11-20 07:20:17+00:00,👤 Ankara 2025-03-07
2024-11-20 07:10:26+00:00,👤 Ankara 2025-07-28
2024-11-20 07:10:26+00:00,👤 Ankara 2025-06-12
2024-11-20 06:45:28+00:00,👤 İstanbul 2024-12-03
2024-11-20 06:45:18+00:00,👥 İstanbul 2024-12-03
2024-11-20 06:10:21+00:00,👤 Ankara 2025-07-01
2024-11-20 06:05:18+00:00,👤 İstanbul 2025-06-04
2024-11-20 06:00:27+00:00,👤 Ankara 2025-07-22
2024-11-20 06:00:26+00:00,👥 Ankara 2025-07-22
2024-11-20 06:00:20+00:00,👤 Ankara 2025-06-26
2024-11-20 05:55:18+00:00,👤 Ankara 2025-07-02
2024-11-20 05:55:17+00:00,👤 Ankara 2024-12-10
2024-11-20 05:40:18+00:00,👤 Ankara 2025-04-28
2024-11-20 05:00:29+00:00,👥 Ankara 2025-08-04
2024-11-20 04:30:20+00:00,👤 İstanbul 2025-07-16
2024-11-20 04:10:28+00:00,👤 İstanbul 2025-06-04
2024-11-20 03:55:22+00:00,👤 İstanbul 2025-07-16
2024-11-20 03:50:24+00:00,👤 Ankara 2025-07-14
2024-11-20 03:35:16+00:00,👤 İstanbul 2025-07-02
2024-11-20 03:20:16+00:00,👤 İstanbul 2025-06-04
2024-11-20 03:15:22+00:00,👤 İstanbul 2025-06-10
2024-11-20 03:00:36+00:00,👤 Ankara 2025-07-09
2024-11-20 03:00:35+00:00,👤 Ankara 2025-05-29
2024-11-20 02:45:32+00:00,👤 İstanbul 2025-06-18
2024-11-20 01:55:20+00:00,👤 Ankara 2025-03-03
2024-11-20 01:50:23+00:00,👤 İstanbul 2025-07-16
2024-11-20 01:35:22+00:00,👥 İstanbul 2025-07-16
2024-11-20 01:35:20+00:00,👤 İstanbul 2025-07-16
2024-11-20 01:30:19+00:00,👤 Ankara 2025-08-12
2024-11-20 01:15:20+00:00,👤 Ankara 2025-07-30
2024-11-20 01:05:20+00:00,👤 Ankara 2025-07-30
2024-11-20 01:05:18+00:00,👤 Ankara 2025-03-14
2024-11-20 01:00:26+00:00,👤 Ankara 2025-07-11
2024-11-20 01:00:24+00:00,👤 İstanbul 2025-07-16
2024-11-20 00:50:18+00:00,👥 İstanbul 2025-06-18
2024-11-20 00:50:17+00:00,👤 İstanbul 2025-06-18
2024-11-20 00:25:19+00:00,👤 İstanbul 2024-11-22
2024-11-20 00:20:28+00:00,👥 Ankara 2025-06-12
2024-11-20 00:15:18+00:00,👤 İstanbul 2025-08-06
2024-11-20 00:05:27+00:00,👤 Ankara 2025-08-15
2024-11-20 00:00:35+00:00,👤 Toronto 2025-02-03
2024-11-19 23:35:21+00:00,👤 İstanbul 2025-07-30
2024-11-19 23:25:18+00:00,👤 İstanbul 2025-05-21
2024-11-19 22:55:17+00:00,👤 İstanbul 2025-07-16
2024-11-19 22:50:21+00:00,👤 Ankara 2025-07-22
2024-11-19 22:50:20+00:00,👤 Ankara 2025-07-03
2024-11-19 22:35:20+00:00,👤 Ankara 2025-07-01
2024-11-19 22:20:18+00:00,👤 Ankara 2025-07-17
2024-11-19 22:05:18+00:00,👤 İstanbul 2025-06-27
2024-11-19 21:55:17+00:00,👤 Ankara 2024-11-25
2024-11-19 21:35:19+00:00,👤 İstanbul 2025-07-02
2024-11-19 21:35:18+00:00,👤 İstanbul 2025-06-27
2024-11-19 21:30:19+00:00,👤 Ankara 2025-07-24
2024-11-19 21:15:19+00:00,👤 İstanbul 2025-08-06
2024-11-19 21:15:18+00:00,👤 İstanbul 2025-07-31
2024-11-19 21:05:19+00:00,👤 İstanbul 2025-07-16
2024-11-19 20:55:18+00:00,👤 İstanbul 2025-05-21
2024-11-19 20:55:17+00:00,👤 Ankara 2025-07-11
2024-11-19 20:55:17+00:00,👥 İstanbul 2025-05-21
2024-11-19 20:45:20+00:00,👤 Ankara 2025-07-21
2024-11-19 20:45:19+00:00,👤 Ankara 2025-07-01
2024-11-19 20:40:22+00:00,👤 İstanbul 2025-08-06
2024-11-19 20:40:18+00:00,👤 Ankara 2025-06-30
2024-11-19 20:35:24+00:00,👤 Ankara 2025-07-09
2024-11-19 20:35:23+00:00,👤 Ankara 2025-06-04
2024-11-19 20:30:20+00:00,👤 Ankara 2025-07-14
2024-11-19 20:25:20+00:00,👤 Ankara 2025-08-05
2024-11-19 20:25:19+00:00,👤 İstanbul 2025-07-02
2024-11-19 20:05:20+00:00,👤 Ankara 2025-07-14
2024-11-19 20:05:19+00:00,👤 İstanbul 2025-07-25
2024-11-19 20:05:19+00:00,👤 İstanbul 2025-07-25
2024-11-19 19:55:20+00:00,👥 Ankara 2025-08-04
2024-11-19 19:40:24+00:00,👤 Ankara 2025-08-06
2024-11-19 19:40:18+00:00,👤 İstanbul 2025-01-15
2024-11-19 19:35:20+00:00,👤 İstanbul 2025-06-18
2024-11-19 19:35:18+00:00,👥 İstanbul 2025-06-18
2024-11-19 19:35:17+00:00,👥 İstanbul 2025-06-04
2024-11-19 19:35:17+00:00,👤 İstanbul 2025-06-04
2024-11-19 19:15:24+00:00,👤 Ankara 2025-07-21
2024-11-19 19:00:27+00:00,👥 İstanbul 2025-01-06
2024-11-19 18:55:16+00:00,👤 Ankara 2025-04-24
2024-11-19 18:55:16+00:00,👤 İstanbul 2025-06-04
2024-11-19 18:55:16+00:00,👤 Ankara 2025-03-03
2024-11-19 18:50:24+00:00,👤 Ankara 2025-08-12
2024-11-19 18:50:23+00:00,👤 Ankara 2025-07-09
2024-11-19 18:50:23+00:00,👤 İstanbul 2025-06-10
2024-11-19 18:45:20+00:00,👤 Ankara 2025-05-22
2024-11-19 18:40:18+00:00,👤 Ankara 2025-06-30
2024-11-19 18:35:19+00:00,👤 Ankara 2025-06-26
2024-11-19 18:35:17+00:00,👥 Ankara 2025-06-26
2024-11-19 18:30:24+00:00,👤 Ankara 2025-03-03
2024-11-19 18:25:20+00:00,👤 İstanbul 2025-06-04
2024-11-19 18:25:18+00:00,👤 Ankara 2025-07-02
2024-11-19 18:25:17+00:00,👤 Ankara 2025-06-20
2024-11-19 18:10:25+00:00,👥 Ankara 2025-06-16
2024-11-19 17:51:03+00:00,"Randevu takibi yapamayanlar, grup yöneticisi @emtr34 ile iletişime geçebilir. Randevu takibi ücretlidir."
2024-11-19 17:50:17+00:00,👥 Ankara 2025-08-15
2024-11-19 17:45:26+00:00,👥 Ankara 2025-07-11
2024-11-19 17:45:22+00:00,👤 İstanbul 2025-01-07
2024-11-19 17:45:16+00:00,👤 Ankara 2025-07-11
2024-11-19 17:40:17+00:00,👥 Ankara 2025-07-10
2024-11-19 17:25:20+00:00,👤 Ankara 2025-03-10
2024-11-19 17:20:18+00:00,👤 Ankara 2025-04-28
2024-11-19 17:05:22+00:00,👤 Ankara 2025-07-29
2024-11-19 17:05:21+00:00,👤 Ankara 2025-07-02
2024-11-19 16:50:19+00:00,👤 İstanbul 2025-07-16
2024-11-19 16:45:24+00:00,👤 İstanbul 2025-07-16
2024-11-19 16:25:24+00:00,👤 Ankara 2025-07-31
2024-11-19 16:25:24+00:00,👤 Ankara 2025-07-22
2024-11-19 16:20:17+00:00,👤 İstanbul 2025-05-07
2024-11-19 16:15:21+00:00,👤 İstanbul 2025-06-04
2024-11-19 16:10:19+00:00,👤 Ankara 2025-04-10
2024-11-19 16:10:18+00:00,👤 Ankara 2025-06-03
2024-11-19 16:00:29+00:00,👤 İstanbul 2025-07-02
2024-11-19 16:00:25+00:00,👤 Ankara 2024-12-05
2024-11-19 16:00:22+00:00,👥 İstanbul 2025-07-02
2024-11-19 15:50:58+00:00,👥 Ankara 2024-12-18
2024-11-19 15:50:22+00:00,👤 Ankara 2025-07-31
2024-11-19 15:45:22+00:00,👥 Ankara 2025-10-06
2024-11-19 15:45:21+00:00,👤 İstanbul 2025-07-30
2024-11-19 15:40:27+00:00,👤 Ankara 2025-06-24
2024-11-19 15:40:17+00:00,👤 İstanbul 2025-06-04
2024-11-19 15:35:21+00:00,👥 Ankara 2025-08-04
2024-11-19 15:30:28+00:00,👥 Ankara 2025-07-03
2024-11-19 15:30:27+00:00,👤 Ankara 2025-07-24
2024-11-19 15:30:26+00:00,👤 Ankara 2025-07-03
2024-11-19 15:30:21+00:00,👤 İstanbul 2025-07-16
2024-11-19 15:25:19+00:00,👤 Ankara 2025-07-30
2024-11-19 15:20:18+00:00,👤 İstanbul 2025-06-17
2024-11-19 15:20:17+00:00,👤 Ankara 2025-03-03
2024-11-19 15:15:18+00:00,👤 İstanbul 2025-06-04
2024-11-19 15:15:16+00:00,👤 Ankara 2025-06-02
2024-11-19 15:10:26+00:00,👤 İstanbul 2025-07-02
2024-11-19 15:10:25+00:00,👤 Ankara 2025-02-21
2024-11-19 15:10:25+00:00,👤 İstanbul 2025-06-04
2024-11-19 15:10:22+00:00,👥 Ankara 2025-04-10
2024-11-19 15:10:17+00:00,👥 İstanbul 2025-06-04
2024-11-19 15:05:20+00:00,👤 İstanbul 2025-06-04
2024-11-19 15:05:19+00:00,👤 İstanbul 2025-05-07
2024-11-19 15:05:17+00:00,👥 İstanbul 2025-06-04
2024-11-19 15:05:16+00:00,👤 Ankara 2025-03-06
2024-11-19 15:00:25+00:00,👤 Ankara 2025-06-12
2024-11-19 15:00:22+00:00,👥 Ankara 2025-06-12
2024-11-19 14:55:15+00:00,👤 Ankara 2025-01-06
2024-11-19 14:50:24+00:00,👤 Ankara 2025-06-27
2024-11-19 14:40:21+00:00,👤 Ankara 2025-07-22
2024-11-19 14:35:19+00:00,👤 Ankara 2025-06-04
2024-11-19 14:25:23+00:00,👤 İstanbul 2025-05-21
2024-11-19 14:25:20+00:00,👤 Ankara 2025-07-30
2024-11-19 14:25:18+00:00,👥 İstanbul 2025-05-21
2024-11-19 14:20:19+00:00,👤 Ankara 2025-07-11
2024-11-19 14:20:18+00:00,👤 Ankara 2025-03-03
2024-11-19 14:15:28+00:00,👥 İstanbul 2025-06-18
2024-11-19 14:15:17+00:00,👤 İstanbul 2025-06-18
2024-11-19 14:15:17+00:00,👤 Ankara 2025-07-29
2024-11-19 14:10:21+00:00,👤 Ankara 2025-06-10
2024-11-19 14:05:23+00:00,👤 İstanbul 2025-06-04
2024-11-19 14:05:17+00:00,👤 İstanbul 2025-06-10
2024-11-19 13:55:15+00:00,👤 İstanbul 2025-05-07
2024-11-19 13:45:23+00:00,👤 Ankara 2025-07-17
2024-11-19 13:40:18+00:00,👤 Ankara 2025-06-16
2024-11-19 13:35:16+00:00,👤 İstanbul 2025-01-15
2024-11-19 13:25:22+00:00,👤 İstanbul 2025-06-18
2024-11-19 13:25:20+00:00,👤 Ankara 2025-07-01
2024-11-19 13:25:18+00:00,👥 İstanbul 2025-06-18
2024-11-19 13:20:22+00:00,👥 Ankara 2025-08-06
2024-11-19 13:20:20+00:00,👤 Ankara 2025-08-06
2024-11-19 13:20:19+00:00,👤 Ankara 2025-06-30
2024-11-19 09:20:18+00:00,👤 İstanbul 2025-06-03
2024-11-19 09:18:05+00:00,👤 Ankara 2025-03-13
2024-11-19 09:16:56+00:00,👤 Ankara 2025-03-11
2024-11-19 09:16:55+00:00,👤 Ankara 2025-03-10
2024-11-19 09:10:13+00:00,👤 Ankara 2025-03-07
2024-11-19 09:09:05+00:00,👤 Ankara 2025-03-06
2024-11-19 09:07:49+00:00,👤 Ankara 2025-03-05
2024-11-19 09:07:00+00:00,👤 Ankara 2025-03-04
2024-11-19 09:06:59+00:00,👤 Ankara 2025-03-03
2024-11-19 09:06:50+00:00,👥 Ankara 2025-03-03
2024-11-19 09:05:22+00:00,👥 Ankara 2025-02-28
2024-11-19 09:05:17+00:00,👤 Ankara 2025-02-28
2024-11-19 07:05:18+00:00,👥 İstanbul 2025-06-27
2024-11-19 07:05:17+00:00,👤 İstanbul 2025-06-27
2024-11-19 05:05:27+00:00,👤 ❌ İstanbul 2025-06-18
2024-11-19 00:30:19+00:00,👤 İstanbul 2024-11-22
2024-11-19 00:05:22+00:00,👤 Ankara 2025-07-01
2024-11-18 18:25:18+00:00,👥 Ankara 2025-07-29
2024-11-18 18:25:17+00:00,👤 Ankara 2025-07-29
2024-11-18 14:10:17+00:00,👤 Ankara 2025-06-12
2024-11-18 10:45:16+00:00,👤 İstanbul 2025-06-23
2024-11-18 06:00:23+00:00,👤 Ankara 2025-06-02
2024-11-18 01:10:23+00:00,👤 ❌ İstanbul 2024-11-22
2024-11-17 23:25:20+00:00,👤 Ankara 2025-06-12
2024-11-17 22:50:15+00:00,👤 Ankara 2024-12-04
2024-11-17 22:20:20+00:00,👤 İstanbul 2025-06-04
2024-11-17 13:25:24+00:00,👤 Ankara 2024-11-20
2024-11-17 11:55:17+00:00,👤 Ankara 2025-08-01
2024-11-17 01:40:21+00:00,👤 Ankara 2025-07-02
2024-11-16 23:50:18+00:00,👤 Ankara 2025-07-03
2024-11-16 22:50:16+00:00,👤 Ankara 2024-12-03
2024-11-16 19:30:31+00:00,👤 Ankara 2025-08-12
2024-11-16 17:30:26+00:00,👤 ❌ İstanbul 2025-03-25
2024-11-16 14:25:18+00:00,👤 İstanbul 2025-05-21
2024-11-16 11:20:54+00:00,👤 İstanbul 2025-03-04
2024-11-16 06:15:17+00:00,👤 Ankara 2025-05-08
2024-11-16 01:25:22+00:00,👤 ❌ İstanbul 2025-07-02
2024-11-15 22:30:29+00:00,👤 İstanbul 2024-11-21
2024-11-15 18:50:16+00:00,👤 İstanbul 2024-11-25
2024-11-15 18:45:17+00:00,👤 Ankara 2024-12-05
2024-11-15 16:55:20+00:00,👤 Ankara 2025-01-06
2024-11-15 16:30:27+00:00,👤 Ankara 2025-07-31
2024-11-15 16:05:54+00:00,👤 Ankara 2024-12-02
2024-11-15 14:15:21+00:00,👤 Ankara 2025-07-08
2024-11-15 11:40:19+00:00,👤 İstanbul 2025-06-18
2024-11-15 10:01:03+00:00,👤 İstanbul 2025-06-10
2024-11-15 07:05:17+00:00,👤 Ankara 2025-06-02
2024-11-15 05:05:17+00:00,👤 Ankara 2024-12-19
2024-11-15 04:40:17+00:00,👤 Ankara 2025-07-21
2024-11-15 03:55:22+00:00,👤 İstanbul 2024-11-19
2024-11-15 03:15:20+00:00,👤 İstanbul 2024-11-19
2024-11-15 02:55:16+00:00,👤 Ankara 2024-12-18
2024-11-15 01:00:24+00:00,👤 Ankara 2024-12-05
2024-11-15 00:05:18+00:00,👤 İstanbul 2025-06-04
2024-11-14 23:10:27+00:00,👤 Ankara 2025-07-08
2024-11-14 22:40:17+00:00,👤 Ankara 2024-12-11
2024-11-14 20:40:25+00:00,👤 İstanbul 2024-11-26
2024-11-14 16:55:16+00:00,👤 İstanbul 2024-11-26
2024-11-14 16:00:23+00:00,👤 Ankara 2024-12-11
2024-11-14 16:00:22+00:00,👤 Ankara 2024-11-19
2024-11-14 15:00:27+00:00,👤 Ankara 2025-07-01
2024-11-14 14:40:17+00:00,👤 Ankara 2024-11-21
2024-11-14 12:20:24+00:00,👤 İstanbul 2024-11-19
2024-11-14 12:10:19+00:00,👤 İstanbul 2025-07-31
2024-11-14 10:20:24+00:00,👤 İstanbul 2024-11-20
2024-11-14 09:15:18+00:00,👤 Ankara 2025-05-22
2024-11-14 09:15:16+00:00,👤 İstanbul 2025-06-18
2024-11-14 08:25:18+00:00,👤 İstanbul 2025-06-10
2024-11-14 07:30:24+00:00,👤 İstanbul 2025-01-27
2024-11-14 07:25:28+00:00,👤 Ankara 2025-08-05
2024-11-14 07:25:25+00:00,👥 Ankara 2025-08-05
2024-11-14 03:45:17+00:00,👤 Ankara 2025-06-20
2024-11-14 03:35:17+00:00,👤 Ankara 2024-12-11
2024-11-14 03:00:23+00:00,👤 İstanbul 2025-06-12
2024-11-14 02:25:17+00:00,👤 Ankara 2025-02-27
2024-11-14 02:15:26+00:00,👥 Ankara 2025-08-01
2024-11-14 02:15:18+00:00,👤 Ankara 2025-08-01
2024-11-14 02:15:18+00:00,👤 Ankara 2025-02-18
2024-11-14 01:10:18+00:00,👤 Ankara 2025-07-14
2024-11-14 01:05:23+00:00,👤 İstanbul 2025-06-10
2024-11-14 00:25:19+00:00,👤 İstanbul 2025-05-07
2024-11-13 22:15:16+00:00,👤 Ankara 2024-11-18
2024-11-13 22:10:21+00:00,👤 İstanbul 2025-05-07
2024-11-13 21:40:16+00:00,👤 Ankara 2025-08-01
2024-11-13 20:00:23+00:00,👤 Ankara 2024-12-02
2024-11-13 19:45:17+00:00,👤 İstanbul 2025-02-03
2024-11-13 19:35:16+00:00,👤 Ankara 2025-05-21
2024-11-13 19:05:31+00:00,👤 Ankara 2024-11-19
2024-11-13 18:55:18+00:00,👤 İstanbul 2025-01-28
2024-11-13 18:05:17+00:00,👤 Ankara 2025-02-27
2024-11-13 17:35:22+00:00,👤 Ankara 2025-07-31
2024-11-13 17:30:23+00:00,👤 İstanbul 2025-01-28
2024-11-13 17:05:19+00:00,👤 Ankara 2025-08-05
2024-11-13 16:05:18+00:00,👤 Ankara 2024-11-21
2024-11-13 15:50:18+00:00,👥 Ankara 2025-06-10
2024-11-13 15:50:15+00:00,👤 Ankara 2025-06-10
2024-11-13 15:45:15+00:00,👤 Ankara 2025-07-01
2024-11-13 14:35:19+00:00,👤 Ankara 2025-06-10
2024-11-13 13:30:25+00:00,👥 İstanbul 2025-01-13
2024-11-13 12:50:18+00:00,👥 Ankara 2025-05-20
2024-11-13 11:05:18+00:00,👤 İstanbul 2025-07-30
2024-11-13 10:15:28+00:00,👥 İstanbul 2025-01-10
2024-11-13 07:50:22+00:00,👥 Ankara 2024-11-19
2024-11-13 07:50:13+00:00,👤 Ankara 2024-11-19
2024-11-13 07:05:17+00:00,👤 İstanbul 2025-06-18
2024-11-13 04:00:22+00:00,👤 Ankara 2025-02-07
2024-11-12 23:30:19+00:00,👤 İstanbul 2025-07-30
2024-11-12 23:25:18+00:00,👤 İstanbul 2025-07-31
2024-11-12 23:10:18+00:00,👤 Ankara 2024-12-06
2024-11-12 22:05:22+00:00,👤 Ankara 2024-11-20
2024-11-12 19:30:21+00:00,👤 İstanbul 2025-06-04
2024-11-12 18:30:20+00:00,👥 İstanbul 2025-06-10
2024-11-12 18:05:18+00:00,👤 Ankara 2025-07-30
2024-11-12 17:00:22+00:00,👤 Ankara 2024-11-21
2024-11-12 16:40:22+00:00,👤 Ankara 2025-08-04
2024-11-12 16:05:17+00:00,👤 İstanbul 2025-05-07
2024-11-12 15:35:21+00:00,👤 Ankara 2024-11-15
2024-11-12 15:25:16+00:00,👤 Ankara 2025-07-02
2024-11-12 11:00:22+00:00,👥 Ankara 2025-08-04
2024-11-12 11:00:21+00:00,👤 Ankara 2025-08-04
2024-11-12 07:25:17+00:00,👤 İstanbul 2025-07-25
2024-11-12 07:15:17+00:00,👤 İstanbul 2025-07-28
2024-11-12 03:10:20+00:00,👤 İstanbul 2025-07-16
2024-11-12 02:10:27+00:00,👤 Ankara 2025-07-01
2024-11-12 02:10:25+00:00,👤 İstanbul 2025-07-28
2024-11-12 00:35:17+00:00,👤 İstanbul 2025-05-07
2024-11-11 23:50:19+00:00,👤 İstanbul 2025-07-31
2024-11-11 21:45:22+00:00,👤 İstanbul 2024-11-14
2024-11-11 21:15:19+00:00,👤 Ankara 2024-11-14
2024-11-11 20:20:23+00:00,👤 İstanbul 2025-08-06
2024-11-11 19:10:27+00:00,👤 Ankara 2025-08-01
2024-11-11 18:50:59+00:00,👤 Ankara 2025-01-03
2024-11-11 18:03:04+00:00,👤 İstanbul 2025-07-16
2024-11-11 17:15:21+00:00,👤 Ankara 2025-07-01
2024-11-11 17:15:18+00:00,👥 Ankara 2025-07-01
2024-11-11 16:25:32+00:00,👤 İstanbul 2025-07-16
2024-11-11 15:25:17+00:00,👥 İstanbul 2025-07-30
2024-11-11 15:25:17+00:00,👤 İstanbul 2025-07-30
2024-11-11 15:15:17+00:00,👤 Ankara 2025-06-24
2024-11-11 15:15:16+00:00,👤 İstanbul 2025-06-12
2024-11-11 15:10:19+00:00,👤 Ankara 2025-06-30
2024-11-11 14:45:17+00:00,👤 Ankara 2025-07-22
2024-11-11 13:50:25+00:00,👤 İstanbul 2025-07-30
2024-11-11 12:40:17+00:00,👤 İstanbul 2025-06-04
2024-11-11 11:40:21+00:00,👤 İstanbul 2025-06-10
2024-11-11 11:40:21+00:00,👤 İstanbul 2025-06-04
2024-11-11 10:40:18+00:00,👤 Ankara 2025-06-26
2024-11-11 10:40:18+00:00,👥 Ankara 2025-06-26
2024-11-11 10:35:22+00:00,👤 İstanbul 2025-06-04
2024-11-11 09:55:24+00:00,👤 Ankara 2025-07-22
2024-11-11 09:35:22+00:00,👤 Ankara 2025-07-03
2024-11-11 09:25:16+00:00,👤 Ankara 2025-06-13
2024-11-11 09:05:19+00:00,👤 İstanbul 2025-07-28
2024-11-11 08:45:20+00:00,👤 İstanbul 2025-05-09
2024-11-11 08:40:18+00:00,👤 İstanbul 2025-07-25
2024-11-11 08:35:17+00:00,👤 İstanbul 2025-07-28
2024-11-11 08:25:21+00:00,👤 İstanbul 2025-06-04
2024-11-11 07:25:17+00:00,👤 Ankara 2025-08-05
2024-11-11 07:10:23+00:00,👤 Ankara 2025-06-10
2024-11-11 06:50:18+00:00,👤 İstanbul 2025-06-16
2024-11-11 06:50:16+00:00,👤 Ankara 2025-08-01
2024-11-11 06:50:16+00:00,👤 Ankara 2025-07-02
2024-11-11 06:40:17+00:00,👤 İstanbul 2025-07-28
2024-11-11 06:35:16+00:00,👤 Ankara 2025-02-20
2024-11-11 06:30:23+00:00,👤 İstanbul 2025-06-30
2024-11-11 06:30:19+00:00,👥 İstanbul 2025-06-30
2024-11-11 06:15:21+00:00,👤 İstanbul 2025-08-06
2024-11-11 05:25:19+00:00,👤 Ankara 2025-08-05
2024-11-11 05:25:18+00:00,👤 Ankara 2025-07-01
2024-11-11 05:20:19+00:00,👥 İstanbul 2025-06-18
2024-11-11 04:55:20+00:00,👤 İstanbul 2025-07-16
2024-11-11 04:55:15+00:00,👥 İstanbul 2025-07-16
2024-11-11 04:50:19+00:00,👤 İstanbul 2025-06-12
2024-11-11 04:45:33+00:00,👤 Ankara 2025-07-09
2024-11-11 04:45:23+00:00,👤 Ankara 2025-06-24
2024-11-11 04:45:22+00:00,👤 Ankara 2025-06-04
2024-11-11 04:25:19+00:00,👤 İstanbul 2025-06-23
2024-11-11 04:25:18+00:00,👤 İstanbul 2025-01-07
2024-11-11 04:20:20+00:00,👤 İstanbul 2025-07-22
2024-11-11 04:20:17+00:00,👤 Ankara 2025-07-14
2024-11-11 04:20:17+00:00,👤 Ankara 2025-06-30
2024-11-11 04:15:22+00:00,👤 Ankara 2025-07-28
2024-11-11 04:10:24+00:00,👤 İstanbul 2025-06-03
2024-11-11 03:05:39+00:00,👤 İstanbul 2025-07-25
2024-11-11 03:00:47+00:00,👤 İstanbul 2025-07-02
2024-11-11 02:55:17+00:00,👤 Ankara 2025-07-03
2024-11-11 02:45:19+00:00,👤 İstanbul 2025-06-17
2024-11-11 02:45:18+00:00,👤 İstanbul 2025-05-21
2024-11-11 02:35:17+00:00,👤 İstanbul 2025-06-23
2024-11-11 02:30:19+00:00,👤 Ankara 2025-06-10
2024-11-11 02:30:18+00:00,👤 İstanbul 2025-06-17
2024-11-11 01:45:18+00:00,👥 Ankara 2025-08-05
2024-11-11 01:15:22+00:00,👤 Ankara 2025-07-22
2024-11-11 00:45:28+00:00,👥 ❌ İstanbul 2025-07-02
2024-11-10 23:50:19+00:00,👤 Ankara 2025-06-13
2024-11-10 23:45:21+00:00,👤 Ankara 2025-08-01
2024-11-10 23:45:17+00:00,👥 Ankara 2025-08-01
2024-11-10 23:40:26+00:00,👤 Ankara 2025-07-22
2024-11-10 23:40:22+00:00,👤 Ankara 2025-07-11
2024-11-10 23:40:20+00:00,👤 İstanbul 2025-07-08
2024-11-10 23:40:20+00:00,👤 İstanbul 2025-06-16
2024-11-10 23:40:20+00:00,👥 İstanbul 2025-07-08
2024-11-10 23:40:19+00:00,👥 İstanbul 2025-06-16
2024-11-10 23:30:30+00:00,👤 İstanbul 2025-07-31
2024-11-10 23:10:20+00:00,👤 İstanbul 2025-05-07
2024-11-10 23:00:25+00:00,👤 Ankara 2025-07-22
2024-11-10 22:55:15+00:00,👤 İstanbul 2025-06-10
2024-11-10 19:43:46+00:00,👤 İstanbul 2025-08-06
2024-11-10 19:43:21+00:00,👥 İstanbul 2025-08-06
2024-11-10 19:38:56+00:00,👤 İstanbul 2025-08-06
2024-11-10 19:38:56+00:00,👤 İstanbul 2025-07-30
2024-11-10 19:38:42+00:00,👥 İstanbul 2025-08-06
2024-11-10 19:38:41+00:00,👥 İstanbul 2025-07-30
2024-11-10 19:35:09+00:00,👤 İstanbul 2025-08-06
2024-11-10 19:35:08+00:00,👤 İstanbul 2025-07-30
2024-11-10 19:33:44+00:00,👥 İstanbul 2025-08-06
2024-11-10 19:33:43+00:00,👥 İstanbul 2025-07-30
2024-11-10 19:30:21+00:00,👤 İstanbul 2025-08-06
2024-11-10 19:30:14+00:00,👥 İstanbul 2025-08-06
2024-11-10 19:28:07+00:00,👥 İstanbul 2025-07-30
2024-11-10 19:28:06+00:00,👥 İstanbul 2025-07-16
2024-11-10 19:27:19+00:00,👤 İstanbul 2025-07-30
2024-11-10 19:27:18+00:00,👤 İstanbul 2025-07-16
2024-11-10 19:23:48+00:00,👤 İstanbul 2025-07-30
2024-11-10 19:23:47+00:00,👤 İstanbul 2025-07-16
2024-11-10 19:23:07+00:00,👥 İstanbul 2025-07-30
2024-11-10 19:23:06+00:00,👥 İstanbul 2025-07-16
2024-11-10 19:19:41+00:00,👥 İstanbul 2025-07-02
2024-11-10 19:18:55+00:00,👤 İstanbul 2025-07-02
2024-11-10 19:15:08+00:00,👥 İstanbul 2025-07-02
2024-11-10 19:15:07+00:00,👥 İstanbul 2025-06-18
2024-11-10 19:11:36+00:00,👥 İstanbul 2025-07-02
2024-11-10 19:10:25+00:00,👥 İstanbul 2025-06-18
2024-11-10 19:09:24+00:00,👥 İstanbul 2025-06-04
2024-11-10 19:05:37+00:00,👥 İstanbul 2025-06-04
2024-11-10 18:48:20+00:00,👥 İstanbul 2025-05-21
2024-11-10 18:47:04+00:00,👥 İstanbul 2025-05-07
2024-11-10 18:05:16+00:00,👤 Ankara 2024-11-20
2024-11-10 17:25:17+00:00,👤 Ankara 2025-05-29
2024-11-10 12:15:18+00:00,👤 Ankara 2024-12-02
2024-11-10 06:05:17+00:00,👤 Ankara 2025-08-01
2024-11-10 01:05:20+00:00,👤 Ankara 2025-07-22
2024-11-09 23:25:16+00:00,👤 Ankara 2024-11-21
2024-11-09 19:15:19+00:00,👤 Ankara 2024-12-19
2024-11-09 15:40:21+00:00,👤 Ankara 2025-01-15
2024-11-09 07:50:26+00:00,👤 Toronto 2025-01-03
2024-11-09 07:06:55+00:00,👨 Ankara 2024-11-14
2024-11-09 06:35:23+00:00,👤 Toronto 2024-12-03
2024-11-09 06:15:27+00:00,👤 Toronto 2025-01-02
2024-11-09 00:50:20+00:00,👤 İstanbul 2024-12-09
2024-11-09 00:30:19+00:00,👤 İstanbul 2024-11-21
2024-11-08 22:40:17+00:00,👤 Ankara 2025-02-04
2024-11-08 19:25:16+00:00,👤 Ankara 2024-12-12
2024-11-08 19:00:22+00:00,👤 Ankara 2025-07-22
2024-11-08 17:05:16+00:00,👤 İstanbul 2025-01-06
2024-11-08 15:30:22+00:00,👤 Ankara 2025-06-17
2024-11-08 10:45:21+00:00,👤 Ankara 2025-07-03
2024-11-08 02:40:27+00:00,👤 Vancouver 2025-04-25
2024-11-08 01:35:19+00:00,👤 İstanbul 2025-01-21
2024-11-08 01:20:18+00:00,👤 Ankara 2024-11-18
2024-11-08 00:30:27+00:00,👤 İstanbul 2025-06-17
2024-11-08 00:20:21+00:00,👤 Ankara 2025-06-12
2024-11-07 22:30:23+00:00,👤 Ankara 2024-11-13
2024-11-07 17:00:24+00:00,👤 İstanbul 2025-01-17
2024-11-07 16:55:18+00:00,👤 Ankara 2024-11-20
2024-11-07 09:20:20+00:00,👤 Ankara 2025-06-16
2024-11-07 03:55:15+00:00,👤 Ankara 2025-01-21
2024-11-06 23:15:23+00:00,👤 Ankara 2024-11-18
2024-11-06 19:40:17+00:00,👤 Ankara 2025-07-08
2024-11-06 19:00:24+00:00,👤 Ankara 2025-06-30
2024-11-06 15:35:16+00:00,👤 Ankara 2025-07-28
2024-11-06 15:05:19+00:00,👤 Ankara 2025-07-22
2024-11-06 13:40:17+00:00,👤 İstanbul 2025-07-25
2024-11-06 13:20:17+00:00,👤 Ankara 2025-06-10
2024-11-06 13:10:20+00:00,👤 Ankara 2025-03-27
2024-11-06 12:40:17+00:00,👤 Ankara 2025-07-29
2024-11-06 12:10:20+00:00,👤 Ankara 2025-06-24
2024-11-06 09:55:20+00:00,👤 Ankara 2025-06-20
2024-11-06 09:50:19+00:00,👤 İstanbul 2025-06-16
2024-11-06 05:55:15+00:00,👤 Ankara 2025-07-10
2024-11-06 05:35:18+00:00,👤 Ankara 2025-01-23
2024-11-06 05:30:18+00:00,👤 Ankara 2024-12-02
2024-11-06 05:15:19+00:00,👤 Ankara 2025-07-08
2024-11-06 03:10:38+00:00,👤 Ankara 2025-06-04
2024-11-06 01:50:22+00:00,👤 Ankara 2025-07-01
2024-11-06 01:40:21+00:00,👤 Ankara 2025-06-10
2024-11-06 01:35:18+00:00,👤 Ankara 2025-06-24
2024-11-06 01:25:17+00:00,👤 Ankara 2024-11-19
2024-11-06 01:00:25+00:00,👤 Ankara 2025-02-19
2024-11-05 23:40:15+00:00,👤 Ankara 2025-07-10
2024-11-05 23:35:15+00:00,👤 Ankara 2024-11-21
2024-11-05 22:05:22+00:00,👤 Ankara 2025-01-17
2024-11-05 21:55:15+00:00,👤 Ankara 2024-11-14
2024-11-05 21:20:26+00:00,👤 Ankara 2025-06-02
2024-11-05 20:30:18+00:00,👤 Ankara 2025-06-04
2024-11-05 19:45:21+00:00,👤 Ankara 2024-11-12
2024-11-05 19:40:16+00:00,👤 Ankara 2025-07-03
2024-11-05 19:15:16+00:00,👤 Ankara 2025-06-10
2024-11-05 18:00:27+00:00,👤 Ankara 2025-07-16
2024-11-05 17:35:16+00:00,👤 Ankara 2025-07-02
2024-11-05 17:20:16+00:00,👤 Ankara 2025-07-21
2024-11-05 17:20:16+00:00,👤 Ankara 2024-11-15
2024-11-05 17:15:17+00:00,👤 Ankara 2024-12-11
2024-11-05 17:05:16+00:00,👤 Ankara 2025-06-20
2024-11-05 16:50:17+00:00,👤 Ankara 2025-02-27
2024-11-05 16:50:16+00:00,👤 Ankara 2025-02-19
2024-11-05 16:45:21+00:00,👤 Ankara 2024-11-13
2024-11-05 16:45:21+00:00,👤 Ankara 2025-07-08
2024-11-05 16:40:30+00:00,👤 İstanbul 2025-07-25
2024-11-05 16:05:16+00:00,👤 Ankara 2025-07-09
2024-11-05 15:55:21+00:00,👤 İstanbul 2024-11-18
2024-11-05 15:50:26+00:00,👤 Ankara 2025-04-10
2024-11-05 15:45:23+00:00,👤 ❌ İstanbul 2025-02-18
2024-11-05 15:40:21+00:00,👤 İstanbul 2025-07-28
2024-11-05 15:40:20+00:00,👤 İstanbul 2025-06-02
2024-11-05 15:20:19+00:00,👤 İstanbul 2024-11-22
2024-11-05 15:20:17+00:00,👤 Ankara 2024-12-16
2024-11-05 15:15:17+00:00,👤 Ankara 2025-06-18
2024-11-05 15:10:21+00:00,👤 Ankara 2025-01-23
2024-11-05 15:05:24+00:00,👤 Ankara 2025-06-30
2024-11-05 15:01:09+00:00,👤 ❌ İstanbul 2025-09-16
2024-11-05 14:50:23+00:00,👤 Ankara 2025-01-03
2024-11-05 11:30:18+00:00,👤 Ankara 2024-11-19
2024-11-05 11:25:15+00:00,👤 Ankara 2025-07-22
2024-11-05 11:10:17+00:00,👤 Ankara 2024-11-19
2024-11-05 11:05:34+00:00,👤 İstanbul 2024-12-31
2024-11-05 09:30:11+00:00,👤 İstanbul 2025-01-21
2024-11-05 09:29:07+00:00,👤 İstanbul 2025-01-17
2024-11-05 09:20:53+00:00,👥 ❌ İstanbul 2025-01-15
2024-11-05 09:20:41+00:00,👤 ❌ İstanbul 2025-01-15
2024-11-05 09:20:05+00:00,👤 İstanbul 2025-01-15
2024-11-05 08:58:37+00:00,👤 İstanbul 2025-01-15
2024-11-05 07:30:21+00:00,👤 Ankara 2025-06-10
2024-11-05 05:20:20+00:00,👤 Ankara 2024-11-15
2024-11-05 04:50:16+00:00,👤 Ankara 2024-12-17
2024-11-05 04:00:21+00:00,👤 Ankara 2025-07-02
2024-11-05 01:45:18+00:00,👤 Ankara 2025-07-10
2024-11-05 01:25:16+00:00,👤 Ankara 2024-11-07
2024-11-05 00:50:20+00:00,👤 Ankara 2025-01-06
2024-11-05 00:20:23+00:00,👤 Ankara 2024-11-08
2024-11-04 23:35:21+00:00,👤 Ankara 2024-12-03
2024-11-04 23:15:22+00:00,👤 Ankara 2024-11-15
2024-11-04 20:45:32+00:00,👤 Ankara 2025-02-06
2024-11-04 20:30:21+00:00,👤 Ankara 2025-06-18
2024-11-04 19:10:32+00:00,👤 Ankara 2025-01-06
2024-11-04 18:35:15+00:00,👤 Ankara 2025-06-30
2024-11-04 18:30:17+00:00,👤 İstanbul 2024-12-12
2024-11-04 18:20:19+00:00,👤 İstanbul 2025-07-25
2024-11-04 18:10:17+00:00,👤 Ankara 2025-07-21
2024-11-04 17:40:17+00:00,👤 Ankara 2025-07-29
2024-11-04 17:35:15+00:00,👤 Ankara 2025-07-02
2024-11-04 17:00:22+00:00,👤 ❌ İstanbul 2025-04-07
2024-11-04 15:15:17+00:00,👤 Ankara 2025-06-10
2024-11-04 14:55:19+00:00,👤 Ankara 2024-12-09
2024-11-04 14:25:20+00:00,👤 ❌ Ankara 2024-11-08
2024-11-04 12:10:26+00:00,👤 Ankara 2025-06-30
2024-11-04 01:10:21+00:00,👤 Ankara 2025-07-16
2024-11-03 23:35:15+00:00,👤 Ankara 2025-06-16
2024-11-03 14:00:30+00:00,👤 ❌ İstanbul 2025-09-09
2024-11-03 13:30:20+00:00,👤 Ankara 2025-06-02
2024-11-03 06:00:26+00:00,👤 Ankara 2024-12-02
2024-11-03 05:10:18+00:00,👤 Ankara 2025-07-24
2024-11-03 04:45:16+00:00,👤 Ankara 2025-07-11
2024-11-03 04:30:18+00:00,👤 İstanbul 2024-11-15
2024-11-03 03:50:23+00:00,👤 Ankara 2025-02-19
2024-11-02 18:40:17+00:00,👤 Ankara 2025-07-22
2024-11-02 18:35:26+00:00,👤 Ankara 2025-07-10
2024-11-02 18:25:15+00:00,👤 Ankara 2024-11-18
2024-11-02 18:15:24+00:00,👤 Ankara 2025-07-16
2024-11-02 17:40:23+00:00,👤 Ankara 2025-06-17
2024-11-02 15:20:19+00:00,👤 Ankara 2024-12-16
2024-11-02 14:05:18+00:00,👤 Ankara 2025-07-25
2024-11-02 13:55:15+00:00,👤 Ankara 2025-07-09
2024-11-02 13:30:19+00:00,👤 Ankara 2025-07-29
2024-11-02 13:15:24+00:00,👤 İstanbul 2025-07-25
2024-11-02 12:50:15+00:00,👤 İstanbul 2024-12-27
2024-11-02 11:50:17+00:00,👤 Ankara 2024-12-31
2024-11-02 09:55:17+00:00,👤 Ankara 2025-02-20
2024-11-02 09:30:18+00:00,👤 Ankara 2025-07-07
2024-11-02 08:45:17+00:00,👤 Ankara 2024-11-18
2024-11-02 08:00:26+00:00,👤 Ankara 2025-06-16
2024-11-02 07:25:19+00:00,👤 Ankara 2025-07-17
2024-11-02 07:25:14+00:00,👤 Ankara 2025-01-17
2024-11-02 07:20:23+00:00,👤 İstanbul 2024-11-18
2024-11-02 07:20:20+00:00,👤 Ankara 2024-12-16
2024-11-02 07:05:17+00:00,👤 Ankara 2025-01-03
2024-11-02 06:45:17+00:00,👤 İstanbul 2024-11-22
2024-11-02 06:30:20+00:00,👤 Ankara 2025-04-17
2024-11-02 05:55:27+00:00,👤 Ankara 2025-06-04
2024-11-02 05:00:22+00:00,👤 Ankara 2025-07-29
2024-11-02 04:55:21+00:00,👤 İstanbul 2025-07-21
2024-11-02 04:30:21+00:00,👤 İstanbul 2025-06-02
2024-11-02 04:15:19+00:00,👤 Ankara 2025-01-13
2024-11-02 03:30:23+00:00,👤 Ankara 2025-07-24
2024-11-02 03:30:22+00:00,👤 Ankara 2025-05-21
2024-11-02 03:15:17+00:00,👤 İstanbul 2025-01-15
2024-11-02 02:55:19+00:00,👤 İstanbul 2024-11-26
2024-11-02 02:45:29+00:00,👤 İstanbul 2025-07-22
2024-11-02 02:10:20+00:00,👤 Ankara 2024-12-02
2024-11-02 00:35:31+00:00,👤 İstanbul 2025-07-25
2024-11-01 22:55:19+00:00,👤 İstanbul 2024-11-22
2024-11-01 22:55:17+00:00,👤 Ankara 2025-06-18
2024-11-01 22:20:24+00:00,👤 İstanbul 2024-11-06
2024-11-01 22:10:24+00:00,👤 Ankara 2025-07-07
2024-11-01 22:05:16+00:00,👤 Ankara 2024-12-13
2024-11-01 21:45:15+00:00,👤 Ankara 2025-07-25
2024-11-01 21:30:19+00:00,👤 Ankara 2024-12-10
2024-11-01 21:25:16+00:00,👤 Ankara 2025-06-16
2024-11-01 21:15:19+00:00,👤 Ankara 2024-11-21
2024-11-01 21:00:23+00:00,👤 Ankara 2025-07-02
2024-11-01 20:55:16+00:00,👤 İstanbul 2025-06-27
2024-11-01 20:30:26+00:00,👤 Ankara 2025-03-19
2024-11-01 20:30:26+00:00,👤 Ankara 2024-12-30
2024-11-01 20:20:24+00:00,👤 Ankara 2024-12-16
2024-11-01 20:10:18+00:00,👤 Ankara 2024-12-02
2024-11-01 19:55:19+00:00,👤 Ankara 2025-05-23
2024-11-01 19:55:15+00:00,👤 İstanbul 2024-11-20
2024-11-01 19:50:22+00:00,👤 ❌ İstanbul 2025-09-09
2024-11-01 19:10:23+00:00,👤 ❌ İstanbul 2025-09-16
2024-11-01 19:00:26+00:00,👤 ❌ İstanbul 2025-03-27
2024-11-01 18:45:23+00:00,👤 Ankara 2025-07-24
2024-11-01 18:00:22+00:00,👤 Ankara 2025-07-10
2024-11-01 17:45:21+00:00,👤 Ankara 2024-12-10
2024-11-01 17:30:22+00:00,👤 Ankara 2024-11-08
2024-11-01 17:00:24+00:00,👤 Ankara 2024-11-22
2024-11-01 16:55:15+00:00,👤 Ankara 2025-02-10
2024-11-01 16:40:22+00:00,👤 Ankara 2024-12-10
2024-11-01 16:37:09+00:00,"Randevu takibi yapamayanlar, grup yöneticisi @emtr34 ile iletişime geçebilir. Randevu takibi ücretlidir."
2024-11-01 16:25:20+00:00,👤 Ankara 2025-02-21
2024-11-01 16:15:20+00:00,👤 ❌ İstanbul 2025-09-30
2024-11-01 15:15:18+00:00,👤 Ankara 2025-04-17
2024-11-01 14:40:17+00:00,👤 Ankara 2024-11-06
2024-11-01 14:35:15+00:00,👤 Ankara 2025-07-10
2024-11-01 14:25:23+00:00,👤 Ankara 2025-07-16
2024-11-01 14:25:22+00:00,👤 Ankara 2025-05-13
2024-11-01 14:05:22+00:00,👤 ❌ İstanbul 2025-10-21
2024-11-01 13:10:19+00:00,👤 Ankara 2025-04-16
2024-11-01 12:40:19+00:00,👤 Ankara 2024-12-31
2024-11-01 11:50:21+00:00,👤 İstanbul 2024-11-18
2024-11-01 11:40:17+00:00,👤 Ankara 2025-01-15
2024-11-01 11:10:23+00:00,👤 Ankara 2025-07-07
2024-11-01 11:10:22+00:00,👤 Ankara 2025-05-09
2024-11-01 11:05:17+00:00,👤 Ankara 2025-07-11
2024-11-01 11:00:29+00:00,👤 Ankara 2024-11-25
2024-11-01 10:35:16+00:00,👤 Ankara 2025-06-04
2024-11-01 10:20:18+00:00,👤 Ankara 2025-06-17
2024-11-01 10:15:17+00:00,👤 Ankara 2025-07-07
2024-11-01 10:10:26+00:00,👤 Ankara 2025-07-09
2024-11-01 10:01:00+00:00,👤 İstanbul 2025-06-24
2024-11-01 09:55:21+00:00,👤 İstanbul 2025-06-17
2024-11-01 09:05:17+00:00,👤 Ankara 2025-07-25
2024-11-01 08:55:18+00:00,👤 Ankara 2025-01-07
2024-11-01 08:50:19+00:00,👤 Ankara 2025-07-10
2024-11-01 08:45:16+00:00,👤 İstanbul 2025-03-28
2024-11-01 08:35:16+00:00,👤 Ankara 2025-07-03
2024-11-01 08:30:22+00:00,👤 İstanbul 2024-11-20
2024-11-01 08:30:20+00:00,👤 Ankara 2025-05-27
2024-11-01 08:30:19+00:00,👤 Ankara 2025-04-16
2024-11-01 08:25:29+00:00,👥 İstanbul 2025-07-25
2024-11-01 08:25:24+00:00,👤 İstanbul 2025-07-25
2024-11-01 08:25:18+00:00,👤 Ankara 2025-07-16
2024-11-01 08:20:23+00:00,👤 İstanbul 2025-03-25
2024-11-01 08:10:18+00:00,👤 İstanbul 2025-07-14
2024-11-01 08:08:44+00:00,👤 İstanbul 2024-11-20
2024-11-01 08:05:20+00:00,👥 ❌ İstanbul 2024-11-14
2024-11-01 07:55:26+00:00,👤 İstanbul 2025-01-06
2024-11-01 07:51:59+00:00,👤 İstanbul 2024-11-18
2024-11-01 07:50:27+00:00,👤 ❌ İstanbul 2024-11-26
2024-11-01 07:50:11+00:00,👤 İstanbul 2024-11-26
2024-11-01 07:50:03+00:00,👥 İstanbul 2024-11-26
2024-11-01 07:45:31+00:00,👥 ❌ İstanbul 2024-11-22
2024-11-01 07:20:20+00:00,👥 Ankara 2025-07-22
2024-11-01 07:20:19+00:00,👤 Ankara 2025-07-22
2024-11-01 07:15:19+00:00,👤 Ankara 2025-07-08
2024-11-01 07:15:18+00:00,👤 Ankara 2024-11-26
2024-11-01 07:10:18+00:00,👤 Ankara 2025-07-08
2024-11-01 07:00:21+00:00,👤 Ankara 2025-07-10
2024-11-01 06:50:19+00:00,👤 Ankara 2024-12-16
2024-11-01 06:45:29+00:00,👤 İstanbul 2025-07-28
2024-11-01 06:35:17+00:00,👤 Ankara 2025-07-02
2024-11-01 06:35:16+00:00,👤 Ankara 2024-12-30
2024-11-01 06:25:22+00:00,👤 Ankara 2025-04-24
2024-11-01 06:25:21+00:00,👤 Ankara 2025-01-02
2024-11-01 06:15:22+00:00,👤 Ankara 2025-04-17
2024-11-01 06:10:19+00:00,👤 Ankara 2025-04-07
2024-11-01 06:00:26+00:00,👤 İstanbul 2024-12-04
2024-11-01 06:00:20+00:00,👤 İstanbul 2025-01-06
2024-11-01 05:40:18+00:00,👤 İstanbul 2025-01-10
2024-11-01 05:40:17+00:00,👤 İstanbul 2024-11-26
2024-11-01 05:30:18+00:00,👥 Ankara 2025-07-07
2024-11-01 05:15:23+00:00,👤 Ankara 2025-07-28
2024-11-01 05:10:20+00:00,👤 Ankara 2025-03-24
2024-11-01 05:10:17+00:00,👤 Ankara 2025-06-16
2024-11-01 05:00:22+00:00,👤 Ankara 2025-04-10
2024-11-01 05:00:21+00:00,👤 Ankara 2025-03-07
2024-11-01 04:50:25+00:00,👤 Ankara 2025-07-22
2024-11-01 04:45:17+00:00,👤 Ankara 2025-03-21
2024-11-01 04:35:21+00:00,👤 Ankara 2025-04-17
2024-11-01 04:30:22+00:00,👤 Ankara 2025-07-17
2024-11-01 04:30:19+00:00,👤 İstanbul 2025-01-06
2024-11-01 04:25:18+00:00,👤 İstanbul 2025-01-31
2024-11-01 04:15:21+00:00,👤 Ankara 2025-07-17
2024-11-01 04:15:20+00:00,👤 Ankara 2025-07-16
2024-11-01 04:15:19+00:00,👤 İstanbul 2025-03-06
2024-11-01 04:15:18+00:00,👤 İstanbul 2025-01-10
2024-11-01 04:10:23+00:00,👤 İstanbul 2025-01-23
2024-11-01 04:05:19+00:00,👤 Ankara 2025-07-14
2024-11-01 04:05:18+00:00,👤 Ankara 2025-01-14
2024-11-01 03:55:18+00:00,👤 İstanbul 2025-01-28
2024-11-01 03:55:17+00:00,👤 İstanbul 2024-11-20
2024-11-01 03:45:26+00:00,👤 Ankara 2025-04-08
2024-11-01 03:45:19+00:00,👤 İstanbul 2025-07-21
2024-11-01 03:45:18+00:00,👤 İstanbul 2025-06-03
2024-11-01 03:40:28+00:00,👤 İstanbul 2025-07-21
2024-11-01 03:40:22+00:00,👤 Ankara 2025-01-07
2024-11-01 03:35:16+00:00,👤 İstanbul 2025-01-13
2024-11-01 03:30:23+00:00,👤 İstanbul 2025-01-30
2024-11-01 03:10:20+00:00,👤 Ankara 2025-03-21
2024-11-01 03:10:17+00:00,👤 Ankara 2025-03-19
2024-11-01 02:55:24+00:00,👤 Ankara 2025-05-15
2024-11-01 02:40:18+00:00,👤 Ankara 2025-07-22
2024-11-01 02:35:18+00:00,👤 Ankara 2025-06-02
2024-11-01 02:30:21+00:00,👤 Ankara 2024-12-02
2024-11-01 02:30:17+00:00,👤 İstanbul 2025-01-21
2024-11-01 02:29:12+00:00,👤 Ankara 2025-07-14
2024-11-01 02:25:21+00:00,👤 İstanbul 2025-02-10
2024-11-01 02:25:20+00:00,👤 Ankara 2025-07-14
2024-11-01 02:25:18+00:00,👤 Ankara 2025-06-16
2024-11-01 02:25:18+00:00,👤 Ankara 2024-12-16
2024-11-01 02:20:29+00:00,👤 İstanbul 2025-06-10
2024-11-01 02:10:24+00:00,👤 Ankara 2025-04-24
2024-11-01 02:10:23+00:00,👤 Ankara 2025-02-05
2024-11-01 02:10:20+00:00,👤 İstanbul 2025-06-03
2024-11-01 02:10:19+00:00,👤 İstanbul 2024-11-25
2024-11-01 02:05:18+00:00,👤 Ankara 2025-06-02
2024-11-01 01:55:20+00:00,👤 Ankara 2025-07-14
2024-11-01 01:50:16+00:00,👤 İstanbul 2025-06-23
2024-11-01 01:50:15+00:00,👤 İstanbul 2025-03-28
2024-11-01 01:45:24+00:00,👤 Ankara 2025-07-10
2024-11-01 01:45:21+00:00,👤 İstanbul 2025-06-10
2024-11-01 01:40:24+00:00,👤 Ankara 2025-07-16
2024-11-01 01:40:24+00:00,👤 Ankara 2025-04-10
2024-11-01 01:40:17+00:00,👤 İstanbul 2025-06-17
2024-11-01 01:35:17+00:00,👤 İstanbul 2024-12-18
2024-11-01 01:35:16+00:00,👤 Ankara 2025-02-05
2024-11-01 01:30:20+00:00,👤 İstanbul 2025-01-21
2024-11-01 01:30:18+00:00,👤 Ankara 2025-03-21
2024-11-01 01:25:18+00:00,👤 Ankara 2025-06-04
2024-11-01 01:25:17+00:00,👤 İstanbul 2025-01-31
2024-11-01 01:05:23+00:00,👤 Ankara 2025-03-25
2024-11-01 00:40:28+00:00,👤 Ankara 2025-05-09
2024-11-01 00:25:15+00:00,👤 Ankara 2025-04-16
2024-11-01 00:20:18+00:00,👤 Ankara 2025-07-14
2024-11-01 00:15:21+00:00,👤 Ankara 2024-12-18
2024-11-01 00:10:24+00:00,👤 İstanbul 2024-11-15
2024-11-01 00:10:23+00:00,👤 Ankara 2025-07-03
2024-11-01 00:05:20+00:00,👤 İstanbul 2024-11-19
2024-10-31 23:50:21+00:00,👤 Ankara 2025-07-09
2024-10-31 23:50:20+00:00,👤 Ankara 2024-12-02
2024-10-31 23:35:21+00:00,👤 İstanbul 2025-07-14
2024-10-31 23:25:29+00:00,👤 Ankara 2025-07-11
2024-10-31 23:25:28+00:00,👤 Ankara 2025-01-08
2024-10-31 23:25:26+00:00,👤 İstanbul 2025-01-28
2024-10-31 23:25:16+00:00,👤 İstanbul 2025-01-15
2024-10-31 23:25:15+00:00,👤 İstanbul 2024-12-17
2024-10-31 23:20:22+00:00,👤 İstanbul 2025-07-21
2024-10-31 23:15:20+00:00,👤 İstanbul 2024-11-20
2024-10-31 23:10:23+00:00,👤 Ankara 2025-02-21
2024-10-31 23:10:22+00:00,👤 Ankara 2025-02-03
2024-10-31 23:05:18+00:00,👤 Ankara 2025-01-08
2024-10-31 22:45:23+00:00,👤 Ankara 2025-04-25
2024-10-31 22:45:22+00:00,👤 Ankara 2025-01-03
2024-10-31 22:40:18+00:00,👤 Ankara 2025-01-13
2024-10-31 22:30:19+00:00,👤 Ankara 2025-04-08
2024-10-31 22:25:15+00:00,👤 Ankara 2025-04-17
2024-10-31 22:20:19+00:00,👤 Ankara 2025-03-21
2024-10-31 22:05:24+00:00,👤 İstanbul 2025-02-04
2024-10-31 22:05:23+00:00,👤 İstanbul 2025-01-10
2024-10-31 22:00:33+00:00,👤 İstanbul 2025-01-28
2024-10-31 22:00:23+00:00,👤 Ankara 2025-06-30
2024-10-31 21:55:16+00:00,👤 Ankara 2025-04-28
2024-10-31 21:50:26+00:00,👤 Ankara 2025-07-17
2024-10-31 21:40:21+00:00,👤 İstanbul 2025-01-30
2024-10-31 21:40:19+00:00,👤 Ankara 2025-06-12
2024-10-31 21:40:18+00:00,👤 Ankara 2025-05-13
2024-10-31 21:35:20+00:00,👤 Ankara 2025-04-17
2024-10-31 21:35:17+00:00,👤 İstanbul 2025-06-27
2024-10-31 21:35:17+00:00,👤 İstanbul 2025-06-16
2024-10-31 21:30:34+00:00,👤 İstanbul 2025-06-27
2024-10-31 21:30:25+00:00,👤 İstanbul 2024-11-13
2024-10-31 21:25:18+00:00,👤 İstanbul 2025-01-07
2024-10-31 21:20:18+00:00,👤 Ankara 2025-04-10
2024-10-31 21:20:16+00:00,👤 İstanbul 2024-12-04
2024-10-31 21:15:28+00:00,👤 İstanbul 2025-06-02
2024-10-31 21:15:21+00:00,👤 Ankara 2025-07-07
2024-10-31 21:15:20+00:00,👤 Ankara 2025-06-24
2024-10-31 21:10:26+00:00,👤 Ankara 2025-07-16
2024-10-31 21:05:26+00:00,👤 Ankara 2024-11-15
2024-10-31 21:00:25+00:00,👤 Ankara 2025-02-03
2024-10-31 21:00:22+00:00,👤 İstanbul 2025-01-13
2024-10-31 20:50:26+00:00,👤 Ankara 2025-07-25
2024-10-31 20:45:17+00:00,👤 Ankara 2025-06-17
2024-10-31 20:40:20+00:00,👤 Ankara 2025-07-22
2024-10-31 20:40:19+00:00,👤 Ankara 2024-12-09
2024-10-31 20:35:17+00:00,👤 Ankara 2025-02-28
2024-10-31 20:25:21+00:00,👤 Ankara 2025-06-17
2024-10-31 20:25:20+00:00,👤 Ankara 2024-12-04
2024-10-31 20:20:20+00:00,👤 Ankara 2025-02-21
2024-10-31 20:10:20+00:00,👤 Ankara 2024-12-05
2024-10-31 20:05:21+00:00,👤 Ankara 2024-12-10
2024-10-31 20:05:20+00:00,👤 Ankara 2024-11-06
2024-10-31 20:00:23+00:00,👤 İstanbul 2025-01-30
2024-10-31 19:55:37+00:00,👤 İstanbul 2025-06-10
2024-10-31 19:50:19+00:00,👤 İstanbul 2024-12-04
2024-10-31 19:50:18+00:00,👤 İstanbul 2024-11-25
2024-10-31 19:45:32+00:00,👤 İstanbul 2025-06-24
2024-10-31 19:45:29+00:00,👤 İstanbul 2025-06-10
2024-10-31 19:45:23+00:00,👤 Ankara 2025-06-17
2024-10-31 19:45:20+00:00,👤 İstanbul 2024-12-19
2024-10-31 19:45:20+00:00,👤 İstanbul 2024-12-16
2024-10-31 19:40:20+00:00,👤 İstanbul 2025-01-13
2024-10-31 19:35:30+00:00,👤 İstanbul 2025-01-31
2024-10-31 19:35:16+00:00,👤 Ankara 2025-02-12
2024-10-31 19:25:15+00:00,👤 İstanbul 2024-11-22
2024-10-31 19:20:27+00:00,👤 Ankara 2025-06-04
2024-10-31 19:20:19+00:00,👤 Ankara 2024-12-04
2024-10-31 19:20:18+00:00,👤 İstanbul 2025-01-17
2024-10-31 19:20:16+00:00,👤 Ankara 2024-12-02
2024-10-31 19:15:36+00:00,👤 İstanbul 2025-07-14
2024-10-31 19:15:24+00:00,👤 İstanbul 2025-01-31
2024-10-31 19:15:23+00:00,👤 İstanbul 2024-12-24
2024-10-31 19:10:19+00:00,👤 İstanbul 2025-02-24
2024-10-31 19:10:18+00:00,👤 İstanbul 2025-01-10
2024-10-31 19:05:27+00:00,👤 İstanbul 2025-06-16
2024-10-31 19:05:23+00:00,👤 ❌ İstanbul 2024-11-19
2024-10-31 19:00:23+00:00,👤 İstanbul 2025-01-07
2024-10-31 19:00:23+00:00,👤 Ankara 2025-07-03
2024-10-31 19:00:22+00:00,👤 Ankara 2025-05-22
2024-10-31 18:55:20+00:00,👤 İstanbul 2024-11-18
2024-10-31 18:55:17+00:00,👤 Ankara 2025-01-16
2024-10-31 18:50:29+00:00,👤 İstanbul 2025-07-07
2024-10-31 18:50:18+00:00,👤 İstanbul 2025-02-24
2024-10-31 18:50:17+00:00,👤 İstanbul 2025-01-06
2024-10-31 18:45:24+00:00,👤 Ankara 2025-06-04
2024-10-31 18:40:18+00:00,👤 Ankara 2025-01-31
2024-10-31 18:35:15+00:00,👥 İstanbul 2025-01-09
2024-10-31 18:25:19+00:00,👤 Ankara 2024-12-06
2024-10-31 18:25:18+00:00,👤 Ankara 2024-12-03
2024-10-31 18:20:19+00:00,👤 Ankara 2025-04-21
2024-10-31 18:15:22+00:00,👥 ❌ İstanbul 2025-09-16
2024-10-31 18:10:17+00:00,👤 Ankara 2025-06-02
2024-10-31 18:05:23+00:00,👤 Ankara 2025-06-16
2024-10-31 18:00:31+00:00,👤 ❌ İstanbul 2025-02-18
2024-10-31 17:40:17+00:00,👤 İstanbul 2024-12-26
2024-10-31 17:40:16+00:00,👤 İstanbul 2024-11-20
2024-10-31 17:35:19+00:00,👤 İstanbul 2024-12-18
2024-10-31 17:35:18+00:00,👤 İstanbul 2024-11-25
2024-10-31 17:25:25+00:00,👤 Ankara 2025-02-18
2024-10-31 17:25:18+00:00,👤 İstanbul 2025-06-03
2024-10-31 17:20:30+00:00,👤 Ankara 2025-07-10
2024-10-31 17:10:39+00:00,👤 İstanbul 2025-01-31
2024-10-31 17:10:27+00:00,👤 İstanbul 2025-01-09
2024-10-31 17:10:26+00:00,👤 İstanbul 2024-11-20
2024-10-31 17:10:24+00:00,👤 Ankara 2025-07-07
2024-10-31 17:05:22+00:00,👤 İstanbul 2024-11-26
2024-10-31 17:05:20+00:00,👤 Ankara 2025-07-14
2024-10-31 17:00:25+00:00,👤 İstanbul 2025-01-06
2024-10-31 17:00:22+00:00,👤 Ankara 2024-11-13
2024-10-31 16:55:21+00:00,👤 Ankara 2025-01-07
2024-10-31 16:55:20+00:00,👤 Ankara 2025-01-02
2024-10-31 16:50:25+00:00,👤 İstanbul 2024-11-13
2024-10-31 16:50:18+00:00,👥 Ankara 2025-02-05
2024-10-31 16:50:16+00:00,👤 Ankara 2025-02-05
2024-10-31 16:45:31+00:00,👤 İstanbul 2025-01-10
2024-10-31 16:45:30+00:00,👤 İstanbul 2024-11-19
2024-10-31 16:45:25+00:00,👤 Ankara 2025-02-24
2024-10-31 16:45:18+00:00,👥 İstanbul 2025-01-10
2024-10-31 16:30:25+00:00,👤 İstanbul 2024-11-22
2024-10-31 16:25:30+00:00,👤 İstanbul 2025-06-27
2024-10-31 16:25:22+00:00,👤 İstanbul 2024-11-18
2024-10-31 16:25:20+00:00,👤 Ankara 2025-02-20
2024-10-31 16:20:23+00:00,👤 İstanbul 2025-01-09
2024-10-31 16:20:22+00:00,👤 İstanbul 2024-11-13
2024-10-31 16:15:27+00:00,👤 İstanbul 2024-12-05
2024-10-31 16:10:23+00:00,👤 Ankara 2025-07-08
2024-10-31 16:10:21+00:00,👤 Ankara 2025-04-11
2024-10-31 16:10:20+00:00,👤 Ankara 2025-01-02
2024-10-31 16:10:17+00:00,👤 İstanbul 2025-07-07
2024-10-31 16:05:29+00:00,👤 Ankara 2025-07-11
2024-10-31 16:05:25+00:00,👤 Ankara 2025-01-14
2024-10-31 16:05:24+00:00,👤 Ankara 2024-12-17
2024-10-31 16:00:41+00:00,👤 Ankara 2025-07-22
2024-10-31 16:00:22+00:00,👤 Ankara 2024-12-16
2024-10-31 16:00:21+00:00,👤 Ankara 2024-12-10
2024-10-31 15:45:29+00:00,👤 İstanbul 2024-11-25
2024-10-31 15:45:29+00:00,👤 İstanbul 2024-11-18
2024-10-31 15:45:20+00:00,👤 Ankara 2025-02-03
2024-10-31 15:40:30+00:00,👤 İstanbul 2025-02-04
2024-10-31 15:40:28+00:00,👤 Ankara 2025-02-14
2024-10-31 15:40:26+00:00,👤 İstanbul 2025-01-31
2024-10-31 15:40:25+00:00,👤 İstanbul 2025-01-06
2024-10-31 15:35:26+00:00,👤 Ankara 2025-06-16
2024-10-31 15:35:16+00:00,👤 Ankara 2024-12-11
2024-10-31 15:35:16+00:00,👤 Ankara 2024-12-03
2024-10-31 15:25:17+00:00,👤 İstanbul 2025-01-28
2024-10-31 15:20:19+00:00,👤 İstanbul 2025-01-06
2024-10-31 15:20:18+00:00,👤 İstanbul 2024-11-25
2024-10-31 15:20:17+00:00,👤 İstanbul 2025-01-31
2024-10-31 15:15:17+00:00,👤 İstanbul 2025-01-15
2024-10-31 15:15:17+00:00,👤 İstanbul 2024-12-04
2024-10-31 15:10:25+00:00,👤 İstanbul 2025-06-03
2024-10-31 15:10:25+00:00,👤 İstanbul 2025-01-13
2024-10-31 15:10:20+00:00,👤 Ankara 2024-12-19
2024-10-31 15:10:19+00:00,👤 Ankara 2024-12-02
2024-10-31 15:05:21+00:00,👤 İstanbul 2025-01-14
2024-10-31 15:05:20+00:00,👤 İstanbul 2025-01-07
2024-10-31 15:00:21+00:00,👤 Ankara 2025-01-07
2024-10-31 14:55:29+00:00,👤 İstanbul 2025-07-24
2024-10-31 14:55:15+00:00,👤 Ankara 2025-07-17
2024-10-31 14:50:18+00:00,👤 Ankara 2025-01-14
2024-10-31 14:40:20+00:00,👤 İstanbul 2025-01-16
2024-10-31 14:35:15+00:00,👤 İstanbul 2025-06-10
2024-10-31 14:25:17+00:00,👤 Ankara 2025-01-14
2024-10-31 14:15:22+00:00,👤 İstanbul 2024-11-21
2024-10-31 14:15:21+00:00,👤 Ankara 2025-07-10
2024-10-31 14:15:20+00:00,👤 Ankara 2024-12-02
2024-10-31 14:10:27+00:00,👤 İstanbul 2025-01-14
2024-10-31 14:10:24+00:00,👤 İstanbul 2025-01-07
2024-10-31 14:05:21+00:00,👤 Ankara 2025-07-14
2024-10-31 14:00:24+00:00,👤 Ankara 2024-12-02
2024-10-31 14:00:21+00:00,👤 Ankara 2025-02-13
2024-10-31 13:50:22+00:00,👤 İstanbul 2025-06-03
2024-10-31 13:40:18+00:00,👤 İstanbul 2024-11-22
2024-10-31 13:40:18+00:00,👤 İstanbul 2024-11-20
2024-10-31 13:35:14+00:00,👤 Ankara 2025-02-19
2024-10-31 13:30:26+00:00,👤 İstanbul 2024-11-18
2024-10-31 13:30:23+00:00,👤 İstanbul 2024-11-21
2024-10-31 13:30:20+00:00,👤 Ankara 2025-02-04
2024-10-31 13:20:22+00:00,👤 İstanbul 2025-07-21
2024-10-31 13:15:30+00:00,👤 İstanbul 2025-09-22
2024-10-31 13:10:35+00:00,👤 İstanbul 2025-11-17
2024-10-31 13:10:25+00:00,👤 Ankara 2025-02-10
2024-10-31 13:05:24+00:00,👤 Ankara 2024-12-09
2024-10-31 13:05:22+00:00,👤 İstanbul 2024-11-18
2024-10-31 13:00:33+00:00,👤 İstanbul 2025-01-07
2024-10-31 13:00:29+00:00,👤 İstanbul 2025-01-21
2024-10-31 12:50:19+00:00,👤 İstanbul 2025-07-07
2024-10-31 12:50:18+00:00,👤 İstanbul 2025-01-06
2024-10-31 12:35:19+00:00,👥 İstanbul 2024-11-18
2024-10-31 12:35:14+00:00,👤 Ankara 2024-12-17
2024-10-31 12:30:26+00:00,👤 İstanbul 2024-11-25
2024-10-31 12:25:28+00:00,👤 İstanbul 2024-11-18
2024-10-31 12:25:15+00:00,👥 İstanbul 2024-11-13
2024-10-31 12:10:29+00:00,👥 İstanbul 2025-01-30
2024-10-31 09:45:54+00:00,👥 İstanbul 2024-12-24
2024-10-31 09:40:34+00:00,👥 İstanbul 2024-12-17
2024-10-31 09:39:54+00:00,👥 İstanbul 2024-12-16
2024-10-31 09:38:03+00:00,👥 İstanbul 2024-12-10
2024-10-31 09:34:15+00:00,👥 İstanbul 2024-12-04
2024-10-31 09:28:12+00:00,👥 İstanbul 2024-12-03
2024-10-31 09:00:26+00:00,👤 Ankara 2025-05-13
2024-10-31 08:25:55+00:00,👤 İstanbul 2024-11-05
2024-10-31 08:17:07+00:00,👤 İstanbul 2024-11-26
2024-10-31 08:10:24+00:00,👤 İstanbul 2024-11-25
2024-10-31 08:00:30+00:00,👤 Ankara 2025-07-10
2024-10-31 07:49:08+00:00,👤 İstanbul 2024-11-21
2024-10-31 07:48:05+00:00,👤 İstanbul 2024-11-20
2024-10-31 07:48:01+00:00,👥 İstanbul 2024-11-21
2024-10-31 07:48:00+00:00,👥 İstanbul 2024-11-20
2024-10-31 07:47:04+00:00,👤 İstanbul 2024-11-19
2024-10-31 07:35:17+00:00,👤 Ankara 2025-07-10
2024-10-31 05:05:20+00:00,👤 Ankara 2024-11-13
2024-10-31 04:45:26+00:00,👤 Ankara 2025-07-16
2024-10-30 22:45:15+00:00,👤 İstanbul 2025-06-26
2024-10-30 22:00:23+00:00,👤 Ankara 2024-11-05
2024-10-30 21:50:23+00:00,👤 Ankara 2024-12-12
2024-10-30 21:15:19+00:00,👤 Ankara 2025-07-22
2024-10-30 19:30:19+00:00,👤 Ankara 2025-07-09
2024-10-30 18:10:25+00:00,👤 Ankara 2024-12-05
2024-10-30 16:45:17+00:00,👤 Ankara 2025-07-10
2024-10-30 16:05:19+00:00,👤 Ankara 2024-11-04
2024-10-30 14:20:17+00:00,👤 Ankara 2025-07-07
2024-10-30 13:20:18+00:00,👤 İstanbul 2024-11-20
2024-10-30 12:30:19+00:00,👤 İstanbul 2024-12-04
2024-10-30 10:10:19+00:00,👤 Ankara 2025-06-04
2024-10-30 06:10:20+00:00,👤 İstanbul 2025-06-03
2024-10-30 03:35:15+00:00,👤 İstanbul 2024-11-05
2024-10-30 00:45:24+00:00,👤 Ankara 2025-07-08
2024-10-29 22:55:22+00:00,👤 İstanbul 2024-11-04
2024-10-29 22:20:21+00:00,👤 Ankara 2025-06-03
2024-10-29 11:40:30+00:00,👤 Ankara 2025-07-22
2024-10-29 11:15:30+00:00,👤 Ankara 2025-07-14
2024-10-29 07:55:16+00:00,👤 İstanbul 2025-01-02
2024-10-29 05:50:29+00:00,👤 Ankara 2025-07-08
2024-10-29 05:45:19+00:00,👤 İstanbul 2025-01-14
2024-10-29 00:55:19+00:00,👤 Ankara 2025-07-07
2024-10-28 23:45:25+00:00,👤 Ankara 2025-07-07
2024-10-28 23:30:25+00:00,👤 Ankara 2025-07-22
2024-10-28 23:20:23+00:00,👤 İstanbul 2024-11-21
2024-10-28 23:00:21+00:00,👤 İstanbul 2025-06-03
2024-10-28 17:55:17+00:00,👤 Ankara 2025-04-17
2024-10-28 16:45:25+00:00,👤 Ankara 2025-07-14
2024-10-28 15:55:15+00:00,👤 İstanbul 2024-11-26
2024-10-28 04:45:24+00:00,👤 Ankara 2025-07-03
2024-10-28 04:40:26+00:00,👥 Ankara 2025-07-03
2024-10-28 04:40:17+00:00,👤 Ankara 2025-07-03
2024-10-27 10:30:19+00:00,👤 Ankara 2025-06-04
2024-10-27 09:25:15+00:00,👤 İstanbul 2024-11-01
2024-10-27 08:00:25+00:00,👤 Ankara 2025-07-09
2024-10-27 07:55:25+00:00,👤 Ankara 2025-07-09
2024-10-27 05:10:26+00:00,👤 Ankara 2025-06-02
2024-10-27 05:10:25+00:00,👥 Ankara 2025-06-02
2024-10-27 03:30:21+00:00,👤 Ankara 2025-06-04
2024-10-27 03:25:52+00:00,👤 İstanbul 2024-11-15
2024-10-27 02:05:39+00:00,👤 Ankara 2025-06-18
2024-10-27 02:00:24+00:00,👤 Ankara 2025-06-18
2024-10-26 23:40:25+00:00,👤 İstanbul 2024-11-01
2024-10-26 19:20:24+00:00,👤 Ankara 2025-07-10
2024-10-26 15:00:23+00:00,👤 Ankara 2025-07-10
2024-10-26 02:45:27+00:00,👤 Ankara 2025-07-10
2024-10-26 01:00:24+00:00,👤 Ankara 2025-07-22
2024-10-25 21:35:18+00:00,👤 İstanbul 2024-12-04
2024-10-25 21:20:17+00:00,👤 İstanbul 2024-12-10
2024-10-25 21:07:15+00:00,👤 Ankara 2025-07-09
2024-10-25 21:00:30+00:00,👤 Ankara 2025-06-20
2024-10-25 20:50:18+00:00,👤 Ankara 2025-07-09
2024-10-25 16:45:17+00:00,👤 İstanbul 2025-03-18
2024-10-25 16:25:17+00:00,👤 Ankara 2024-12-19
2024-10-25 15:40:20+00:00,👤 Ankara 2025-07-08
2024-10-25 15:25:17+00:00,👤 Ankara 2025-01-15
2024-10-25 14:30:19+00:00,👤 Ankara 2025-07-08
2024-10-25 14:25:23+00:00,👤 İstanbul 2025-06-10
2024-10-25 14:20:19+00:00,👤 Ankara 2025-07-14
2024-10-25 14:00:31+00:00,👤 Ankara 2025-06-16
2024-10-25 14:00:21+00:00,👤 İstanbul 2024-12-04
2024-10-25 12:55:22+00:00,👤 Ankara 2025-06-24
2024-10-25 12:55:22+00:00,👤 Ankara 2025-05-12
2024-10-25 10:50:19+00:00,👤 Ankara 2025-01-15
2024-10-25 10:40:20+00:00,👤 Ankara 2025-06-03
2024-10-25 10:30:19+00:00,👤 İstanbul 2025-02-24
2024-10-25 09:45:18+00:00,👤 Ankara 2025-05-13
2024-10-25 09:45:17+00:00,👤 Ankara 2024-12-16
2024-10-25 08:00:23+00:00,👤 Ankara 2025-06-10
2024-10-25 07:50:21+00:00,👤 Ankara 2024-12-31
2024-10-25 06:35:56+00:00,👤 Ankara 2024-12-02
2024-10-25 06:25:23+00:00,👤 İstanbul 2025-06-27
2024-10-25 06:15:16+00:00,👤 Ankara 2025-02-05
2024-10-25 05:45:18+00:00,👤 Ankara 2025-06-20
2024-10-25 05:35:17+00:00,👤 İstanbul 2025-01-10
2024-10-25 04:30:25+00:00,👤 Ankara 2025-07-10
2024-10-25 04:30:25+00:00,👤 Ankara 2025-06-13
2024-10-25 04:25:22+00:00,👤 Ankara 2025-01-13
2024-10-25 04:10:21+00:00,👤 Ankara 2025-06-17
2024-10-25 03:45:35+00:00,👤 Ankara 2025-02-04
2024-10-25 03:42:32+00:00,👤 Ankara 2025-07-16
2024-10-25 03:35:21+00:00,👤 ❌ İstanbul 2024-12-04
2024-10-25 03:30:31+00:00,👤 ❌ Ankara 2025-09-22
2024-10-25 03:30:30+00:00,👤 ❌ Ankara 2025-09-11
2024-10-25 03:27:02+00:00,👤 ❌ Ankara 2025-09-22
2024-10-25 03:27:02+00:00,👤 ❌ Ankara 2025-09-11
2024-10-25 03:23:41+00:00,👤 ❌ Ankara 2025-09-22
2024-10-25 03:23:40+00:00,👤 ❌ Ankara 2025-09-11
2024-10-25 03:20:10+00:00,👤 ❌ Ankara 2025-09-22
2024-10-25 03:18:29+00:00,👤 ❌ Ankara 2025-09-16
2024-10-25 03:16:03+00:00,👤 ❌ Ankara 2025-09-11
2024-10-25 03:16:02+00:00,👤 ❌ Ankara 2025-09-09
2024-10-25 02:45:29+00:00,👤 Ankara 2025-07-02
2024-10-25 02:35:15+00:00,👤 Ankara 2025-06-23
2024-10-25 02:30:29+00:00,👤 Ankara 2025-05-12
2024-10-25 02:25:33+00:00,👤 Ankara 2025-06-04
2024-10-25 02:19:29+00:00,👤 ❌ Ankara 2025-09-29
2024-10-25 02:19:28+00:00,👤 ❌ Ankara 2025-09-22
2024-10-25 02:15:28+00:00,👤 Ankara 2025-07-14
2024-10-25 02:15:20+00:00,👤 ❌ Ankara 2025-08-25
2024-10-25 02:15:19+00:00,👤 ❌ Ankara 2025-07-14
2024-10-25 02:13:14+00:00,👤 ❌ Ankara 2025-09-29
2024-10-25 02:13:13+00:00,👤 ❌ Ankara 2025-09-22
2024-10-25 02:09:40+00:00,👤 ❌ Ankara 2025-09-22
2024-10-25 02:09:39+00:00,👤 ❌ Ankara 2025-08-25
2024-10-25 02:05:23+00:00,👤 ❌ Ankara 2025-08-25
2024-10-25 02:04:24+00:00,👤 ❌ Ankara 2025-09-29
2024-10-25 02:04:23+00:00,👤 ❌ Ankara 2025-09-22
2024-10-25 02:00:23+00:00,👤 ❌ Ankara 2025-07-31
2024-10-25 01:58:44+00:00,👤 ❌ Ankara 2025-09-29
2024-10-25 01:58:43+00:00,👤 ❌ Ankara 2025-09-22
2024-10-25 01:55:27+00:00,👤 Ankara 2025-05-15
2024-10-25 01:55:16+00:00,👤 ❌ Ankara 2025-05-15
2024-10-25 01:54:37+00:00,👤 ❌ Ankara 2025-09-29
2024-10-25 01:54:36+00:00,👤 ❌ Ankara 2025-09-22
2024-10-25 01:50:58+00:00,👤 ❌ Ankara 2025-09-29
2024-10-25 01:50:57+00:00,👤 ❌ Ankara 2025-09-22
2024-10-25 01:47:57+00:00,👤 ❌ Ankara 2025-09-29
2024-10-25 01:47:56+00:00,👤 ❌ Ankara 2025-09-22
2024-10-25 01:44:03+00:00,👤 ❌ Ankara 2025-09-29
2024-10-25 01:44:02+00:00,👤 ❌ Ankara 2025-09-22
2024-10-25 01:40:18+00:00,👤 ❌ Ankara 2025-01-27
2024-10-25 01:38:44+00:00,👤 ❌ Ankara 2025-09-29
2024-10-25 01:38:44+00:00,👤 ❌ Ankara 2025-09-22
2024-10-25 01:35:39+00:00,👤 ❌ Ankara 2025-09-29
2024-10-25 01:35:39+00:00,👤 ❌ Ankara 2025-09-22
2024-10-25 01:32:26+00:00,👤 ❌ Ankara 2025-09-29
2024-10-25 01:32:25+00:00,👤 ❌ Ankara 2025-09-22
2024-10-25 01:28:50+00:00,👤 ❌ Ankara 2025-09-22
2024-10-25 01:27:20+00:00,👤 ❌ Ankara 2025-09-18
2024-10-25 01:25:24+00:00,👤 ❌ Ankara 2025-07-14
2024-10-25 01:25:10+00:00,👤 ❌ Ankara 2025-09-17
2024-10-25 01:25:09+00:00,👤 ❌ Ankara 2025-09-12
2024-10-25 01:20:27+00:00,👤 ❌ Ankara 2025-06-24
2024-10-25 01:19:32+00:00,👤 ❌ İstanbul 2025-10-16
2024-10-25 01:18:48+00:00,👤 ❌ Ankara 2025-09-12
2024-10-25 01:18:48+00:00,👤 ❌ Ankara 2025-09-11
2024-10-25 01:15:31+00:00,👤 ❌ Ankara 2025-04-07
2024-10-25 01:15:24+00:00,👤 ❌ İstanbul 2025-10-16
2024-10-25 01:15:17+00:00,👤 ❌ Ankara 2025-09-12
2024-10-25 01:15:17+00:00,👤 ❌ Ankara 2025-09-11
2024-10-25 01:11:40+00:00,👤 ❌ Ankara 2025-09-12
2024-10-25 01:11:40+00:00,👤 ❌ Ankara 2025-09-11
2024-10-25 01:07:58+00:00,👤 ❌ Ankara 2025-09-11
2024-10-25 01:07:57+00:00,👤 ❌ Ankara 2025-09-08
2024-10-25 00:10:32+00:00,👤 ❌ Ankara 2025-09-09
2024-10-25 00:10:29+00:00,👤 ❌ İstanbul 2025-10-06
2024-10-25 00:08:34+00:00,👤 ❌ Ankara 2025-09-02
2024-10-25 00:08:34+00:00,👤 ❌ Ankara 2025-08-28
2024-10-25 00:05:01+00:00,👤 ❌ Ankara 2025-09-02
2024-10-25 00:05:01+00:00,👤 ❌ Ankara 2025-08-28
2024-10-25 00:00:37+00:00,👤 Ankara 2025-07-03
2024-10-25 00:00:30+00:00,👤 ❌ Ankara 2025-07-03
2024-10-25 00:00:19+00:00,👤 ❌ Ankara 2025-09-02
2024-10-25 00:00:18+00:00,👤 ❌ Ankara 2025-08-28
2024-10-24 23:55:28+00:00,👤 ❌ Ankara 2025-08-28
2024-10-24 23:53:18+00:00,👤 ❌ Ankara 2025-09-02
2024-10-24 23:53:17+00:00,👤 ❌ Ankara 2025-08-25
2024-10-24 23:49:55+00:00,👤 ❌ Ankara 2025-09-02
2024-10-24 23:49:54+00:00,👤 ❌ Ankara 2025-08-25
2024-10-24 23:48:44+00:00,👤 Ankara 2025-07-07
2024-10-24 23:45:24+00:00,👤 ❌ Ankara 2025-07-07
2024-10-24 23:45:16+00:00,👤 Ankara 2025-07-07
2024-10-24 23:44:19+00:00,👤 ❌ Ankara 2025-09-02
2024-10-24 23:44:18+00:00,👤 ❌ Ankara 2025-08-25
2024-10-24 23:39:40+00:00,👤 ❌ Ankara 2025-09-02
2024-10-24 23:39:39+00:00,👤 ❌ Ankara 2025-08-25
2024-10-24 23:34:31+00:00,👤 ❌ Ankara 2025-09-02
2024-10-24 23:34:30+00:00,👤 ❌ Ankara 2025-08-25
2024-10-24 23:30:25+00:00,👤 ❌ Ankara 2025-09-02
2024-10-24 23:30:05+00:00,👤 ❌ Ankara 2025-08-26
2024-10-24 23:30:04+00:00,👤 ❌ Ankara 2025-08-25
2024-10-24 23:25:56+00:00,👤 ❌ Ankara 2025-08-25
2024-10-24 23:25:56+00:00,👤 ❌ Ankara 2025-08-14
2024-10-24 23:22:50+00:00,👤 ❌ Ankara 2025-08-25
2024-10-24 23:22:50+00:00,👤 ❌ Ankara 2025-08-14
2024-10-24 23:19:07+00:00,👤 ❌ Ankara 2025-08-25
2024-10-24 23:19:06+00:00,👤 ❌ Ankara 2025-08-14
2024-10-24 23:15:11+00:00,👤 ❌ Ankara 2025-08-25
2024-10-24 23:15:10+00:00,👤 ❌ Ankara 2025-08-14
2024-10-24 23:10:24+00:00,👤 ❌ Ankara 2025-08-01
2024-10-24 23:10:23+00:00,👤 ❌ Ankara 2025-07-22
2024-10-24 23:10:08+00:00,👤 ❌ Ankara 2025-08-25
2024-10-24 23:10:07+00:00,👤 ❌ Ankara 2025-08-14
2024-10-24 23:06:49+00:00,👤 ❌ Ankara 2025-08-14
2024-10-24 23:05:32+00:00,👤 ❌ Ankara 2025-08-04
2024-10-24 23:04:29+00:00,👤 ❌ Ankara 2025-08-08
2024-10-24 23:04:28+00:00,👤 ❌ Ankara 2025-07-24
2024-10-24 23:00:45+00:00,👤 ❌ Ankara 2025-07-28
2024-10-24 22:59:05+00:00,👤 ❌ Ankara 2025-08-08
2024-10-24 22:59:02+00:00,👤 ❌ Ankara 2025-07-24
2024-10-24 22:10:27+00:00,👤 Ankara 2025-01-03
2024-10-24 22:05:22+00:00,👤 Ankara 2025-01-16
2024-10-24 22:00:34+00:00,👤 ❌ Ankara 2025-09-15
2024-10-24 21:55:42+00:00,👤 ❌ Ankara 2025-09-16
2024-10-24 21:55:17+00:00,👤 ❌ Ankara 2025-07-22
2024-10-24 21:55:17+00:00,👤 Ankara 2025-07-03
2024-10-24 21:55:17+00:00,👤 ❌ Ankara 2025-07-03
2024-10-24 21:45:27+00:00,👤 ❌ Ankara 2025-08-18
2024-10-24 21:45:26+00:00,👤 ❌ Ankara 2025-08-05
2024-10-24 21:40:31+00:00,👤 ❌ Ankara 2025-10-08
2024-10-24 21:30:25+00:00,👤 Ankara 2025-07-08
2024-10-24 21:30:22+00:00,👤 ❌ Ankara 2025-07-08
2024-10-24 21:25:25+00:00,👤 ❌ Ankara 2025-09-22
2024-10-24 21:20:19+00:00,👤 ❌ Ankara 2025-03-20
2024-10-24 21:15:17+00:00,👤 ❌ Ankara 2025-05-28
2024-10-24 21:13:49+00:00,👤 ❌ Ankara 2025-10-20
2024-10-24 21:13:48+00:00,👤 ❌ Ankara 2025-10-16
2024-10-24 21:10:18+00:00,👤 ❌ Ankara 2025-07-29
2024-10-24 21:10:18+00:00,👤 ❌ Ankara 2025-07-09
2024-10-24 21:09:02+00:00,👤 ❌ Ankara 2025-10-20
2024-10-24 21:09:01+00:00,👤 ❌ Ankara 2025-10-16
2024-10-24 21:05:23+00:00,👤 ❌ Ankara 2025-10-16
2024-10-24 21:05:22+00:00,👤 ❌ Ankara 2025-06-12
2024-10-24 21:05:07+00:00,👤 ❌ Ankara 2025-10-20
2024-10-24 21:00:42+00:00,👤 Ankara 2025-07-21
2024-10-24 21:00:37+00:00,👤 ❌ Ankara 2025-07-21
2024-10-24 21:00:33+00:00,👤 ❌ Ankara 2025-06-24
2024-10-24 21:00:32+00:00,👤 ❌ Ankara 2025-06-20
2024-10-24 21:00:25+00:00,👤 Ankara 2025-06-24
2024-10-24 21:00:25+00:00,👤 Ankara 2025-06-20
2024-10-24 21:00:23+00:00,👤 ❌ İstanbul 2025-10-07
2024-10-24 20:58:16+00:00,👤 ❌ Ankara 2025-10-20
2024-10-24 20:55:15+00:00,👤 ❌ Ankara 2025-10-20
2024-10-24 20:50:37+00:00,👤 ❌ Ankara 2025-09-03
2024-10-24 20:40:27+00:00,👤 Ankara 2025-06-18
2024-10-24 20:40:26+00:00,👤 Ankara 2025-04-28
2024-10-24 20:20:18+00:00,👤 Ankara 2024-12-30
2024-10-24 20:15:16+00:00,👤 İstanbul 2025-07-17
2024-10-24 20:05:32+00:00,👤 Ankara 2024-11-06
2024-10-24 20:00:20+00:00,👤 Ankara 2025-07-01
2024-10-24 19:55:19+00:00,👤 Ankara 2025-07-10
2024-10-24 19:55:16+00:00,👤 İstanbul 2025-01-10
2024-10-24 19:50:46+00:00,👤 ❌ Ankara 2025-08-19
2024-10-24 19:50:23+00:00,👤 ❌ Ankara 2025-07-25
2024-10-24 19:50:23+00:00,👤 ❌ Ankara 2025-05-21
2024-10-24 19:50:21+00:00,👤 Ankara 2025-05-21
2024-10-24 19:50:16+00:00,👤 Ankara 2025-01-17
2024-10-24 19:45:19+00:00,👤 Ankara 2025-05-12
2024-10-24 19:45:18+00:00,👤 ❌ Ankara 2025-05-12
2024-10-24 19:40:25+00:00,👤 ❌ İstanbul 2025-01-30
2024-10-24 19:40:18+00:00,👤 ❌ Ankara 2025-08-19
2024-10-24 19:40:16+00:00,👤 İstanbul 2025-01-30
2024-10-24 19:35:47+00:00,👤 ❌ Ankara 2025-09-09
2024-10-24 19:35:24+00:00,👤 ❌ Ankara 2025-07-28
2024-10-24 19:35:23+00:00,👤 ❌ Ankara 2025-05-15
2024-10-24 19:35:19+00:00,👤 Ankara 2025-05-15
2024-10-24 19:25:22+00:00,👤 ❌ Ankara 2025-09-03
2024-10-24 19:25:21+00:00,👤 ❌ Ankara 2025-08-12
2024-10-24 19:20:39+00:00,👤 ❌ Ankara 2025-10-02
2024-10-24 19:20:22+00:00,👤 ❌ Ankara 2025-07-28
2024-10-24 19:20:06+00:00,👤 ❌ Ankara 2025-09-15
2024-10-24 19:15:19+00:00,👤 ❌ Ankara 2025-09-15
2024-10-24 19:15:18+00:00,👤 ❌ Ankara 2025-07-29
2024-10-24 19:15:15+00:00,👤 ❌ İstanbul 2025-10-03
2024-10-24 19:10:23+00:00,👤 ❌ İstanbul 2025-09-26
2024-10-24 19:10:21+00:00,👤 ❌ Ankara 2025-08-05
2024-10-24 19:10:20+00:00,👤 ❌ Ankara 2025-08-04
2024-10-24 19:05:23+00:00,👤 ❌ Ankara 2025-09-29
2024-10-24 19:00:26+00:00,👤 ❌ İstanbul 2025-10-24
2024-10-24 19:00:26+00:00,👤 ❌ İstanbul 2025-10-20
2024-10-24 19:00:23+00:00,👤 ❌ Ankara 2025-09-16
2024-10-24 19:00:23+00:00,👤 ❌ Ankara 2025-08-11
2024-10-24 18:55:43+00:00,👤 ❌ Ankara 2025-08-07
2024-10-24 18:55:21+00:00,👤 Ankara 2025-07-08
2024-10-24 18:55:20+00:00,👤 Ankara 2025-01-27
2024-10-24 18:55:17+00:00,👤 ❌ Ankara 2025-07-08
2024-10-24 18:55:16+00:00,👤 ❌ Ankara 2025-01-27
2024-10-24 18:55:08+00:00,👤 ❌ Ankara 2025-10-08
2024-10-24 18:50:20+00:00,👤 ❌ Ankara 2025-10-08
2024-10-24 18:48:51+00:00,👤 ❌ Ankara 2025-09-05
2024-10-24 18:45:20+00:00,👤 ❌ İstanbul 2025-07-24
2024-10-24 18:45:17+00:00,👤 ❌ Ankara 2025-07-24
2024-10-24 18:45:17+00:00,👤 Ankara 2025-07-10
2024-10-24 18:45:17+00:00,👤 ❌ Ankara 2025-07-10
2024-10-24 18:40:35+00:00,👤 ❌ Ankara 2025-09-09
2024-10-24 18:40:25+00:00,👤 Ankara 2025-01-17
2024-10-24 18:30:28+00:00,👤 Ankara 2025-07-10
2024-10-24 18:30:27+00:00,👤 ❌ Ankara 2025-07-10
2024-10-24 18:30:27+00:00,👤 Ankara 2025-06-27
2024-10-24 18:30:26+00:00,👤 ❌ Ankara 2025-06-27
2024-10-24 18:25:22+00:00,👤 ❌ Ankara 2025-09-22
2024-10-24 18:25:21+00:00,👤 ❌ Ankara 2025-04-11
2024-10-24 18:24:08+00:00,👤 ❌ Ankara 2025-10-17
2024-10-24 18:20:19+00:00,👤 ❌ Ankara 2025-10-09
2024-10-24 18:20:14+00:00,👤 ❌ Ankara 2025-10-17
2024-10-24 18:15:30+00:00,👤 ❌ Ankara 2025-10-17
2024-10-24 18:10:26+00:00,👤 ❌ Ankara 2025-08-04
2024-10-24 18:04:08+00:00,👤 ❌ Ankara 2025-10-10
2024-10-24 18:00:24+00:00,👤 ❌ İstanbul 2025-02-24
2024-10-24 18:00:23+00:00,👤 İstanbul 2025-02-24
2024-10-24 18:00:21+00:00,👤 ❌ Ankara 2025-10-10
2024-10-24 17:50:38+00:00,👤 Ankara 2025-06-30
2024-10-24 17:50:38+00:00,👤 Ankara 2025-06-12
2024-10-24 17:50:17+00:00,👤 İstanbul 2025-07-07
2024-10-24 17:31:38+00:00,👤 Ankara 2025-07-14
2024-10-24 17:30:53+00:00,👤 Ankara 2025-06-24
2024-10-24 17:30:23+00:00,👤 Ankara 2025-04-07
2024-10-24 17:30:22+00:00,👤 Ankara 2025-02-28
2024-10-24 17:25:17+00:00,👤 İstanbul 2025-02-10
2024-10-24 17:20:16+00:00,👤 Ankara 2025-02-06
2024-10-24 17:15:17+00:00,👤 Ankara 2025-01-15
2024-10-24 17:10:18+00:00,👤 Ankara 2025-06-10
2024-10-24 17:00:29+00:00,👤 Ankara 2025-07-08
2024-10-24 16:55:20+00:00,👤 Ankara 2025-07-10
2024-10-24 16:40:18+00:00,👤 Ankara 2025-07-07
2024-10-24 15:55:30+00:00,👤 Ankara 2025-06-03
2024-10-24 15:30:21+00:00,👤 Ankara 2025-06-24
2024-10-24 15:30:20+00:00,👤 Ankara 2025-05-20
2024-10-24 15:30:18+00:00,👤 İstanbul 2025-01-13
2024-10-24 15:15:18+00:00,👤 Ankara 2025-06-13
2024-10-24 15:15:18+00:00,👤 Ankara 2025-06-04
2024-10-24 15:10:18+00:00,👤 Ankara 2025-04-08
2024-10-24 15:10:17+00:00,👤 Ankara 2025-01-07
2024-10-24 15:05:41+00:00,👤 Ankara 2025-07-16
2024-10-24 15:05:21+00:00,👤 Ankara 2025-07-08
2024-10-24 15:05:20+00:00,👤 Ankara 2025-06-03
2024-10-24 15:00:24+00:00,👤 İstanbul 2025-01-06
2024-10-24 15:00:23+00:00,👤 Ankara 2025-05-21
2024-10-24 14:55:16+00:00,👤 Ankara 2025-07-11
2024-10-24 14:55:15+00:00,👤 Ankara 2025-07-10
2024-10-24 14:40:27+00:00,👤 Ankara 2025-06-16
2024-10-24 13:40:16+00:00,👤 Ankara 2025-05-05
2024-10-24 13:35:20+00:00,👤 Ankara 2025-07-10
2024-10-24 13:30:26+00:00,👤 Ankara 2025-01-13
2024-10-24 13:05:17+00:00,👤 Ankara 2025-07-17
2024-10-24 13:05:16+00:00,👤 Ankara 2024-11-25
2024-10-24 13:00:23+00:00,👤 İstanbul 2025-07-17
2024-10-24 12:55:19+00:00,👤 İstanbul 2025-01-15
2024-10-24 12:50:37+00:00,👤 Ankara 2025-06-12
2024-10-24 12:50:27+00:00,👤 Ankara 2025-06-04
2024-10-24 12:50:18+00:00,👤 Ankara 2025-05-12
2024-10-24 12:50:17+00:00,👤 Ankara 2025-03-06
2024-10-24 11:50:20+00:00,👤 Ankara 2025-07-17
2024-10-24 11:50:20+00:00,👤 Ankara 2025-07-02
2024-10-24 11:50:16+00:00,👤 İstanbul 2025-06-24
2024-10-24 11:45:16+00:00,👤 Ankara 2025-07-18
2024-10-24 11:40:23+00:00,👤 Ankara 2025-07-17
2024-10-24 11:35:18+00:00,👤 Ankara 2025-06-24
2024-10-24 11:35:16+00:00,👤 İstanbul 2025-06-23
2024-10-24 11:30:20+00:00,👤 Ankara 2025-07-09
2024-10-24 11:30:20+00:00,👤 Ankara 2025-06-30
2024-10-24 11:20:18+00:00,👤 Ankara 2025-06-10
2024-10-24 11:15:22+00:00,👤 Ankara 2025-02-19
2024-10-24 11:10:20+00:00,👤 Ankara 2025-03-14
2024-10-24 11:10:19+00:00,👤 Ankara 2024-12-12
2024-10-24 11:05:18+00:00,👤 Ankara 2025-02-14
2024-10-24 11:00:26+00:00,👤 Ankara 2025-01-03
2024-10-24 10:55:20+00:00,👤 Ankara 2024-12-09
2024-10-24 10:55:18+00:00,👤 İstanbul 2025-07-01
2024-10-24 10:50:21+00:00,👤 Ankara 2025-05-28
2024-10-24 10:45:16+00:00,👤 Ankara 2025-05-06
2024-10-24 10:30:18+00:00,👤 İstanbul 2025-01-23
2024-10-24 09:50:20+00:00,👤 Ankara 2025-07-09
2024-10-24 09:45:16+00:00,👤 Ankara 2025-05-27
2024-10-24 09:45:16+00:00,👤 İstanbul 2025-02-10
2024-10-24 09:40:22+00:00,👤 Ankara 2025-06-17
2024-10-24 09:35:19+00:00,👤 Ankara 2025-04-25
2024-10-24 09:35:18+00:00,👤 Ankara 2025-01-07
2024-10-24 09:25:19+00:00,👤 Ankara 2025-02-06
2024-10-24 09:20:18+00:00,👤 Ankara 2025-07-18
2024-10-24 09:20:18+00:00,👤 Ankara 2025-04-16
2024-10-24 09:10:17+00:00,👤 Ankara 2025-06-23
2024-10-24 09:05:19+00:00,👤 Ankara 2025-07-16
2024-10-24 09:05:19+00:00,👤 Ankara 2025-05-22
2024-10-24 09:00:27+00:00,👤 Ankara 2025-07-08
2024-10-24 09:00:24+00:00,👤 Ankara 2025-05-15
2024-10-24 09:00:24+00:00,👤 Ankara 2024-12-03
2024-10-24 08:57:45+00:00,👤 Ankara 2025-07-18
2024-10-24 08:55:21+00:00,👤 Ankara 2025-07-03
2024-10-24 08:55:19+00:00,👤 İstanbul 2025-07-01
2024-10-24 08:55:16+00:00,👤 Ankara 2025-07-09
2024-10-24 08:55:15+00:00,👤 Ankara 2025-03-14
2024-10-24 08:45:18+00:00,👤 Ankara 2025-07-16
2024-10-24 08:40:29+00:00,👥 Ankara 2025-07-10
2024-10-24 08:40:17+00:00,👤 Ankara 2025-07-10
2024-10-24 08:35:21+00:00,👤 Ankara 2025-06-20
2024-10-24 08:35:18+00:00,👤 Ankara 2025-06-13
2024-10-24 08:35:17+00:00,👤 Ankara 2024-11-21
2024-10-24 08:25:16+00:00,👤 İstanbul 2025-06-24
2024-10-24 08:25:15+00:00,👤 İstanbul 2025-02-14
2024-10-24 08:20:17+00:00,👤 İstanbul 2025-01-14
2024-10-24 07:55:18+00:00,👤 Ankara 2025-06-17
2024-10-24 07:55:18+00:00,👤 Ankara 2025-01-13
2024-10-24 07:45:42+00:00,👤 Ankara 2025-04-24
2024-10-24 07:45:25+00:00,👤 Ankara 2025-04-15
2024-10-24 07:45:24+00:00,👤 Ankara 2025-02-24
2024-10-24 07:40:47+00:00,👤 Ankara 2025-06-16
2024-10-24 07:40:27+00:00,👥 Ankara 2025-07-09
2024-10-24 07:40:19+00:00,👤 Ankara 2025-05-21
2024-10-24 07:40:18+00:00,👤 Ankara 2025-04-30
2024-10-24 07:35:18+00:00,👤 Ankara 2025-07-14
2024-10-24 07:25:49+00:00,👤 Ankara 2025-06-30
2024-10-24 07:25:20+00:00,👤 Ankara 2025-06-24
2024-10-24 07:25:20+00:00,👤 Ankara 2025-01-14
2024-10-24 07:25:18+00:00,👤 İstanbul 2025-07-10
2024-10-24 07:20:34+00:00,👤 Ankara 2025-07-08
2024-10-24 07:20:23+00:00,👤 Ankara 2025-04-15
2024-10-24 07:20:20+00:00,👤 İstanbul 2025-07-07
2024-10-24 07:15:18+00:00,👤 Ankara 2025-07-09
2024-10-24 07:10:19+00:00,👤 Ankara 2025-07-02
2024-10-24 07:05:21+00:00,👤 İstanbul 2025-06-27
2024-10-24 07:05:19+00:00,👤 Ankara 2025-05-05
2024-10-24 06:55:30+00:00,👤 Ankara 2025-06-03
2024-10-24 06:55:24+00:00,👤 Ankara 2025-05-20
2024-10-24 06:55:23+00:00,👤 Ankara 2025-02-25
2024-10-24 06:50:18+00:00,👤 Ankara 2025-06-24
2024-10-24 06:50:17+00:00,👤 Ankara 2025-06-04
2024-10-24 06:45:23+00:00,👤 Ankara 2025-06-13
2024-10-24 06:45:22+00:00,👤 Ankara 2025-04-30
2024-10-24 06:40:18+00:00,👤 Ankara 2025-07-08
2024-10-24 06:40:17+00:00,👤 Ankara 2025-04-14
2024-10-24 06:35:22+00:00,👤 Ankara 2025-05-20
2024-10-24 06:35:17+00:00,👤 Ankara 2025-01-06
2024-10-24 06:35:17+00:00,👤 Ankara 2024-12-04
2024-10-24 06:30:40+00:00,👤 Ankara 2025-06-26
2024-10-24 06:30:40+00:00,👤 Ankara 2025-04-24
2024-10-24 06:25:31+00:00,👤 Ankara 2025-07-09
2024-10-24 06:25:31+00:00,👤 Ankara 2025-03-20
2024-10-24 06:20:17+00:00,👤 İstanbul 2024-12-12
2024-10-24 06:00:27+00:00,👤 Ankara 2025-07-08
2024-10-24 05:56:00+00:00,👤 Ankara 2025-06-13
2024-10-24 05:55:19+00:00,👤 Ankara 2025-06-03
2024-10-24 05:55:18+00:00,👤 Ankara 2025-01-23
2024-10-24 05:50:27+00:00,👤 Ankara 2025-05-22
2024-10-24 05:45:24+00:00,👤 Ankara 2025-06-12
2024-10-24 05:40:32+00:00,👤 Ankara 2025-02-25
2024-10-24 05:35:21+00:00,👤 İstanbul 2025-06-16
2024-10-24 05:35:18+00:00,👤 Ankara 2025-01-27
2024-10-24 05:25:21+00:00,👤 Ankara 2025-07-14
2024-10-24 05:25:21+00:00,👤 Ankara 2025-07-01
2024-10-24 05:20:23+00:00,👤 Ankara 2025-03-10
2024-10-24 05:10:22+00:00,👤 Ankara 2025-07-18
2024-10-24 05:10:21+00:00,👤 Ankara 2025-06-20
2024-10-24 05:05:31+00:00,👤 İstanbul 2025-07-07
2024-10-24 05:05:18+00:00,👤 Ankara 2025-01-24
2024-10-24 05:05:18+00:00,👤 Ankara 2025-01-07
2024-10-24 05:00:23+00:00,👤 İstanbul 2025-06-12
2024-10-24 04:55:30+00:00,👤 Ankara 2025-07-17
2024-10-24 04:50:33+00:00,👤 Ankara 2025-06-03
2024-10-24 04:50:32+00:00,👤 Ankara 2025-04-14
2024-10-24 04:48:12+00:00,👤 Ankara 2025-07-18
2024-10-24 04:45:27+00:00,👤 Ankara 2025-07-07
2024-10-24 04:45:17+00:00,👤 İstanbul 2025-06-10
2024-10-24 04:44:41+00:00,👤 Ankara 2025-07-14
2024-10-24 04:44:41+00:00,👤 Ankara 2025-07-03
2024-10-24 04:40:21+00:00,👤 Ankara 2025-06-02
2024-10-24 04:40:20+00:00,👤 Ankara 2025-03-24
2024-10-24 04:39:18+00:00,👤 Ankara 2025-07-03
2024-10-24 04:35:22+00:00,👤 Ankara 2025-05-05
2024-10-24 04:35:21+00:00,👤 Ankara 2025-04-08
2024-10-24 04:30:20+00:00,👤 Ankara 2025-03-20
2024-10-24 04:30:18+00:00,👤 İstanbul 2025-07-07
2024-10-24 04:25:27+00:00,👤 Ankara 2025-02-25
2024-10-24 04:25:26+00:00,👤 Ankara 2025-02-05
2024-10-24 04:20:43+00:00,👤 Ankara 2025-06-30
2024-10-24 04:20:27+00:00,👤 Ankara 2025-06-03
2024-10-24 04:20:26+00:00,👤 Ankara 2025-05-13
2024-10-24 04:15:26+00:00,👤 Ankara 2025-06-23
2024-10-24 04:15:17+00:00,👤 Ankara 2025-05-15
2024-10-24 04:00:23+00:00,👤 İstanbul 2025-01-15
2024-10-24 03:50:30+00:00,👤 Ankara 2024-12-03
2024-10-24 03:45:21+00:00,👤 Ankara 2025-01-27
2024-10-24 03:40:23+00:00,👤 Ankara 2025-03-24
2024-10-24 03:40:22+00:00,👤 Ankara 2025-01-23
2024-10-24 03:40:16+00:00,👤 İstanbul 2025-06-17
2024-10-24 03:35:40+00:00,👤 Ankara 2025-06-26
2024-10-24 03:35:28+00:00,👤 Ankara 2025-03-24
2024-10-24 03:35:27+00:00,👤 Ankara 2025-02-03
2024-10-24 03:34:02+00:00,👤 Ankara 2025-07-16
2024-10-24 03:32:04+00:00,👤 Ankara 2025-07-02
2024-10-24 03:32:03+00:00,👤 Ankara 2025-06-04
2024-10-24 03:30:39+00:00,👤 Ankara 2025-03-20
2024-10-24 03:30:23+00:00,👥 Ankara 2025-07-02
2024-10-24 03:30:23+00:00,👤 Ankara 2025-02-10
2024-10-24 03:30:22+00:00,👤 Ankara 2025-02-06
2024-10-24 03:25:18+00:00,👤 İstanbul 2025-06-17
2024-10-24 03:20:19+00:00,👤 Ankara 2025-01-24
2024-10-24 03:15:46+00:00,👤 Ankara 2025-06-16
2024-10-24 03:15:29+00:00,👤 İstanbul 2025-06-30
2024-10-24 03:15:22+00:00,👤 Ankara 2025-03-19
2024-10-24 03:15:22+00:00,👤 Ankara 2025-02-20
2024-10-24 03:10:51+00:00,👤 Ankara 2025-07-17
2024-10-24 03:10:44+00:00,👤 Ankara 2025-07-16
2024-10-24 03:10:26+00:00,👤 Ankara 2025-05-15
2024-10-24 03:10:26+00:00,👤 Ankara 2025-04-11
2024-10-24 03:08:27+00:00,👤 Ankara 2025-07-09
2024-10-24 03:08:26+00:00,👤 Ankara 2025-07-08
2024-10-24 03:05:23+00:00,👤 Ankara 2025-06-17
2024-10-24 03:05:05+00:00,👤 Ankara 2025-07-09
2024-10-24 03:05:05+00:00,👤 Ankara 2025-07-08
2024-10-24 03:00:20+00:00,👤 Ankara 2025-07-09
2024-10-24 02:58:21+00:00,👤 Ankara 2025-07-08
2024-10-24 02:58:20+00:00,👤 Ankara 2025-07-07
2024-10-24 02:20:18+00:00,👤 İstanbul 2025-06-17
2024-10-24 02:15:17+00:00,👤 İstanbul 2025-03-03
2024-10-24 02:15:17+00:00,👤 İstanbul 2025-01-14
2024-10-24 02:05:20+00:00,👤 İstanbul 2025-01-06
2024-10-24 02:05:18+00:00,👤 Ankara 2025-05-06
2024-10-24 02:05:18+00:00,👤 Ankara 2025-02-27
2024-10-24 02:03:56+00:00,👤 Ankara 2025-07-16
2024-10-24 02:01:57+00:00,👤 Ankara 2025-07-11
2024-10-24 02:00:24+00:00,👤 Ankara 2025-06-24
2024-10-24 02:00:23+00:00,👤 Ankara 2025-06-10
2024-10-24 01:57:12+00:00,👤 Ankara 2025-07-11
2024-10-24 01:55:22+00:00,👤 Ankara 2025-03-07
2024-10-24 01:55:15+00:00,👤 Ankara 2025-05-29
2024-10-24 01:54:25+00:00,👤 Ankara 2025-07-09
2024-10-24 01:54:24+00:00,👤 Ankara 2025-06-20
2024-10-24 01:50:35+00:00,👤 Ankara 2025-07-08
2024-10-24 01:50:24+00:00,👤 Ankara 2025-06-20
2024-10-24 01:50:24+00:00,👤 Ankara 2025-03-14
2024-10-24 01:49:44+00:00,👤 Ankara 2025-07-16
2024-10-24 01:49:44+00:00,👤 Ankara 2025-07-09
2024-10-24 01:45:24+00:00,👤 Ankara 2025-07-16
2024-10-24 01:45:23+00:00,👤 Ankara 2025-07-09
2024-10-24 01:45:18+00:00,👤 İstanbul 2024-12-04
2024-10-24 01:40:28+00:00,👤 Ankara 2025-07-09
2024-10-24 01:40:19+00:00,👤 İstanbul 2025-01-31
2024-10-24 01:38:21+00:00,👤 Ankara 2025-07-16
2024-10-24 01:35:16+00:00,👤 Ankara 2025-07-08
2024-10-24 01:35:15+00:00,👤 Ankara 2025-01-06
2024-10-24 01:32:56+00:00,👤 Ankara 2025-07-16
2024-10-24 01:30:44+00:00,👤 Ankara 2025-05-13
2024-10-24 01:30:26+00:00,👤 Ankara 2025-04-25
2024-10-24 01:30:26+00:00,👤 Ankara 2025-03-04
2024-10-24 01:30:19+00:00,👥 Ankara 2025-07-09
2024-10-24 01:30:18+00:00,👥 Ankara 2025-07-03
2024-10-24 01:25:54+00:00,👤 Ankara 2025-05-06
2024-10-24 01:25:27+00:00,👤 Ankara 2025-04-11
2024-10-24 01:25:26+00:00,👤 Ankara 2025-01-31
2024-10-24 01:25:11+00:00,👤 Ankara 2025-07-18
2024-10-24 01:23:02+00:00,👤 Ankara 2025-07-10
2024-10-24 01:23:01+00:00,👤 Ankara 2025-07-09
2024-10-24 01:20:49+00:00,👤 Ankara 2025-06-27
2024-10-24 01:20:49+00:00,👤 Ankara 2025-02-03
2024-10-24 01:20:20+00:00,👤 İstanbul 2025-01-17
2024-10-24 01:15:40+00:00,👤 İstanbul 2025-06-27
2024-10-24 01:15:21+00:00,👤 Ankara 2025-07-07
2024-10-24 01:15:21+00:00,👤 Ankara 2025-07-01
2024-10-24 01:10:22+00:00,👤 Ankara 2025-07-03
2024-10-24 01:05:33+00:00,👤 Ankara 2025-06-13
2024-10-24 01:05:22+00:00,👤 Ankara 2025-01-28
2024-10-24 01:05:22+00:00,👤 Ankara 2025-01-23
2024-10-24 01:01:58+00:00,👤 İstanbul 2025-07-10
2024-10-24 00:30:17+00:00,👤 İstanbul 2025-07-01
2024-10-24 00:25:18+00:00,👤 İstanbul 2024-11-19
2024-10-24 00:15:20+00:00,👤 İstanbul 2025-01-17
2024-10-24 00:11:35+00:00,👤 Ankara 2025-07-01
2024-10-24 00:10:22+00:00,👤 Ankara 2025-06-27
2024-10-24 00:10:21+00:00,👤 Ankara 2025-01-23
2024-10-24 00:10:18+00:00,👤 İstanbul 2025-06-10
2024-10-24 00:06:59+00:00,👤 Ankara 2025-07-03
2024-10-24 00:05:37+00:00,👤 Ankara 2025-06-26
2024-10-24 00:05:37+00:00,👤 Ankara 2025-01-14
2024-10-24 00:00:29+00:00,👤 Ankara 2025-01-07
2024-10-24 00:00:29+00:00,👤 Ankara 2025-01-03
2024-10-24 00:00:28+00:00,👤 İstanbul 2025-06-02
2024-10-24 00:00:27+00:00,👤 İstanbul 2025-01-23
2024-10-24 00:00:08+00:00,👤 Ankara 2025-07-08
2024-10-24 00:00:07+00:00,👤 Ankara 2025-07-07
2024-10-23 23:56:54+00:00,👤 Ankara 2025-07-02
2024-10-23 23:55:48+00:00,👤 Ankara 2025-02-14
2024-10-23 23:55:47+00:00,👤 Ankara 2025-01-21
2024-10-23 23:55:18+00:00,👤 Ankara 2025-01-07
2024-10-23 23:55:17+00:00,👤 Ankara 2025-01-03
2024-10-23 23:52:52+00:00,👤 Ankara 2025-06-30
2024-10-23 23:50:22+00:00,👤 Ankara 2025-06-18
2024-10-23 23:50:17+00:00,👤 Ankara 2025-05-29
2024-10-23 23:50:16+00:00,👤 Ankara 2024-12-30
2024-10-23 23:48:40+00:00,👤 Ankara 2025-07-08
2024-10-23 23:47:02+00:00,👤 Ankara 2025-07-07
2024-10-23 23:45:52+00:00,👤 Ankara 2025-05-15
2024-10-23 23:45:25+00:00,👤 Ankara 2025-04-16
2024-10-23 23:45:24+00:00,👤 Ankara 2025-01-06
2024-10-23 23:45:20+00:00,👤 İstanbul 2025-06-27
2024-10-23 23:45:19+00:00,👤 İstanbul 2025-02-10
2024-10-23 23:45:10+00:00,👤 Ankara 2025-07-01
2024-10-23 23:45:10+00:00,👤 Ankara 2025-06-24
2024-10-23 23:40:27+00:00,👤 Ankara 2025-01-06
2024-10-23 23:40:07+00:00,👤 Ankara 2025-06-20
2024-10-23 23:38:29+00:00,👤 Ankara 2025-05-29
2024-10-23 23:36:49+00:00,👤 Ankara 2025-03-14
2024-10-23 23:35:47+00:00,👤 Ankara 2025-02-25
2024-10-23 23:35:26+00:00,👤 Ankara 2025-02-03
2024-10-23 23:35:25+00:00,👤 Ankara 2025-01-02
2024-10-23 23:33:00+00:00,👤 Ankara 2025-07-01
2024-10-23 23:30:35+00:00,👤 Ankara 2025-06-17
2024-10-23 23:30:24+00:00,👤 Ankara 2025-06-03
2024-10-23 23:30:23+00:00,👤 Ankara 2025-05-12
2024-10-23 23:29:23+00:00,👤 Ankara 2025-06-26
2024-10-23 23:29:22+00:00,👤 Ankara 2025-06-24
2024-10-23 23:25:16+00:00,👤 Ankara 2025-05-22
2024-10-23 23:25:15+00:00,👤 Ankara 2025-04-28
2024-10-23 23:25:04+00:00,👤 Ankara 2025-06-24
2024-10-23 23:23:11+00:00,👤 Ankara 2025-06-13
2024-10-23 23:23:10+00:00,👤 Ankara 2025-06-10
2024-10-23 23:18:33+00:00,👤 Ankara 2025-06-13
2024-10-23 23:18:32+00:00,👤 Ankara 2025-06-10
2024-10-23 23:15:06+00:00,👤 Ankara 2025-06-10
2024-10-23 23:15:05+00:00,👤 Ankara 2025-06-02
2024-10-23 23:10:22+00:00,👤 Ankara 2025-05-06
2024-10-23 23:09:11+00:00,👤 Ankara 2025-06-10
2024-10-23 23:06:59+00:00,👤 Ankara 2025-06-02
2024-10-23 23:06:58+00:00,👤 Ankara 2025-04-17
2024-10-23 22:30:18+00:00,👤 İstanbul 2025-03-28
2024-10-23 22:15:49+00:00,👤 Ankara 2025-06-13
2024-10-23 22:15:24+00:00,👤 Ankara 2025-02-21
2024-10-23 22:15:24+00:00,👤 Ankara 2025-02-20
2024-10-23 22:10:43+00:00,👤 Ankara 2025-07-09
2024-10-23 22:10:18+00:00,👤 Ankara 2025-03-06
2024-10-23 22:10:17+00:00,👤 Ankara 2025-01-07
2024-10-23 22:07:09+00:00,👤 Ankara 2025-07-09
2024-10-23 22:07:09+00:00,👤 Ankara 2025-06-12
2024-10-23 22:05:48+00:00,👤 Ankara 2025-06-10
2024-10-23 22:05:47+00:00,👤 Ankara 2025-05-30
2024-10-23 22:05:35+00:00,👤 Ankara 2025-05-21
2024-10-23 22:05:34+00:00,👤 Ankara 2025-02-05
2024-10-23 22:00:27+00:00,👤 Ankara 2025-07-10
2024-10-23 22:00:20+00:00,👤 Ankara 2025-07-09
2024-10-23 21:55:28+00:00,👤 Ankara 2025-05-29
2024-10-23 21:55:19+00:00,👤 Ankara 2025-04-16
2024-10-23 21:55:18+00:00,👤 Ankara 2025-02-19
2024-10-23 21:55:17+00:00,👤 İstanbul 2025-01-02
2024-10-23 21:50:17+00:00,👤 Ankara 2025-07-14
2024-10-23 21:50:17+00:00,👤 Ankara 2025-04-15
2024-10-23 21:40:58+00:00,👤 Ankara 2025-07-17
2024-10-23 21:40:40+00:00,👤 Ankara 2025-05-05
2024-10-23 21:40:35+00:00,👤 Ankara 2025-04-30
2024-10-23 21:40:20+00:00,👤 Ankara 2025-01-17
2024-10-23 21:40:20+00:00,👤 Ankara 2024-12-19
2024-10-23 21:40:16+00:00,👤 İstanbul 2025-06-23
2024-10-23 21:35:16+00:00,👤 Ankara 2025-01-17
2024-10-23 21:31:47+00:00,👤 Ankara 2025-07-16
2024-10-23 21:30:39+00:00,👤 Ankara 2025-07-02
2024-10-23 21:30:19+00:00,👤 Ankara 2025-06-12
2024-10-23 21:30:19+00:00,👤 Ankara 2025-06-04
2024-10-23 21:25:16+00:00,👤 Ankara 2025-07-01
2024-10-23 21:25:15+00:00,👤 Ankara 2025-05-30
2024-10-23 21:25:15+00:00,👤 İstanbul 2025-01-10
2024-10-23 21:20:32+00:00,👤 Ankara 2025-07-14
2024-10-23 21:20:19+00:00,👤 Ankara 2025-06-12
2024-10-23 21:20:18+00:00,👤 Ankara 2025-01-06
2024-10-23 21:15:38+00:00,👤 Ankara 2025-07-09
2024-10-23 21:15:16+00:00,👤 Ankara 2025-06-13
2024-10-23 21:15:16+00:00,👤 Ankara 2025-04-25
2024-10-23 21:10:19+00:00,👤 İstanbul 2025-06-10
2024-10-23 21:10:17+00:00,👤 Ankara 2025-07-17
2024-10-23 21:05:56+00:00,👤 Ankara 2025-07-07
2024-10-23 21:05:34+00:00,👤 Ankara 2025-06-20
2024-10-23 21:05:24+00:00,👤 Ankara 2025-05-06
2024-10-23 21:05:23+00:00,👤 Ankara 2025-03-20
2024-10-23 20:35:27+00:00,👤 İstanbul 2024-11-21
2024-10-23 20:30:23+00:00,👤 Ankara 2024-11-04
2024-10-23 20:30:17+00:00,👤 İstanbul 2025-06-23
2024-10-23 20:20:56+00:00,👤 Ankara 2025-07-01
2024-10-23 20:20:34+00:00,👤 Ankara 2025-06-27
2024-10-23 20:20:17+00:00,👤 Ankara 2025-06-24
2024-10-23 20:20:16+00:00,👤 Ankara 2025-02-27
2024-10-23 20:15:27+00:00,👤 Ankara 2025-07-03
2024-10-23 20:15:17+00:00,👤 Ankara 2025-05-13
2024-10-23 20:15:16+00:00,👤 Ankara 2025-05-12
2024-10-23 20:10:33+00:00,👤 Ankara 2025-07-17
2024-10-23 20:10:32+00:00,👤 Ankara 2025-06-23
2024-10-23 20:05:17+00:00,👤 Ankara 2025-02-25
2024-10-23 20:00:21+00:00,👤 Ankara 2025-04-16
2024-10-23 19:55:19+00:00,👤 Ankara 2025-06-10
2024-10-23 19:55:18+00:00,👤 Ankara 2025-01-31
2024-10-23 19:50:34+00:00,👤 Ankara 2025-07-16
2024-10-23 19:50:16+00:00,👤 İstanbul 2025-06-23
2024-10-23 19:50:16+00:00,👤 Ankara 2025-07-09
2024-10-23 19:50:16+00:00,👤 İstanbul 2025-06-17
2024-10-23 19:50:15+00:00,👤 Ankara 2025-05-15
2024-10-23 19:45:25+00:00,👤 Ankara 2025-06-17
2024-10-23 19:45:18+00:00,👤 Ankara 2025-05-13
2024-10-23 19:45:17+00:00,👤 Ankara 2025-02-24
2024-10-23 19:40:18+00:00,👤 Ankara 2025-04-29
2024-10-23 19:40:18+00:00,👤 Ankara 2025-04-14
2024-10-23 19:35:25+00:00,👤 Ankara 2025-07-09
2024-10-23 19:35:19+00:00,👤 Ankara 2025-07-08
2024-10-23 19:35:18+00:00,👤 Ankara 2025-03-24
2024-10-23 19:30:21+00:00,👤 Ankara 2025-07-03
2024-10-23 19:30:18+00:00,👤 Ankara 2025-03-18
2024-10-23 19:30:17+00:00,👤 Ankara 2025-02-25
2024-10-23 19:25:27+00:00,👤 Ankara 2025-07-18
2024-10-23 19:25:22+00:00,👤 Ankara 2025-03-07
2024-10-23 19:25:22+00:00,👤 Ankara 2025-01-13
2024-10-23 19:20:19+00:00,👤 Ankara 2025-05-22
2024-10-23 19:20:18+00:00,👤 Ankara 2025-01-31
2024-10-23 19:10:36+00:00,👤 Ankara 2025-06-26
2024-10-23 19:10:27+00:00,👤 İstanbul 2025-06-12
2024-10-23 19:10:20+00:00,👤 Ankara 2025-06-20
2024-10-23 19:10:19+00:00,👤 Ankara 2025-01-23
2024-10-23 19:05:17+00:00,👤 Ankara 2024-11-21
2024-10-23 19:00:22+00:00,👤 Ankara 2025-04-21
2024-10-23 18:35:23+00:00,👤 Ankara 2025-06-10
2024-10-23 18:35:22+00:00,👤 Ankara 2025-05-23
2024-10-23 18:30:40+00:00,👤 Ankara 2025-07-14
2024-10-23 18:30:20+00:00,👤 Ankara 2025-07-09
2024-10-23 18:30:20+00:00,👤 Ankara 2025-05-05
2024-10-23 18:25:34+00:00,👤 Ankara 2025-07-03
2024-10-23 18:25:21+00:00,👤 Ankara 2025-06-10
2024-10-23 18:25:20+00:00,👤 Ankara 2025-04-08
2024-10-23 18:20:26+00:00,👤 Ankara 2025-06-02
2024-10-23 18:20:26+00:00,👤 Ankara 2025-02-21
2024-10-23 18:15:24+00:00,👤 Ankara 2025-07-16
2024-10-23 18:15:23+00:00,👤 Ankara 2025-02-04
2024-10-23 18:10:21+00:00,👤 Ankara 2025-07-11
2024-10-23 18:10:20+00:00,👤 Ankara 2025-06-16
2024-10-23 18:05:20+00:00,👤 Ankara 2025-06-10
2024-10-23 18:05:20+00:00,👤 Ankara 2025-02-20
2024-10-23 18:05:17+00:00,👤 Ankara 2025-07-14
2024-10-23 18:05:16+00:00,👤 Ankara 2025-06-12
2024-10-23 18:00:23+00:00,👤 Ankara 2025-07-02
2024-10-23 18:00:22+00:00,👤 Ankara 2025-05-06
2024-10-23 17:55:20+00:00,👤 Ankara 2025-06-13
2024-10-23 17:51:49+00:00,👤 Ankara 2025-06-17
2024-10-23 17:50:52+00:00,👤 Ankara 2025-04-17
2024-10-23 17:50:48+00:00,👤 Ankara 2025-04-16
2024-10-23 17:50:37+00:00,👤 Ankara 2025-03-20
2024-10-23 17:50:18+00:00,👤 Ankara 2025-03-05
2024-10-23 17:50:18+00:00,👤 Ankara 2025-02-19
2024-10-23 17:50:15+00:00,👤 Ankara 2025-07-16
2024-10-23 17:45:32+00:00,👤 Ankara 2025-07-08
2024-10-23 17:45:20+00:00,👤 Ankara 2025-01-07
2024-10-23 17:45:19+00:00,👤 Ankara 2025-01-03
2024-10-23 17:45:16+00:00,👤 Ankara 2025-03-24
2024-10-23 17:45:16+00:00,👤 Ankara 2025-01-08
2024-10-23 17:40:57+00:00,👤 Ankara 2025-07-10
2024-10-23 17:40:44+00:00,👤 Ankara 2025-05-05
2024-10-23 17:40:24+00:00,👥 Ankara 2025-07-10
2024-10-23 17:40:24+00:00,👥 Ankara 2025-05-23
2024-10-23 17:40:17+00:00,👤 İstanbul 2025-07-10
2024-10-23 17:40:17+00:00,👤 Ankara 2025-03-24
2024-10-23 17:40:16+00:00,👤 Ankara 2025-01-21
2024-10-23 17:39:28+00:00,👤 Ankara 2025-07-08
2024-10-23 17:35:56+00:00,👤 Ankara 2025-07-08
2024-10-23 17:35:18+00:00,👤 İstanbul 2025-01-10
2024-10-23 17:35:18+00:00,👤 İstanbul 2025-01-09
2024-10-23 17:35:16+00:00,👤 Ankara 2025-06-17
2024-10-23 17:35:15+00:00,👤 Ankara 2025-03-14
2024-10-23 17:30:22+00:00,👤 Ankara 2025-07-11
2024-10-23 17:30:18+00:00,👤 Ankara 2025-01-23
2024-10-23 17:25:50+00:00,👤 Ankara 2025-06-16
2024-10-23 17:25:18+00:00,👤 Ankara 2025-01-23
2024-10-23 17:25:17+00:00,👤 Ankara 2025-01-16
2024-10-23 17:25:16+00:00,👤 İstanbul 2025-07-11
2024-10-23 17:20:47+00:00,👤 Ankara 2025-02-12
2024-10-23 17:20:37+00:00,👤 Ankara 2025-01-30
2024-10-23 17:20:36+00:00,👤 Ankara 2025-01-08
2024-10-23 17:20:23+00:00,👤 İstanbul 2025-07-07
2024-10-23 17:20:22+00:00,👤 İstanbul 2025-06-16
2024-10-23 17:15:41+00:00,👤 Ankara 2025-01-10
2024-10-23 17:15:32+00:00,👤 Ankara 2025-01-08
2024-10-23 17:15:27+00:00,👤 Ankara 2025-01-07
2024-10-23 17:15:26+00:00,👤 Ankara 2025-01-06
2024-10-23 17:15:23+00:00,👤 İstanbul 2025-07-07
2024-10-23 17:10:54+00:00,👤 Ankara 2025-05-21
2024-10-23 17:10:36+00:00,👤 Ankara 2025-05-13
2024-10-23 17:10:19+00:00,👤 Ankara 2025-01-23
2024-10-23 17:10:18+00:00,👤 Ankara 2025-01-21
2024-10-23 17:07:14+00:00,👤 Ankara 2025-06-26
2024-10-23 17:05:43+00:00,👤 Ankara 2025-05-21
2024-10-23 17:05:30+00:00,👤 Ankara 2025-04-18
2024-10-23 17:05:25+00:00,👥 Ankara 2025-01-21
2024-10-23 17:05:24+00:00,👤 Ankara 2025-01-24
2024-10-23 17:05:24+00:00,👤 Ankara 2025-01-21
2024-10-23 17:00:25+00:00,👥 Ankara 2025-07-18
2024-10-23 16:50:18+00:00,👤 Ankara 2025-01-06
2024-10-23 16:45:35+00:00,👤 Ankara 2025-06-23
2024-10-23 16:45:21+00:00,👤 Ankara 2025-06-13
2024-10-23 16:45:20+00:00,👤 Ankara 2025-01-09
2024-10-23 16:45:18+00:00,👤 İstanbul 2025-01-29
2024-10-23 16:45:17+00:00,👤 İstanbul 2025-01-15
2024-10-23 16:45:17+00:00,👥 Ankara 2025-01-09
2024-10-23 16:45:15+00:00,👤 Ankara 2025-07-08
2024-10-23 16:40:30+00:00,👤 Ankara 2025-05-30
2024-10-23 16:40:27+00:00,👤 İstanbul 2025-06-23
2024-10-23 16:40:26+00:00,👤 İstanbul 2025-06-02
2024-10-23 16:40:17+00:00,👥 İstanbul 2025-06-02
2024-10-23 16:40:17+00:00,👤 Ankara 2025-05-08
2024-10-23 16:40:16+00:00,👤 Ankara 2025-01-06
2024-10-23 16:35:30+00:00,👤 Ankara 2025-07-10
2024-10-23 16:35:27+00:00,👤 Ankara 2025-02-07
2024-10-23 16:35:21+00:00,👤 İstanbul 2025-01-31
2024-10-23 16:35:20+00:00,👤 İstanbul 2025-01-15
2024-10-23 16:35:18+00:00,👤 Ankara 2025-01-16
2024-10-23 16:35:17+00:00,👤 Ankara 2025-01-07
2024-10-23 16:30:48+00:00,👤 Ankara 2025-07-16
2024-10-23 16:30:47+00:00,👤 Ankara 2025-05-29
2024-10-23 16:30:35+00:00,👤 Ankara 2025-02-24
2024-10-23 16:30:21+00:00,👤 Ankara 2025-01-13
2024-10-23 16:30:20+00:00,👤 Ankara 2025-01-07
2024-10-23 16:27:07+00:00,👤 Ankara 2025-07-10
2024-10-23 16:26:02+00:00,👤 Ankara 2025-05-20
2024-10-23 16:25:56+00:00,👤 Ankara 2025-02-20
2024-10-23 16:25:51+00:00,👤 Ankara 2025-02-03
2024-10-23 16:25:42+00:00,👤 Ankara 2025-01-30
2024-10-23 16:25:25+00:00,👤 Ankara 2025-01-07
2024-10-23 16:25:24+00:00,👤 Ankara 2025-01-03
2024-10-23 16:25:23+00:00,👤 Ankara 2024-12-31
2024-10-23 16:20:41+00:00,👤 Ankara 2025-07-10
2024-10-23 16:20:29+00:00,👤 Ankara 2025-01-27
2024-10-23 16:20:22+00:00,👤 Ankara 2025-01-21
2024-10-23 16:20:22+00:00,👤 Ankara 2025-01-07
2024-10-23 16:20:17+00:00,👤 İstanbul 2025-06-17
2024-10-23 16:16:47+00:00,👤 Ankara 2025-07-02
2024-10-23 16:15:52+00:00,👤 Ankara 2025-05-29
2024-10-23 16:15:38+00:00,👤 Ankara 2025-05-22
2024-10-23 16:15:27+00:00,👤 Ankara 2025-03-20
2024-10-23 16:15:16+00:00,👤 Ankara 2025-03-04
2024-10-23 16:15:15+00:00,👤 Ankara 2025-01-21
2024-10-23 16:11:46+00:00,👤 Ankara 2025-07-09
2024-10-23 16:10:51+00:00,👤 Ankara 2025-06-24
2024-10-23 16:10:47+00:00,👤 Ankara 2025-06-16
2024-10-23 16:10:26+00:00,👤 Ankara 2025-01-03
2024-10-23 16:10:20+00:00,👤 Ankara 2024-12-17
2024-10-23 16:10:17+00:00,👤 Ankara 2025-01-06
2024-10-23 16:10:16+00:00,👤 Ankara 2024-12-31
2024-10-23 16:05:34+00:00,👤 Ankara 2025-05-21
2024-10-23 16:05:18+00:00,👤 Ankara 2025-02-10
2024-10-23 16:05:18+00:00,👤 Ankara 2025-01-23
2024-10-23 16:05:17+00:00,👤 İstanbul 2025-01-15
2024-10-23 16:01:43+00:00,👤 Ankara 2025-06-30
2024-10-23 16:00:54+00:00,👤 Ankara 2025-05-22
2024-10-23 16:00:53+00:00,👤 Ankara 2025-04-28
2024-10-23 16:00:36+00:00,👤 Ankara 2025-02-19
2024-10-23 16:00:24+00:00,👤 Ankara 2025-02-06
2024-10-23 16:00:22+00:00,👤 Ankara 2025-02-05
2024-10-23 16:00:22+00:00,👤 Ankara 2024-12-12
2024-10-23 15:56:38+00:00,👤 Ankara 2025-07-16
2024-10-23 15:55:58+00:00,👤 Ankara 2025-06-16
2024-10-23 15:55:41+00:00,👤 Ankara 2025-06-04
2024-10-23 15:55:37+00:00,👤 Ankara 2025-05-21
2024-10-23 15:55:19+00:00,👤 Ankara 2025-03-06
2024-10-23 15:55:18+00:00,👤 Ankara 2025-01-21
2024-10-23 15:50:30+00:00,👤 Ankara 2025-07-16
2024-10-23 15:50:25+00:00,👤 Ankara 2025-07-14
2024-10-23 15:50:25+00:00,👤 Ankara 2025-01-06
2024-10-23 15:45:29+00:00,👤 Ankara 2025-04-29
2024-10-23 15:45:28+00:00,👤 Ankara 2025-02-12
2024-10-23 15:40:44+00:00,👤 Ankara 2025-07-08
2024-10-23 15:40:20+00:00,👤 Ankara 2025-05-05
2024-10-23 15:40:19+00:00,👤 Ankara 2025-01-21
2024-10-23 15:35:58+00:00,👤 Ankara 2025-07-09
2024-10-23 15:35:51+00:00,👤 Ankara 2025-04-22
2024-10-23 15:35:47+00:00,👤 Ankara 2025-04-11
2024-10-23 15:35:24+00:00,👤 İstanbul 2025-03-04
2024-10-23 15:35:19+00:00,👤 İstanbul 2025-01-30
2024-10-23 15:35:17+00:00,👤 Ankara 2025-01-21
2024-10-23 15:35:16+00:00,👤 Ankara 2025-01-17
2024-10-23 15:35:14+00:00,👤 İstanbul 2025-01-23
2024-10-23 15:30:43+00:00,👤 Ankara 2025-06-03
2024-10-23 15:30:29+00:00,👤 Ankara 2025-02-10
2024-10-23 15:30:28+00:00,👤 Ankara 2025-01-27
2024-10-23 15:30:18+00:00,👤 İstanbul 2025-06-17
2024-10-23 15:25:47+00:00,👤 Ankara 2025-07-01
2024-10-23 15:25:36+00:00,👤 Ankara 2025-03-14
2024-10-23 15:25:17+00:00,👤 Ankara 2025-02-04
2024-10-23 15:25:17+00:00,👤 Ankara 2025-01-27
2024-10-23 15:25:16+00:00,👤 İstanbul 2025-03-27
2024-10-23 15:20:59+00:00,👤 Ankara 2025-07-10
2024-10-23 15:20:49+00:00,👤 Ankara 2025-06-12
2024-10-23 15:20:31+00:00,👤 Ankara 2025-05-12
2024-10-23 15:20:27+00:00,👤 Ankara 2025-04-16
2024-10-23 15:20:26+00:00,👤 Ankara 2025-03-21
2024-10-23 15:20:20+00:00,👤 İstanbul 2025-02-10
2024-10-23 15:15:37+00:00,👤 Ankara 2025-02-21
2024-10-23 15:15:30+00:00,👤 Ankara 2025-01-08
2024-10-23 15:15:29+00:00,👤 Ankara 2025-01-06
2024-10-23 15:10:54+00:00,👤 Ankara 2025-06-26
2024-10-23 15:10:49+00:00,👤 Ankara 2025-05-29
2024-10-23 15:10:49+00:00,👤 Ankara 2025-03-10
2024-10-23 15:10:41+00:00,👤 Ankara 2025-02-27
2024-10-23 15:10:28+00:00,👤 Ankara 2025-02-03
2024-10-23 15:10:27+00:00,👤 Ankara 2025-01-28
2024-10-23 15:10:21+00:00,👤 İstanbul 2025-01-28
2024-10-23 15:10:21+00:00,👥 Ankara 2025-06-26
2024-10-23 15:10:17+00:00,👤 Ankara 2025-01-09
2024-10-23 15:10:16+00:00,👤 Ankara 2025-01-06
2024-10-23 15:05:56+00:00,👤 Ankara 2025-07-03
2024-10-23 15:05:45+00:00,👤 Ankara 2025-06-26
2024-10-23 15:05:35+00:00,👤 Ankara 2025-06-24
2024-10-23 15:05:22+00:00,👥 Ankara 2025-06-26
2024-10-23 15:05:19+00:00,👤 İstanbul 2025-06-10
2024-10-23 15:05:18+00:00,👤 Ankara 2025-02-10
2024-10-23 15:05:17+00:00,👤 Ankara 2025-01-31
2024-10-23 15:05:17+00:00,👤 İstanbul 2025-01-06
2024-10-23 15:00:39+00:00,👤 Ankara 2025-07-03
2024-10-23 15:00:26+00:00,👤 İstanbul 2025-06-23
2024-10-23 15:00:22+00:00,👤 Ankara 2025-01-31
2024-10-23 15:00:21+00:00,👤 Ankara 2025-01-13
2024-10-23 15:00:20+00:00,👤 Ankara 2025-05-22
2024-10-23 14:55:17+00:00,👤 Ankara 2025-06-16
2024-10-23 14:55:16+00:00,👤 Ankara 2025-03-07
2024-10-23 14:55:15+00:00,👤 Ankara 2025-07-11
2024-10-23 14:50:50+00:00,👤 Ankara 2025-06-27
2024-10-23 14:50:44+00:00,👤 Ankara 2025-06-03
2024-10-23 14:50:36+00:00,👤 Ankara 2025-05-22
2024-10-23 14:50:20+00:00,👤 İstanbul 2025-06-27
2024-10-23 14:50:20+00:00,👤 İstanbul 2025-01-15
2024-10-23 14:50:18+00:00,👤 Ankara 2025-05-06
2024-10-23 14:50:17+00:00,👤 Ankara 2025-02-14
2024-10-23 14:50:17+00:00,👤 Ankara 2025-05-06
2024-10-23 14:45:36+00:00,👤 Ankara 2025-01-15
2024-10-23 14:45:16+00:00,👤 Ankara 2025-01-02
2024-10-23 14:45:16+00:00,👤 Ankara 2025-01-08
2024-10-23 14:45:15+00:00,👤 Ankara 2025-01-06
2024-10-23 14:40:56+00:00,👤 Ankara 2025-07-17
2024-10-23 14:40:36+00:00,👤 Ankara 2025-04-16
2024-10-23 14:40:30+00:00,👤 Ankara 2025-01-10
2024-10-23 14:40:26+00:00,👥 Ankara 2025-05-15
2024-10-23 14:40:25+00:00,👥 Ankara 2025-01-10
2024-10-23 14:40:18+00:00,👤 Ankara 2025-01-03
2024-10-23 14:40:17+00:00,👤 İstanbul 2025-07-07
2024-10-23 14:40:16+00:00,👤 Ankara 2025-05-15
2024-10-23 14:40:15+00:00,👤 Ankara 2025-01-08
2024-10-23 14:35:34+00:00,👤 Ankara 2025-05-22
2024-10-23 14:35:21+00:00,👤 Ankara 2025-04-21
2024-10-23 14:35:17+00:00,👤 Ankara 2025-02-10
2024-10-23 14:35:17+00:00,👤 Ankara 2025-01-03
2024-10-23 14:30:31+00:00,👤 Ankara 2025-07-16
2024-10-23 14:30:22+00:00,👤 Ankara 2025-01-23
2024-10-23 14:30:18+00:00,👤 Ankara 2025-06-03
2024-10-23 14:30:17+00:00,👤 Ankara 2025-01-08
2024-10-23 14:25:33+00:00,👤 Ankara 2025-07-14
2024-10-23 14:25:30+00:00,👤 Ankara 2025-06-03
2024-10-23 14:25:16+00:00,👤 Ankara 2025-02-27
2024-10-23 14:25:16+00:00,👤 Ankara 2025-01-07
2024-10-23 14:20:37+00:00,👤 Ankara 2025-05-30
2024-10-23 14:20:31+00:00,👤 Ankara 2025-05-06
2024-10-23 14:20:21+00:00,👤 Ankara 2025-02-20
2024-10-23 14:20:20+00:00,👤 Ankara 2025-01-30
2024-10-23 14:20:17+00:00,👤 İstanbul 2025-01-31
2024-10-23 14:20:17+00:00,👥 Ankara 2025-05-30
2024-10-23 14:15:39+00:00,👤 Ankara 2025-05-05
2024-10-23 14:15:26+00:00,👤 Ankara 2025-03-14
2024-10-23 14:15:25+00:00,👤 Ankara 2025-02-06
2024-10-23 14:05:20+00:00,👤 İstanbul 2025-01-14
2024-10-23 14:00:49+00:00,👤 Ankara 2025-04-07
2024-10-23 14:00:37+00:00,👤 Ankara 2025-02-06
2024-10-23 14:00:26+00:00,👤 Ankara 2025-01-31
2024-10-23 14:00:25+00:00,👤 Ankara 2025-01-06
2024-10-23 13:55:31+00:00,👤 Ankara 2025-01-17
2024-10-23 13:55:27+00:00,👤 Ankara 2025-01-06
2024-10-23 13:55:26+00:00,👤 Ankara 2025-01-02
2024-10-23 13:50:47+00:00,👤 Ankara 2025-07-10
2024-10-23 13:50:40+00:00,👤 Ankara 2025-04-30
2024-10-23 13:50:38+00:00,👤 Ankara 2025-02-25
2024-10-23 13:50:34+00:00,👤 Ankara 2025-01-31
2024-10-23 13:50:33+00:00,👤 Ankara 2025-01-16
2024-10-23 13:50:20+00:00,👤 İstanbul 2025-06-30
2024-10-23 13:46:02+00:00,👤 Ankara 2025-06-26
2024-10-23 13:45:47+00:00,👤 Ankara 2025-05-13
2024-10-23 13:45:46+00:00,👤 Ankara 2025-04-08
2024-10-23 13:45:32+00:00,👤 Ankara 2025-02-18
2024-10-23 13:45:21+00:00,👤 Ankara 2025-01-23
2024-10-23 13:45:20+00:00,👤 Ankara 2025-01-07
2024-10-23 13:40:59+00:00,👤 Ankara 2025-07-03
2024-10-23 13:40:30+00:00,👤 Ankara 2025-02-25
2024-10-23 13:40:29+00:00,👤 Ankara 2025-02-10
2024-10-23 13:40:15+00:00,👤 Ankara 2025-05-13
2024-10-23 13:40:14+00:00,👤 Ankara 2025-01-03
2024-10-23 13:30:36+00:00,👤 Ankara 2025-05-13
2024-10-23 13:30:36+00:00,👤 Ankara 2025-05-05
2024-10-23 13:30:28+00:00,👤 Ankara 2025-04-07
2024-10-23 13:30:17+00:00,👤 Ankara 2025-01-13
2024-10-23 13:30:17+00:00,👤 Ankara 2025-01-10
2024-10-23 13:25:19+00:00,👤 İstanbul 2025-06-12
2024-10-23 13:25:18+00:00,👤 İstanbul 2025-01-30
2024-10-23 13:25:17+00:00,👤 Ankara 2025-07-03
2024-10-23 13:25:17+00:00,👤 Ankara 2025-01-08
2024-10-23 13:20:57+00:00,👤 Ankara 2025-05-27
2024-10-23 13:20:53+00:00,👤 Ankara 2025-05-15
2024-10-23 13:20:39+00:00,👤 Ankara 2025-04-30
2024-10-23 13:20:30+00:00,👤 Ankara 2025-04-11
2024-10-23 13:20:20+00:00,👤 Ankara 2025-03-11
2024-10-23 13:20:17+00:00,👤 Ankara 2025-02-11
2024-10-23 13:20:16+00:00,👤 Ankara 2024-12-04
2024-10-23 13:15:46+00:00,👤 Ankara 2025-07-17
2024-10-23 13:15:39+00:00,👤 Ankara 2025-04-16
2024-10-23 13:15:20+00:00,👤 Ankara 2025-03-27
2024-10-23 13:15:19+00:00,👤 Ankara 2025-02-03
2024-10-23 13:15:18+00:00,👤 İstanbul 2025-01-30
2024-10-23 13:15:17+00:00,👤 İstanbul 2025-01-10
2024-10-23 13:10:58+00:00,👤 Ankara 2025-07-02
2024-10-23 13:10:20+00:00,👤 Ankara 2025-02-21
2024-10-23 13:10:19+00:00,👤 İstanbul 2025-01-10
2024-10-23 13:10:18+00:00,👤 Ankara 2025-06-17
2024-10-23 13:10:17+00:00,👤 Ankara 2025-02-24
2024-10-23 13:10:17+00:00,👤 İstanbul 2025-06-27
2024-10-23 13:05:59+00:00,👤 Ankara 2025-06-24
2024-10-23 13:05:44+00:00,👤 Ankara 2025-06-13
2024-10-23 13:05:35+00:00,👤 Ankara 2025-06-10
2024-10-23 13:05:28+00:00,👤 İstanbul 2025-07-14
2024-10-23 13:05:21+00:00,👤 Ankara 2025-05-20
2024-10-23 13:05:18+00:00,👤 Ankara 2025-02-19
2024-10-23 13:05:17+00:00,👤 Ankara 2024-11-14
2024-10-23 13:00:49+00:00,👤 Ankara 2025-07-01
2024-10-23 13:00:40+00:00,👤 Ankara 2025-06-10
2024-10-23 13:00:36+00:00,👤 Ankara 2025-05-13
2024-10-23 13:00:26+00:00,👤 Ankara 2025-02-25
2024-10-23 13:00:21+00:00,👤 Ankara 2025-01-07
2024-10-23 13:00:20+00:00,👤 Ankara 2025-01-03
2024-10-23 12:55:15+00:00,👤 Ankara 2025-05-27
2024-10-23 12:50:36+00:00,👤 Ankara 2025-07-03
2024-10-23 12:50:26+00:00,👤 Ankara 2025-02-10
2024-10-23 12:50:19+00:00,👤 Ankara 2025-01-13
2024-10-23 12:50:18+00:00,👤 Ankara 2024-12-31
2024-10-23 12:45:57+00:00,👤 Ankara 2025-06-30
2024-10-23 12:45:47+00:00,👤 Ankara 2025-06-10
2024-10-23 12:45:29+00:00,👤 Ankara 2025-02-21
2024-10-23 12:45:24+00:00,👤 Ankara 2025-01-15
2024-10-23 12:45:24+00:00,👤 Ankara 2025-01-08
2024-10-23 12:45:18+00:00,👤 İstanbul 2025-01-13
2024-10-23 12:45:17+00:00,👥 İstanbul 2025-01-13
2024-10-23 12:40:44+00:00,👤 Ankara 2025-06-04
2024-10-23 12:40:29+00:00,👥 Ankara 2025-07-18
2024-10-23 12:40:29+00:00,👤 Ankara 2025-02-14
2024-10-23 12:40:28+00:00,👥 Ankara 2025-04-21
2024-10-23 12:40:22+00:00,👤 Ankara 2025-01-15
2024-10-23 12:40:20+00:00,👤 Ankara 2024-12-17
2024-10-23 12:40:19+00:00,👤 Ankara 2024-12-11
2024-10-23 12:35:33+00:00,👤 Ankara 2025-01-14
2024-10-23 12:35:19+00:00,👤 Ankara 2025-01-09
2024-10-23 12:35:19+00:00,👤 Ankara 2025-01-07
2024-10-23 12:35:16+00:00,👤 Ankara 2025-07-08
2024-10-23 12:35:15+00:00,👤 Ankara 2025-01-24
2024-10-23 12:30:36+00:00,👤 Ankara 2025-06-12
2024-10-23 12:30:23+00:00,👤 Ankara 2025-01-28
2024-10-23 12:30:18+00:00,👤 Ankara 2025-01-31
2024-10-23 12:30:18+00:00,👤 Ankara 2025-07-02
2024-10-23 12:15:20+00:00,👤 İstanbul 2025-01-15
2024-10-23 12:15:19+00:00,👤 İstanbul 2025-01-07
2024-10-23 12:10:17+00:00,👥 Ankara 2025-01-06
2024-10-23 12:05:42+00:00,👤 Ankara 2025-07-16
2024-10-23 12:05:39+00:00,👤 Ankara 2025-04-15
2024-10-23 12:05:20+00:00,👤 Ankara 2025-01-30
2024-10-23 12:05:19+00:00,👥 Ankara 2025-01-30
2024-10-23 12:05:19+00:00,👤 Ankara 2025-01-14
2024-10-23 12:05:16+00:00,👤 İstanbul 2025-01-28
2024-10-23 12:00:25+00:00,👤 Ankara 2025-06-24
2024-10-23 12:00:25+00:00,👤 Ankara 2025-01-03
2024-10-23 11:55:53+00:00,👤 Ankara 2025-06-12
2024-10-23 11:55:27+00:00,👤 Ankara 2025-05-20
2024-10-23 11:55:18+00:00,👤 İstanbul 2025-07-01
2024-10-23 11:55:17+00:00,👤 Ankara 2025-05-05
2024-10-23 11:55:17+00:00,👤 İstanbul 2025-06-17
2024-10-23 11:55:16+00:00,👤 Ankara 2025-01-07
2024-10-23 11:55:16+00:00,👥 İstanbul 2025-07-01
2024-10-23 11:50:19+00:00,👤 Ankara 2025-02-19
2024-10-23 11:50:17+00:00,👤 Ankara 2025-06-10
2024-10-23 11:50:16+00:00,👤 Ankara 2025-02-10
2024-10-23 11:45:19+00:00,👤 Ankara 2025-04-29
2024-10-23 11:45:18+00:00,👤 Ankara 2025-01-10
2024-10-23 11:45:16+00:00,👤 Ankara 2025-06-16
2024-10-23 11:45:15+00:00,👤 Ankara 2025-05-12
2024-10-23 11:40:41+00:00,👤 Ankara 2025-06-10
2024-10-23 11:40:31+00:00,👤 Ankara 2025-04-16
2024-10-23 11:40:21+00:00,👤 Ankara 2025-04-14
2024-10-23 11:40:20+00:00,👤 Ankara 2025-01-08
2024-10-23 11:35:37+00:00,👤 Ankara 2025-05-05
2024-10-23 11:35:34+00:00,👤 Ankara 2025-03-14
2024-10-23 11:35:25+00:00,👤 Ankara 2025-02-10
2024-10-23 11:35:18+00:00,👤 Ankara 2024-11-25
2024-10-23 11:35:17+00:00,👤 Ankara 2025-01-07
2024-10-23 11:35:16+00:00,👤 İstanbul 2025-07-08
2024-10-23 11:35:16+00:00,👤 Ankara 2024-12-19
2024-10-23 11:35:16+00:00,👤 İstanbul 2025-01-15
2024-10-23 11:30:23+00:00,👤 Ankara 2025-03-24
2024-10-23 11:30:22+00:00,👤 Ankara 2025-02-13
2024-10-23 11:25:18+00:00,👤 Ankara 2025-05-23
2024-10-23 11:21:47+00:00,👤 Ankara 2025-07-16
2024-10-23 11:20:56+00:00,👤 Ankara 2025-06-18
2024-10-23 11:20:46+00:00,👤 Ankara 2025-05-21
2024-10-23 11:20:30+00:00,👤 Ankara 2025-04-24
2024-10-23 11:20:24+00:00,👤 Ankara 2025-04-21
2024-10-23 11:20:16+00:00,👤 Ankara 2025-01-15
2024-10-23 11:20:16+00:00,👤 Ankara 2025-01-02
2024-10-23 11:15:30+00:00,👤 Ankara 2025-07-01
2024-10-23 11:15:28+00:00,👤 İstanbul 2025-07-01
2024-10-23 11:15:28+00:00,👤 İstanbul 2025-01-31
2024-10-23 11:15:21+00:00,👤 Ankara 2025-03-19
2024-10-23 11:15:20+00:00,👤 Ankara 2025-02-24
2024-10-23 11:10:41+00:00,👤 Ankara 2025-07-14
2024-10-23 11:10:28+00:00,👤 Ankara 2025-07-02
2024-10-23 11:10:26+00:00,👤 İstanbul 2025-06-23
2024-10-23 11:10:18+00:00,👤 Ankara 2025-04-15
2024-10-23 11:10:18+00:00,👤 Ankara 2025-01-09
2024-10-23 11:05:51+00:00,👤 Ankara 2025-07-08
2024-10-23 11:05:23+00:00,👤 Ankara 2025-03-03
2024-10-23 11:05:22+00:00,👤 Ankara 2025-01-27
2024-10-23 11:05:18+00:00,👤 Ankara 2025-06-24
2024-10-23 11:05:17+00:00,👤 Ankara 2025-04-10
2024-10-23 11:00:40+00:00,👤 Ankara 2025-07-11
2024-10-23 11:00:26+00:00,👤 Ankara 2025-06-26
2024-10-23 11:00:25+00:00,👤 Ankara 2025-03-18
2024-10-23 11:00:24+00:00,👤 İstanbul 2025-01-31
2024-10-23 10:55:31+00:00,👤 Ankara 2025-06-24
2024-10-23 10:55:19+00:00,👤 Ankara 2025-06-17
2024-10-23 10:55:18+00:00,👤 Ankara 2025-01-13
2024-10-23 10:55:17+00:00,👤 Ankara 2025-01-07
2024-10-23 10:50:45+00:00,👤 Ankara 2025-06-04
2024-10-23 10:50:32+00:00,👤 Ankara 2025-03-19
2024-10-23 10:50:25+00:00,👤 Ankara 2025-03-06
2024-10-23 10:50:21+00:00,👤 Ankara 2025-02-04
2024-10-23 10:50:20+00:00,👤 Ankara 2025-01-15
2024-10-23 10:50:18+00:00,👤 Ankara 2024-12-17
2024-10-23 10:40:29+00:00,👤 Ankara 2025-02-21
2024-10-23 10:40:23+00:00,👤 Ankara 2025-01-31
2024-10-23 10:40:22+00:00,👤 Ankara 2025-01-24
2024-10-23 10:35:35+00:00,👤 Ankara 2025-07-10
2024-10-23 10:35:33+00:00,👤 Ankara 2025-05-21
2024-10-23 10:35:33+00:00,👥 Ankara 2025-06-17
2024-10-23 10:35:20+00:00,👤 Ankara 2025-01-13
2024-10-23 10:35:17+00:00,👤 Ankara 2025-05-27
2024-10-23 10:35:16+00:00,👤 Ankara 2025-01-23
2024-10-23 10:20:21+00:00,👤 İstanbul 2025-01-07
2024-10-23 09:55:28+00:00,👤 Ankara 2025-07-09
2024-10-23 09:55:17+00:00,👤 İstanbul 2025-01-15
2024-10-23 09:50:29+00:00,👤 Ankara 2025-03-05
2024-10-23 09:50:28+00:00,👤 Ankara 2025-01-31
2024-10-23 09:50:16+00:00,👤 İstanbul 2025-06-23
2024-10-23 09:45:31+00:00,👤 Ankara 2025-07-10
2024-10-23 09:45:31+00:00,👤 Ankara 2025-06-13
2024-10-23 09:40:23+00:00,👤 İstanbul 2025-01-30
2024-10-23 09:40:20+00:00,👥 İstanbul 2025-01-30
2024-10-23 09:40:19+00:00,👤 Ankara 2025-07-03
2024-10-23 09:40:18+00:00,👤 Ankara 2024-12-16
2024-10-23 09:35:16+00:00,👤 Ankara 2025-04-24
2024-10-23 09:30:25+00:00,👤 Ankara 2025-06-17
2024-10-23 09:30:19+00:00,👤 Ankara 2025-02-04
2024-10-23 09:30:19+00:00,👤 Ankara 2025-01-07
2024-10-23 09:25:17+00:00,👤 İstanbul 2025-01-17
2024-10-23 09:10:19+00:00,👤 Ankara 2025-07-16
2024-10-23 09:00:26+00:00,👤 Ankara 2025-06-12
2024-10-23 09:00:25+00:00,👤 Ankara 2025-06-04
2024-10-23 08:25:21+00:00,👤 Ankara 2024-11-25
2024-10-23 08:15:18+00:00,👤 İstanbul 2025-03-03
2024-10-23 08:10:20+00:00,👤 Ankara 2025-07-09
2024-10-23 08:10:20+00:00,👤 Ankara 2025-06-24
2024-10-23 08:00:22+00:00,👤 İstanbul 2024-11-15
2024-10-23 07:53:39+00:00,👤 Ankara 2024-12-20
2024-10-23 07:25:19+00:00,👤 İstanbul 2025-01-28
2024-10-23 07:05:23+00:00,👤 Ankara 2024-12-19
2024-10-23 07:00:30+00:00,👤 İstanbul 2024-11-21
2024-10-23 07:00:21+00:00,👤 Ankara 2025-06-26
2024-10-23 06:25:17+00:00,👤 Ankara 2025-06-20
2024-10-23 06:25:16+00:00,👤 Ankara 2025-05-29
2024-10-23 06:20:28+00:00,👤 İstanbul 2025-01-31
2024-10-23 06:20:19+00:00,👤 Ankara 2025-06-12
2024-10-23 06:20:19+00:00,👤 Ankara 2025-03-19
2024-10-23 06:15:25+00:00,👤 Ankara 2025-05-22
2024-10-23 06:13:15+00:00,👥 Ankara 2025-02-27
2024-10-23 06:12:42+00:00,👤 Ankara 2025-02-27
2024-10-23 06:12:41+00:00,👤 Ankara 2025-02-25
2024-10-23 06:10:07+00:00,👥 Ankara 2025-02-20
2024-10-23 06:10:01+00:00,👤 Ankara 2025-02-20
2024-10-23 06:09:07+00:00,👥 Ankara 2025-02-19
2024-10-23 06:09:06+00:00,👥 Ankara 2025-02-18
2024-10-23 06:09:06+00:00,👤 Ankara 2025-02-19
2024-10-23 06:08:29+00:00,👤 Ankara 2025-02-18
2024-10-23 06:07:14+00:00,👥 Ankara 2025-02-13
2024-10-23 06:06:42+00:00,👤 Ankara 2025-02-13
2024-10-23 06:05:07+00:00,👥 Ankara 2025-02-12
2024-10-23 06:05:06+00:00,👥 Ankara 2025-02-11
2024-10-23 06:05:03+00:00,👤 Ankara 2025-02-12
2024-10-23 06:04:00+00:00,👤 Ankara 2025-02-11
2024-10-23 06:03:37+00:00,👤 Ankara 2025-02-10
2024-10-23 06:03:04+00:00,👤 Ankara 2025-02-07
2024-10-23 06:00:39+00:00,👤 Ankara 2025-02-06
2024-10-23 06:00:27+00:00,👤 Ankara 2024-12-30
2024-10-23 06:00:03+00:00,👥 Ankara 2025-02-06
2024-10-23 05:57:51+00:00,👤 Ankara 2025-02-05
2024-10-23 05:57:26+00:00,👥 Ankara 2025-02-05
2024-10-23 05:55:48+00:00,👤 Ankara 2025-02-04
2024-10-23 05:55:20+00:00,👥 Ankara 2025-02-04
2024-10-23 05:55:19+00:00,👥 Ankara 2025-02-03
2024-10-23 05:53:49+00:00,👤 Ankara 2025-02-03
2024-10-23 05:53:25+00:00,👥 Ankara 2025-01-30
2024-10-23 05:52:45+00:00,👤 Ankara 2025-01-30
2024-10-23 05:50:18+00:00,👤 Ankara 2025-01-28
2024-10-23 05:50:17+00:00,👤 Ankara 2025-01-27
2024-10-23 05:50:08+00:00,👥 Ankara 2025-01-28
2024-10-23 05:50:08+00:00,👥 Ankara 2025-01-27
2024-10-23 05:48:36+00:00,👤 Ankara 2025-01-24
2024-10-23 05:47:40+00:00,👥 Ankara 2025-01-24
2024-10-23 05:45:11+00:00,👤 Ankara 2025-01-23
2024-10-23 05:44:41+00:00,👥 Ankara 2025-01-23
2024-10-23 05:44:40+00:00,👥 Ankara 2025-01-21
2024-10-23 05:44:39+00:00,👤 Ankara 2025-01-21
2024-10-23 05:44:11+00:00,👤 Ankara 2025-01-17
2024-10-23 05:43:09+00:00,👤 Ankara 2025-01-16
2024-10-23 05:43:02+00:00,👥 Ankara 2025-01-16
2024-10-23 05:40:31+00:00,👥 Ankara 2025-01-15
2024-10-23 05:40:24+00:00,👥 Ankara 2025-01-14
2024-10-23 05:40:23+00:00,👥 Ankara 2025-01-13
2024-10-23 05:40:03+00:00,👤 Ankara 2025-01-15
2024-10-23 05:39:19+00:00,👤 Ankara 2025-01-14
2024-10-23 05:39:18+00:00,👤 Ankara 2025-01-13
2024-10-23 05:35:49+00:00,👤 Ankara 2025-01-14
2024-10-23 05:35:38+00:00,👥 Ankara 2025-01-14
2024-10-23 05:35:23+00:00,👥 Ankara 2025-01-13
2024-10-23 05:35:09+00:00,👤 Ankara 2025-01-13
2024-10-23 05:34:30+00:00,👥 Ankara 2025-01-10
2024-10-23 05:34:29+00:00,👥 Ankara 2025-01-09
2024-10-23 05:33:42+00:00,👤 Ankara 2025-01-10
2024-10-23 05:33:41+00:00,👤 Ankara 2025-01-09
2024-10-23 05:30:41+00:00,👤 Ankara 2025-01-10
2024-10-23 05:30:09+00:00,👥 Ankara 2025-01-10
2024-10-23 05:28:10+00:00,👤 Ankara 2025-01-09
2024-10-23 05:28:10+00:00,👤 Ankara 2025-01-08
2024-10-23 05:27:33+00:00,👥 Ankara 2025-01-09
2024-10-23 05:27:32+00:00,👥 Ankara 2025-01-08
2024-10-23 05:24:09+00:00,👥 Ankara 2025-01-09
2024-10-23 05:23:10+00:00,👤 Ankara 2025-01-09
2024-10-23 05:22:09+00:00,👥 Ankara 2025-01-08
2024-10-23 05:22:08+00:00,👥 Ankara 2025-01-07
2024-10-23 05:22:07+00:00,👤 Ankara 2025-01-08
2024-10-23 05:22:07+00:00,👤 Ankara 2025-01-07
2024-10-23 05:18:19+00:00,👤 Ankara 2025-01-08
2024-10-23 05:18:08+00:00,👥 Ankara 2025-01-08
2024-10-23 05:17:09+00:00,👤 Ankara 2025-01-07
2024-10-23 05:17:08+00:00,👤 Ankara 2025-01-06
2024-10-23 05:16:00+00:00,👥 Ankara 2025-01-07
2024-10-23 05:15:59+00:00,👥 Ankara 2025-01-06
2024-10-23 05:15:53+00:00,👤 Ankara 2025-01-07
2024-10-23 05:12:57+00:00,👤 Ankara 2025-01-06
2024-10-23 05:12:39+00:00,👥 Ankara 2025-01-06
2024-10-23 05:11:56+00:00,👤 Ankara 2025-06-16
2024-10-23 05:10:19+00:00,👥 Ankara 2025-01-03
2024-10-23 05:10:18+00:00,👤 Ankara 2025-05-22
2024-10-23 05:10:10+00:00,👤 Ankara 2025-01-03
2024-10-23 05:05:20+00:00,👤 Ankara 2025-04-11
2024-10-23 04:40:22+00:00,👤 Ankara 2024-12-30
2024-10-23 04:35:17+00:00,👤 Ankara 2025-03-10
2024-10-23 04:30:21+00:00,👤 Ankara 2025-03-20
2024-10-23 04:30:17+00:00,👤 Ankara 2025-01-02
2024-10-23 04:30:17+00:00,👤 İstanbul 2025-01-02
2024-10-23 04:10:19+00:00,👤 Ankara 2025-07-16
2024-10-23 04:10:18+00:00,👤 Ankara 2025-03-14
2024-10-23 03:50:25+00:00,👤 Ankara 2025-07-10
2024-10-23 03:45:22+00:00,👤 Ankara 2025-07-09
2024-10-23 03:25:18+00:00,👤 İstanbul 2025-06-12
2024-10-23 03:15:21+00:00,👤 Ankara 2025-07-07
2024-10-23 03:15:19+00:00,👤 İstanbul 2025-01-07
2024-10-23 03:00:22+00:00,👤 İstanbul 2025-07-14
2024-10-23 02:55:18+00:00,👤 İstanbul 2025-01-06
2024-10-23 02:50:17+00:00,👤 Ankara 2025-04-17
2024-10-23 02:45:17+00:00,👤 İstanbul 2025-01-30
2024-10-23 02:15:21+00:00,👤 İstanbul 2025-06-03
2024-10-23 02:10:23+00:00,👤 Ankara 2025-06-17
2024-10-23 02:10:21+00:00,👤 İstanbul 2025-01-28
2024-10-23 02:10:21+00:00,👤 İstanbul 2025-01-27
2024-10-23 01:40:26+00:00,👤 Ankara 2025-05-05
2024-10-23 01:35:19+00:00,👤 İstanbul 2025-06-23
2024-10-23 01:25:17+00:00,👤 Ankara 2024-12-16
2024-10-23 01:20:19+00:00,👤 Ankara 2024-12-06
2024-10-23 01:20:18+00:00,👤 İstanbul 2025-01-30
2024-10-23 01:10:25+00:00,👤 İstanbul 2025-01-31
2024-10-23 01:05:21+00:00,👤 Ankara 2024-11-21
2024-10-23 01:05:17+00:00,👤 Ankara 2024-12-17
2024-10-23 00:55:23+00:00,👤 Ankara 2024-12-19
2024-10-23 00:45:33+00:00,👤 Ankara 2025-06-13
2024-10-23 00:45:17+00:00,👤 Ankara 2025-07-02
2024-10-23 00:40:18+00:00,👤 Ankara 2025-06-10
2024-10-23 00:30:22+00:00,👤 İstanbul 2025-06-30
2024-10-23 00:10:26+00:00,👤 Ankara 2025-06-12
2024-10-22 23:50:21+00:00,👥 İstanbul 2025-01-28
2024-10-22 23:50:20+00:00,👤 İstanbul 2025-01-28
2024-10-22 23:50:19+00:00,👤 İstanbul 2024-12-09
2024-10-22 23:45:20+00:00,👤 Ankara 2025-06-23
2024-10-22 23:45:19+00:00,👤 Ankara 2024-12-17
2024-10-22 23:45:17+00:00,👤 İstanbul 2025-01-30
2024-10-22 23:35:18+00:00,👤 Ankara 2025-05-13
2024-10-22 23:25:17+00:00,👤 Ankara 2025-07-09
2024-10-22 23:10:17+00:00,👤 Ankara 2024-12-16
2024-10-22 23:05:27+00:00,👤 İstanbul 2025-01-17
2024-10-22 23:05:25+00:00,👤 Ankara 2025-04-24
2024-10-22 23:00:20+00:00,👤 Ankara 2025-03-13
2024-10-22 22:55:20+00:00,👤 İstanbul 2025-03-03
2024-10-22 22:50:26+00:00,👤 İstanbul 2025-07-01
2024-10-22 22:45:20+00:00,👤 Ankara 2024-10-30
2024-10-22 22:40:17+00:00,👤 Ankara 2025-07-16
2024-10-22 22:35:16+00:00,👤 Ankara 2025-07-11
2024-10-22 22:25:22+00:00,👥 Ankara 2025-01-02
2024-10-22 22:25:22+00:00,👤 Ankara 2025-06-13
2024-10-22 22:20:18+00:00,👤 Ankara 2024-12-30
2024-10-22 22:10:22+00:00,👤 Ankara 2024-12-11
2024-10-22 21:40:21+00:00,👤 Ankara 2024-12-17
2024-10-22 21:30:23+00:00,👤 Ankara 2025-03-10
2024-10-22 21:20:23+00:00,👤 İstanbul 2025-01-30
2024-10-22 21:20:18+00:00,👤 Ankara 2025-03-14
2024-10-22 21:20:17+00:00,👤 Ankara 2024-12-16
2024-10-22 21:00:22+00:00,👤 Ankara 2024-12-12
2024-10-22 20:35:17+00:00,👤 Ankara 2025-06-23
2024-10-22 20:30:23+00:00,👤 Ankara 2025-06-04
2024-10-22 20:20:33+00:00,👤 Ankara 2025-06-03
2024-10-22 20:20:18+00:00,👤 İstanbul 2025-01-06
2024-10-22 20:15:21+00:00,👤 Ankara 2025-04-22
2024-10-22 20:10:18+00:00,👤 Ankara 2024-12-30
2024-10-22 20:05:24+00:00,👤 Ankara 2025-05-20
2024-10-22 20:05:20+00:00,👤 İstanbul 2025-01-31
2024-10-22 19:55:18+00:00,👤 Ankara 2025-06-20
2024-10-22 19:50:21+00:00,👤 İstanbul 2025-06-23
2024-10-22 19:45:17+00:00,👤 İstanbul 2025-01-15
2024-10-22 19:45:16+00:00,👤 Ankara 2025-06-16
2024-10-22 19:45:16+00:00,👤 İstanbul 2025-01-14
2024-10-22 19:40:20+00:00,👤 Ankara 2025-01-02
2024-10-22 19:25:29+00:00,👤 İstanbul 2025-07-07
2024-10-22 19:25:28+00:00,👤 İstanbul 2025-02-06
2024-10-22 19:25:16+00:00,👤 Ankara 2025-07-02
2024-10-22 19:20:21+00:00,👤 İstanbul 2025-03-27
2024-10-22 19:20:18+00:00,👤 Ankara 2025-07-08
2024-10-22 19:10:20+00:00,👤 Ankara 2025-06-17
2024-10-22 19:10:16+00:00,👤 Ankara 2025-07-02
2024-10-22 19:00:21+00:00,👤 Ankara 2024-12-30
2024-10-22 18:50:15+00:00,👤 Ankara 2025-07-02
2024-10-22 18:45:16+00:00,👤 İstanbul 2025-07-07
2024-10-22 18:40:17+00:00,👤 Ankara 2024-12-09
2024-10-22 18:35:34+00:00,👤 Ankara 2025-05-27
2024-10-22 18:35:33+00:00,👤 Ankara 2025-04-14
2024-10-22 18:30:33+00:00,👤 İstanbul 2025-01-06
2024-10-22 18:30:22+00:00,👥 Ankara 2025-03-25
2024-10-22 18:30:20+00:00,👤 Ankara 2025-03-25
2024-10-22 18:30:19+00:00,👤 Ankara 2024-12-03
2024-10-22 18:25:21+00:00,👤 Ankara 2024-12-18
2024-10-22 18:20:23+00:00,👤 Ankara 2025-03-20
2024-10-22 18:15:19+00:00,👥 Ankara 2025-05-13
2024-10-22 18:15:18+00:00,👤 Ankara 2025-05-13
2024-10-22 18:10:18+00:00,👤 Ankara 2025-06-20
2024-10-22 18:05:17+00:00,👤 Ankara 2025-05-22
2024-10-22 18:00:30+00:00,👥 Ankara 2025-07-10
2024-10-22 18:00:22+00:00,👤 Ankara 2025-07-10
2024-10-22 18:00:21+00:00,👤 Ankara 2024-12-30
2024-10-22 17:45:48+00:00,👤 Ankara 2025-07-03
2024-10-22 17:45:42+00:00,👤 Ankara 2025-05-21
2024-10-22 17:45:24+00:00,👥 İstanbul 2025-01-30
2024-10-22 17:45:22+00:00,👤 İstanbul 2025-02-10
2024-10-22 17:45:21+00:00,👤 İstanbul 2025-01-30
2024-10-22 17:45:16+00:00,👤 Ankara 2025-05-12
2024-10-22 17:45:15+00:00,👤 Ankara 2025-05-06
2024-10-22 17:35:20+00:00,👤 Ankara 2025-07-16
2024-10-22 17:35:15+00:00,👤 Ankara 2024-12-02
2024-10-22 17:30:19+00:00,👤 Ankara 2025-07-10
2024-10-22 17:30:18+00:00,👤 Ankara 2025-04-11
2024-10-22 17:10:29+00:00,👥 Ankara 2025-07-10
2024-10-22 17:10:18+00:00,👤 Ankara 2025-07-10
2024-10-22 17:05:20+00:00,👤 Ankara 2025-07-11
2024-10-22 17:05:19+00:00,👤 Ankara 2025-05-29
2024-10-22 16:50:29+00:00,👤 İstanbul 2025-01-13
2024-10-22 16:50:28+00:00,👤 İstanbul 2025-01-06
2024-10-22 16:45:24+00:00,👤 Ankara 2025-07-11
2024-10-22 16:45:23+00:00,👤 Ankara 2024-12-31
2024-10-22 16:40:19+00:00,👤 Ankara 2024-12-30
2024-10-22 16:40:18+00:00,👤 Ankara 2024-12-09
2024-10-22 16:35:15+00:00,👤 Ankara 2025-04-29
2024-10-22 16:20:36+00:00,👥 Ankara 2025-07-09
2024-10-22 16:20:25+00:00,👤 Ankara 2025-07-09
2024-10-22 16:20:20+00:00,👤 İstanbul 2025-06-12
2024-10-22 16:15:22+00:00,👤 Ankara 2025-03-19
2024-10-22 16:10:20+00:00,👤 Ankara 2024-12-30
2024-10-22 16:05:25+00:00,👥 Ankara 2025-08-11
2024-10-22 16:05:21+00:00,👤 Ankara 2025-07-16
2024-10-22 16:00:21+00:00,👤 Ankara 2025-06-12
2024-10-22 15:55:24+00:00,👤 İstanbul 2025-01-27
2024-10-22 15:50:18+00:00,👤 Ankara 2024-12-30
2024-10-22 15:40:22+00:00,👤 Ankara 2025-06-17
2024-10-22 15:35:20+00:00,👤 Ankara 2024-12-30
2024-10-22 15:25:16+00:00,👤 Ankara 2025-07-03
2024-10-22 15:20:16+00:00,👤 Ankara 2025-07-10
2024-10-22 15:15:16+00:00,👤 Ankara 2025-03-14
2024-10-22 15:10:26+00:00,👤 Ankara 2025-06-13
2024-10-22 15:00:24+00:00,👤 Ankara 2025-07-07
2024-10-22 15:00:23+00:00,👤 Ankara 2024-12-30
2024-10-22 14:55:30+00:00,👤 İstanbul 2025-01-31
2024-10-22 14:55:23+00:00,👤 İstanbul 2025-01-16
2024-10-22 14:55:22+00:00,👤 İstanbul 2025-01-09
2024-10-22 14:55:19+00:00,👤 Ankara 2025-06-26
2024-10-22 14:55:18+00:00,👤 Ankara 2024-12-02
2024-10-22 14:45:16+00:00,👤 Ankara 2025-06-03
2024-10-22 14:40:17+00:00,👤 Ankara 2025-03-24
2024-10-22 14:30:22+00:00,👤 Ankara 2025-05-20
2024-10-22 14:30:21+00:00,👤 Ankara 2025-04-30
2024-10-22 14:20:22+00:00,👤 Ankara 2024-12-31
2024-10-22 14:05:18+00:00,👤 Ankara 2025-06-23
2024-10-22 14:05:17+00:00,👤 İstanbul 2025-01-27
2024-10-22 13:55:17+00:00,👤 İstanbul 2025-01-31
2024-10-22 13:45:18+00:00,👤 Ankara 2025-03-20
2024-10-22 13:45:17+00:00,👤 İstanbul 2025-01-30
2024-10-22 13:43:54+00:00,👥 Ankara 2025-01-02
2024-10-22 13:43:24+00:00,👤 Ankara 2025-01-02
2024-10-22 13:35:27+00:00,👤 İstanbul 2025-01-31
2024-10-22 13:25:17+00:00,👤 Ankara 2025-06-03
2024-10-22 13:15:19+00:00,👤 Ankara 2024-12-16
2024-10-22 13:10:21+00:00,👤 Ankara 2024-12-17
2024-10-22 12:55:18+00:00,👤 İstanbul 2025-06-27
2024-10-22 12:55:16+00:00,👤 Ankara 2024-11-26
2024-10-22 12:50:18+00:00,👤 Ankara 2024-12-09
2024-10-22 12:45:22+00:00,👤 İstanbul 2025-01-13
2024-10-22 12:45:16+00:00,👤 Ankara 2024-12-17
2024-10-22 12:40:22+00:00,👤 Ankara 2024-12-11
2024-10-22 12:35:24+00:00,👤 Ankara 2025-06-23
2024-10-22 12:30:22+00:00,👤 Ankara 2025-06-18
2024-10-22 12:30:22+00:00,👤 Ankara 2025-03-20
2024-10-22 12:25:30+00:00,👤 Ankara 2025-04-25
2024-10-22 12:25:28+00:00,👤 Ankara 2024-12-17
2024-10-22 12:25:16+00:00,👤 Ankara 2025-06-03
2024-10-22 12:20:31+00:00,👤 Ankara 2024-11-25
2024-10-22 12:15:20+00:00,👤 Ankara 2025-06-26
2024-10-22 12:05:20+00:00,👤 Ankara 2025-02-25
2024-10-22 12:05:19+00:00,👤 Ankara 2025-02-21
2024-10-22 11:55:19+00:00,👤 İstanbul 2024-12-20
2024-10-22 11:50:17+00:00,👤 Ankara 2025-06-24
2024-10-22 11:45:24+00:00,👥 Ankara 2025-10-15
2024-10-22 11:40:19+00:00,👤 Ankara 2025-07-07
2024-10-22 11:35:17+00:00,👤 Ankara 2025-04-21
2024-10-22 11:30:28+00:00,👤 İstanbul 2025-07-14
2024-10-22 11:30:26+00:00,👤 Ankara 2025-06-03
2024-10-22 11:30:20+00:00,👤 Ankara 2025-05-29
2024-10-22 11:30:19+00:00,👤 Ankara 2025-02-04
2024-10-22 11:25:23+00:00,👤 Ankara 2025-04-24
2024-10-22 11:20:28+00:00,👥 Ankara 2024-12-02
2024-10-22 11:20:19+00:00,👤 Ankara 2024-12-02
2024-10-22 11:20:16+00:00,👤 Ankara 2025-07-08
2024-10-22 11:15:19+00:00,👤 Ankara 2024-12-10
2024-10-22 11:15:18+00:00,👤 Ankara 2024-11-20
2024-10-22 11:10:19+00:00,👤 Ankara 2025-02-04
2024-10-22 10:55:29+00:00,👤 Ankara 2025-04-16
2024-10-22 10:55:27+00:00,👤 İstanbul 2025-06-23
2024-10-22 10:50:24+00:00,👤 Ankara 2025-01-28
2024-10-22 10:45:25+00:00,👤 Ankara 2025-05-06
2024-10-22 10:40:19+00:00,👤 Ankara 2024-12-16
2024-10-22 10:35:20+00:00,👤 İstanbul 2025-01-31
2024-10-22 10:15:20+00:00,👤 Ankara 2025-07-07
2024-10-22 10:10:17+00:00,👤 Ankara 2024-12-02
2024-10-22 10:01:02+00:00,👤 Ankara 2025-06-16
2024-10-22 09:55:17+00:00,👤 Ankara 2024-12-12
2024-10-22 09:50:18+00:00,👤 Ankara 2025-07-16
2024-10-22 09:50:17+00:00,👤 Ankara 2025-07-02
2024-10-22 09:40:19+00:00,👤 İstanbul 2025-01-03
2024-10-22 09:40:19+00:00,👤 İstanbul 2024-12-04
2024-10-22 09:40:17+00:00,👤 İstanbul 2025-06-26
2024-10-22 09:40:16+00:00,👤 İstanbul 2025-07-01
2024-10-22 09:35:19+00:00,👤 Ankara 2024-12-16
2024-10-22 09:20:26+00:00,👤 Ankara 2025-05-12
2024-10-22 09:20:26+00:00,👤 Ankara 2025-05-05
2024-10-22 09:20:22+00:00,👤 Ankara 2024-11-25
2024-10-22 09:20:19+00:00,👤 İstanbul 2025-01-30
2024-10-22 09:15:21+00:00,👤 Ankara 2025-07-07
2024-10-22 09:10:19+00:00,👤 Ankara 2025-06-18
2024-10-22 09:10:16+00:00,👤 İstanbul 2025-01-17
2024-10-22 09:05:24+00:00,👤 Ankara 2025-04-07
2024-10-22 09:00:23+00:00,👤 Ankara 2025-07-11
2024-10-22 09:00:22+00:00,👤 Ankara 2025-05-21
2024-10-22 08:50:22+00:00,👤 Ankara 2025-06-23
2024-10-22 08:50:21+00:00,👤 Ankara 2025-01-24
2024-10-22 08:45:25+00:00,👤 Ankara 2025-01-13
2024-10-22 08:45:24+00:00,👤 Ankara 2024-12-10
2024-10-22 08:45:15+00:00,👤 Ankara 2025-01-27
2024-10-22 08:40:17+00:00,👤 Ankara 2025-07-18
2024-10-22 08:40:17+00:00,👤 Ankara 2025-06-04
2024-10-22 08:35:19+00:00,👤 Ankara 2025-06-16
2024-10-22 08:35:19+00:00,👤 Ankara 2025-04-29
2024-10-22 08:30:22+00:00,👤 İstanbul 2025-06-17
2024-10-22 08:30:21+00:00,👤 Ankara 2025-06-12
2024-10-22 08:30:20+00:00,👤 Ankara 2025-05-05
2024-10-22 08:25:25+00:00,👤 İstanbul 2025-01-21
2024-10-22 08:25:23+00:00,👤 Ankara 2025-01-09
2024-10-22 08:25:22+00:00,👤 Ankara 2024-11-25
2024-10-22 08:20:21+00:00,👤 Ankara 2025-07-02
2024-10-22 08:20:20+00:00,👤 Ankara 2025-02-13
2024-10-22 08:15:24+00:00,👤 İstanbul 2025-01-06
2024-10-22 08:15:18+00:00,👤 Ankara 2025-03-14
2024-10-22 08:10:19+00:00,👤 Ankara 2024-12-19
2024-10-22 08:05:28+00:00,👥 Ankara 2024-12-17
2024-10-22 08:05:20+00:00,👤 Ankara 2024-12-17
2024-10-22 08:05:19+00:00,👤 Ankara 2024-12-02
2024-10-22 08:05:19+00:00,👤 İstanbul 2025-01-13
2024-10-22 08:00:27+00:00,👤 Ankara 2025-04-25
2024-10-22 08:00:26+00:00,👤 Ankara 2025-03-14
2024-10-22 08:00:21+00:00,👤 İstanbul 2025-01-14
2024-10-22 07:55:37+00:00,👤 Ankara 2025-06-02
2024-10-22 07:55:21+00:00,👤 Ankara 2025-04-07
2024-10-22 07:55:20+00:00,👤 Ankara 2025-02-04
2024-10-22 07:50:20+00:00,👤 Ankara 2025-07-03
2024-10-22 07:50:19+00:00,👤 İstanbul 2025-01-31
2024-10-22 07:50:19+00:00,👤 Ankara 2025-06-03
2024-10-22 07:50:19+00:00,👤 İstanbul 2025-01-02
2024-10-22 07:45:21+00:00,👤 Ankara 2025-06-24
2024-10-22 07:45:16+00:00,👤 Ankara 2025-01-27
2024-10-22 07:42:13+00:00,👤 Ankara 2024-12-31
2024-10-22 07:42:02+00:00,👥 Ankara 2024-12-30
2024-10-22 07:41:47+00:00,👤 Ankara 2024-12-30
2024-10-22 07:40:19+00:00,👤 İstanbul 2025-06-26
2024-10-22 07:40:18+00:00,👤 İstanbul 2025-06-16
2024-10-22 07:35:17+00:00,👤 Ankara 2024-12-09
2024-10-22 07:34:44+00:00,👤 Ankara 2025-06-26
2024-10-22 07:34:43+00:00,👤 Ankara 2025-06-24
2024-10-22 07:30:22+00:00,👥 Ankara 2025-06-24
2024-10-22 07:30:20+00:00,👤 Ankara 2025-06-26
2024-10-22 07:30:17+00:00,👤 Ankara 2025-06-24
2024-10-22 07:30:17+00:00,👤 İstanbul 2025-01-31
2024-10-22 07:28:15+00:00,👤 Ankara 2025-02-13
2024-10-22 07:28:15+00:00,👤 Ankara 2025-01-31
2024-10-22 07:25:18+00:00,👤 Ankara 2025-06-03
2024-10-22 07:25:18+00:00,👤 Ankara 2025-04-25
2024-10-22 07:20:43+00:00,👤 Ankara 2025-07-10
2024-10-22 07:20:29+00:00,👤 Ankara 2025-06-20
2024-10-22 07:20:19+00:00,👤 İstanbul 2025-01-31
2024-10-22 07:20:18+00:00,👤 Ankara 2025-02-13
2024-10-22 07:20:17+00:00,👤 Ankara 2025-01-31
2024-10-22 07:15:23+00:00,👤 İstanbul 2024-12-04
2024-10-22 07:15:19+00:00,👤 Ankara 2025-06-10
2024-10-22 07:15:18+00:00,👤 Ankara 2024-12-12
2024-10-22 07:15:06+00:00,👤 Ankara 2025-07-11
2024-10-22 07:15:05+00:00,👤 Ankara 2025-06-16
2024-10-22 07:10:23+00:00,👤 Ankara 2025-05-05
2024-10-22 07:10:22+00:00,👤 Ankara 2025-02-05
2024-10-22 07:10:20+00:00,👤 İstanbul 2025-06-27
2024-10-22 07:10:10+00:00,👤 İstanbul 2025-01-07
2024-10-22 07:10:07+00:00,👤 Ankara 2025-06-20
2024-10-22 07:05:21+00:00,👤 Ankara 2025-07-10
2024-10-22 07:05:21+00:00,👤 Ankara 2025-06-12
2024-10-22 07:00:26+00:00,👤 Ankara 2025-07-11
2024-10-22 07:00:25+00:00,👤 Ankara 2025-06-16
2024-10-22 06:50:22+00:00,👤 İstanbul 2025-01-31
2024-10-22 06:45:59+00:00,👤 Ankara 2025-06-03
2024-10-22 06:45:34+00:00,👤 Ankara 2024-12-16
2024-10-22 06:45:34+00:00,👤 Ankara 2024-12-03
2024-10-22 06:45:24+00:00,👤 İstanbul 2025-02-10
2024-10-22 06:40:33+00:00,👤 Ankara 2025-02-25
2024-10-22 06:40:31+00:00,👤 İstanbul 2025-01-30
2024-10-22 06:40:14+00:00,👤 Ankara 2025-06-23
2024-10-22 06:40:14+00:00,👤 Ankara 2025-06-20
2024-10-22 06:35:32+00:00,👤 Ankara 2025-06-13
2024-10-22 06:25:31+00:00,👤 Ankara 2025-07-16
2024-10-22 06:25:31+00:00,👤 Ankara 2024-12-11
2024-10-22 06:20:49+00:00,👤 İstanbul 2025-01-14
2024-10-22 06:20:46+00:00,👤 Ankara 2024-12-02
2024-10-22 06:20:34+00:00,👤 Ankara 2025-06-23
2024-10-22 06:20:20+00:00,👤 Ankara 2025-06-20
2024-10-22 06:20:19+00:00,👤 Ankara 2025-04-18
2024-10-22 06:15:17+00:00,👤 İstanbul 2025-01-10
2024-10-22 06:10:19+00:00,👤 İstanbul 2025-01-13
2024-10-22 06:05:21+00:00,👤 İstanbul 2025-01-14
2024-10-22 06:05:20+00:00,👤 Ankara 2024-12-02
2024-10-22 06:01:50+00:00,👤 Ankara 2025-06-17
2024-10-22 06:00:28+00:00,👤 Ankara 2025-07-14
2024-10-22 06:00:22+00:00,👤 Ankara 2025-05-20
2024-10-22 05:55:53+00:00,👤 Ankara 2025-05-22
2024-10-22 05:55:53+00:00,👤 Ankara 2025-02-06
2024-10-22 05:55:39+00:00,👤 Ankara 2025-06-12
2024-10-22 05:55:17+00:00,👤 Ankara 2025-04-11
2024-10-22 05:55:16+00:00,👤 Ankara 2024-12-16
2024-10-22 05:50:37+00:00,👤 İstanbul 2025-01-23
2024-10-22 05:50:36+00:00,👤 İstanbul 2025-01-17
2024-10-22 05:50:30+00:00,👤 Ankara 2025-05-12
2024-10-22 05:50:21+00:00,👤 İstanbul 2025-01-13
2024-10-22 05:50:20+00:00,👤 Ankara 2024-12-17
2024-10-22 05:50:15+00:00,👤 Ankara 2025-04-22
2024-10-22 05:50:15+00:00,👤 Ankara 2025-06-17
2024-10-22 05:50:14+00:00,👤 Ankara 2024-12-12
2024-10-22 05:45:31+00:00,👤 Ankara 2025-05-22
2024-10-22 05:45:30+00:00,👤 Ankara 2025-02-06
2024-10-22 05:40:19+00:00,👤 Ankara 2025-05-12
2024-10-22 05:40:18+00:00,👤 İstanbul 2025-01-23
2024-10-22 05:40:18+00:00,👤 İstanbul 2025-01-17
2024-10-22 05:40:04+00:00,👤 Ankara 2025-06-13
2024-10-22 05:40:03+00:00,👤 Ankara 2025-01-16
2024-10-22 05:35:19+00:00,👤 Ankara 2025-02-27
2024-10-22 05:30:23+00:00,👤 Ankara 2025-06-13
2024-10-22 05:30:23+00:00,👤 Ankara 2025-01-16
2024-10-22 05:15:23+00:00,👤 İstanbul 2025-06-03
2024-10-22 05:15:19+00:00,👤 Ankara 2024-12-03
2024-10-22 05:10:20+00:00,👤 Ankara 2025-07-16
2024-10-22 05:05:43+00:00,👤 Ankara 2025-07-07
2024-10-22 05:00:23+00:00,👤 Ankara 2025-07-11
2024-10-22 05:00:23+00:00,👤 Ankara 2025-06-23
2024-10-22 04:56:01+00:00,👤 Ankara 2025-05-29
2024-10-22 04:55:38+00:00,👤 Ankara 2025-05-06
2024-10-22 04:55:22+00:00,👤 Ankara 2025-03-25
2024-10-22 04:55:22+00:00,👥 Ankara 2025-03-25
2024-10-22 04:55:22+00:00,👤 Ankara 2025-03-19
2024-10-22 04:50:37+00:00,👤 Ankara 2024-12-18
2024-10-22 04:45:51+00:00,👤 Ankara 2025-02-21
2024-10-22 04:45:26+00:00,👤 Ankara 2024-12-16
2024-10-22 04:45:25+00:00,👤 Ankara 2024-12-03
2024-10-22 04:40:30+00:00,👤 İstanbul 2025-01-30
2024-10-22 04:35:23+00:00,👤 Ankara 2025-07-03
2024-10-22 04:35:22+00:00,👤 Ankara 2025-02-18
2024-10-22 04:35:19+00:00,👤 İstanbul 2025-01-06
2024-10-22 04:30:34+00:00,👤 İstanbul 2025-01-31
2024-10-22 04:30:31+00:00,👤 Ankara 2024-12-16
2024-10-22 04:30:19+00:00,👤 Ankara 2025-07-18
2024-10-22 04:30:18+00:00,👤 Ankara 2025-06-20
2024-10-22 04:25:21+00:00,👤 İstanbul 2025-01-27
2024-10-22 04:15:19+00:00,👤 Ankara 2025-06-23
2024-10-22 04:15:18+00:00,👤 Ankara 2025-02-24
2024-10-22 04:10:20+00:00,👤 İstanbul 2025-01-06
2024-10-22 04:10:19+00:00,👤 Ankara 2025-02-14
2024-10-22 04:05:45+00:00,👤 Ankara 2025-05-29
2024-10-22 03:55:14+00:00,👤 Ankara 2025-06-17
2024-10-22 03:55:13+00:00,👤 Ankara 2025-02-25
2024-10-22 03:50:18+00:00,👤 Ankara 2025-06-17
2024-10-22 03:50:17+00:00,👤 Ankara 2025-02-25
2024-10-22 03:45:37+00:00,👤 Ankara 2025-01-16
2024-10-22 03:45:23+00:00,👤 Ankara 2025-01-09
2024-10-22 03:45:23+00:00,👤 Ankara 2024-12-18
2024-10-22 03:40:35+00:00,👤 Ankara 2025-01-17
2024-10-22 03:40:34+00:00,👤 Ankara 2024-12-16
2024-10-22 03:35:16+00:00,👤 Ankara 2025-01-27
2024-10-22 03:30:21+00:00,👤 Ankara 2025-06-27
2024-10-22 03:30:20+00:00,👤 Ankara 2025-02-07
2024-10-22 03:25:53+00:00,👤 Ankara 2025-07-10
2024-10-22 03:25:53+00:00,👤 Ankara 2025-07-08
2024-10-22 03:25:41+00:00,👤 Ankara 2024-11-25
2024-10-22 03:20:34+00:00,👤 Ankara 2025-06-12
2024-10-22 03:20:33+00:00,👤 Ankara 2025-02-24
2024-10-22 03:10:21+00:00,👤 Ankara 2025-02-04
2024-10-22 03:10:17+00:00,👤 İstanbul 2025-01-17
2024-10-22 03:05:29+00:00,👤 Ankara 2025-03-24
2024-10-22 03:00:23+00:00,👤 Ankara 2025-04-11
2024-10-22 02:55:17+00:00,👤 Ankara 2024-11-04
2024-10-22 02:45:18+00:00,👤 Ankara 2025-06-12
2024-10-22 02:35:22+00:00,👤 İstanbul 2025-01-28
2024-10-22 02:20:18+00:00,👤 Ankara 2024-12-17
2024-10-22 02:15:18+00:00,👤 Ankara 2025-03-24
2024-10-22 02:15:16+00:00,👤 Ankara 2024-12-09
2024-10-22 02:10:18+00:00,👤 Ankara 2025-02-07
2024-10-22 02:05:20+00:00,👤 Ankara 2025-06-10
2024-10-22 02:05:19+00:00,👤 Ankara 2025-05-29
2024-10-22 02:00:26+00:00,👤 Ankara 2024-12-16
2024-10-22 01:50:15+00:00,👤 Ankara 2025-05-08
2024-10-22 01:45:18+00:00,👤 İstanbul 2025-01-17
2024-10-22 01:45:18+00:00,👤 Ankara 2025-06-24
2024-10-22 01:40:26+00:00,👤 Ankara 2025-07-08
2024-10-22 01:40:19+00:00,👤 Ankara 2025-02-24
2024-10-22 01:40:19+00:00,👤 Ankara 2024-12-24
2024-10-22 01:35:44+00:00,👤 Ankara 2025-06-13
2024-10-22 01:35:19+00:00,👤 Ankara 2025-02-10
2024-10-22 01:35:18+00:00,👤 Ankara 2024-12-18
2024-10-22 01:30:41+00:00,👤 Ankara 2025-05-22
2024-10-22 01:30:21+00:00,👤 Ankara 2025-03-14
2024-10-22 01:30:18+00:00,👤 Ankara 2025-02-07
2024-10-22 01:25:19+00:00,👤 Ankara 2025-02-25
2024-10-22 01:25:18+00:00,👤 Ankara 2024-12-12
2024-10-22 01:20:29+00:00,👤 Ankara 2025-04-10
2024-10-22 01:20:24+00:00,👤 Ankara 2024-12-24
2024-10-22 01:20:19+00:00,👤 Ankara 2024-12-23
2024-10-22 01:15:28+00:00,👤 Ankara 2025-06-24
2024-10-22 01:15:21+00:00,👤 Ankara 2025-06-03
2024-10-22 01:15:20+00:00,👤 Ankara 2024-12-13
2024-10-22 01:15:16+00:00,👥 İstanbul 2025-01-27
2024-10-22 01:10:19+00:00,👤 Ankara 2024-10-30
2024-10-22 01:05:20+00:00,👤 Ankara 2024-12-18
2024-10-22 01:05:18+00:00,👤 Ankara 2025-02-18
2024-10-22 01:05:17+00:00,👤 Ankara 2024-12-17
2024-10-22 01:00:24+00:00,👤 Ankara 2024-12-10
2024-10-22 01:00:22+00:00,👤 Ankara 2025-06-12
2024-10-22 00:55:28+00:00,👤 Ankara 2025-06-03
2024-10-22 00:55:20+00:00,👤 Ankara 2025-04-16
2024-10-22 00:55:19+00:00,👤 Ankara 2025-01-06
2024-10-22 00:50:20+00:00,👤 İstanbul 2025-06-26
2024-10-22 00:50:19+00:00,👤 Ankara 2025-06-03
2024-10-22 00:50:17+00:00,👤 Ankara 2025-02-11
2024-10-22 00:50:16+00:00,👤 Ankara 2025-01-30
2024-10-22 00:45:25+00:00,👤 Ankara 2025-05-12
2024-10-22 00:45:17+00:00,👤 Ankara 2025-01-07
2024-10-22 00:45:16+00:00,👤 Ankara 2024-12-16
2024-10-22 00:45:16+00:00,👤 İstanbul 2025-01-29
2024-10-22 00:40:19+00:00,👤 İstanbul 2025-01-31
2024-10-22 00:40:18+00:00,👤 İstanbul 2025-01-13
2024-10-22 00:40:16+00:00,👤 Ankara 2025-06-20
2024-10-22 00:35:17+00:00,👤 Ankara 2024-12-12
2024-10-22 00:35:16+00:00,👤 İstanbul 2025-07-01
2024-10-22 00:35:15+00:00,👤 İstanbul 2025-01-16
2024-10-22 00:31:40+00:00,👤 Ankara 2025-06-20
2024-10-22 00:30:45+00:00,👤 Ankara 2025-05-29
2024-10-22 00:30:22+00:00,👤 Ankara 2025-05-21
2024-10-22 00:30:17+00:00,👤 Ankara 2025-04-15
2024-10-22 00:30:17+00:00,👤 Ankara 2024-11-20
2024-10-22 00:25:44+00:00,👤 Ankara 2025-07-11
2024-10-22 00:25:25+00:00,👤 Ankara 2025-02-05
2024-10-22 00:25:21+00:00,👤 İstanbul 2025-01-21
2024-10-22 00:25:18+00:00,👤 Ankara 2024-12-17
2024-10-22 00:25:18+00:00,👤 Ankara 2024-12-16
2024-10-22 00:20:21+00:00,👤 İstanbul 2025-01-31
2024-10-22 00:20:18+00:00,👤 Ankara 2025-05-29
2024-10-22 00:20:17+00:00,👤 Ankara 2024-12-06
2024-10-22 00:15:29+00:00,👤 Ankara 2025-06-24
2024-10-22 00:15:23+00:00,👤 Ankara 2025-05-06
2024-10-22 00:15:23+00:00,👤 Ankara 2024-12-05
2024-10-22 00:15:19+00:00,👤 İstanbul 2025-01-17
2024-10-22 00:15:18+00:00,👤 İstanbul 2025-01-06
2024-10-22 00:10:18+00:00,👤 İstanbul 2025-01-06
2024-10-22 00:05:33+00:00,👤 Ankara 2025-01-24
2024-10-22 00:05:19+00:00,👤 Ankara 2025-01-08
2024-10-22 00:05:18+00:00,👤 Ankara 2024-12-09
2024-10-22 00:00:37+00:00,👤 İstanbul 2025-06-23
2024-10-22 00:00:34+00:00,👤 İstanbul 2025-01-31
2024-10-22 00:00:33+00:00,👤 İstanbul 2025-01-14
2024-10-22 00:00:27+00:00,👤 Ankara 2024-12-16
2024-10-22 00:00:26+00:00,👤 Ankara 2024-12-03
2024-10-21 23:55:51+00:00,👤 Ankara 2025-06-26
2024-10-21 23:55:27+00:00,👤 Ankara 2025-02-19
2024-10-21 23:55:26+00:00,👤 Ankara 2025-02-06
2024-10-21 23:50:16+00:00,👤 İstanbul 2025-01-13
2024-10-21 23:45:25+00:00,👤 Ankara 2025-04-24
2024-10-21 23:45:22+00:00,👤 Ankara 2025-03-14
2024-10-21 23:45:21+00:00,👤 İstanbul 2025-01-29
2024-10-21 23:45:21+00:00,👤 Ankara 2024-10-24
2024-10-21 23:40:23+00:00,👤 Ankara 2025-04-18
2024-10-21 23:40:16+00:00,👤 Ankara 2025-01-06
2024-10-21 23:40:15+00:00,👤 Ankara 2024-11-26
2024-10-21 23:35:23+00:00,👤 İstanbul 2025-01-02
2024-10-21 23:35:21+00:00,👤 Ankara 2025-02-24
2024-10-21 23:35:15+00:00,👤 Ankara 2025-02-25
2024-10-21 23:30:19+00:00,👤 Ankara 2025-02-18
2024-10-21 23:30:17+00:00,👤 Ankara 2025-06-17
2024-10-21 23:25:15+00:00,👤 Ankara 2025-02-04
2024-10-21 23:25:14+00:00,👤 Ankara 2025-02-03
2024-10-21 23:20:26+00:00,👤 Ankara 2025-02-24
2024-10-21 23:20:18+00:00,👤 Ankara 2024-12-17
2024-10-21 23:20:17+00:00,👤 Ankara 2024-12-02
2024-10-21 23:20:16+00:00,👤 Ankara 2025-07-07
2024-10-21 23:15:27+00:00,👤 Ankara 2025-07-18
2024-10-21 23:15:24+00:00,👤 Ankara 2025-05-27
2024-10-21 23:15:18+00:00,👤 Ankara 2025-01-13
2024-10-21 23:15:17+00:00,👤 Ankara 2024-12-16
2024-10-21 23:10:16+00:00,👤 Ankara 2025-01-21
2024-10-21 23:05:20+00:00,👤 İstanbul 2025-01-14
2024-10-21 23:05:19+00:00,👤 İstanbul 2025-01-13
2024-10-21 23:05:18+00:00,👤 Ankara 2025-01-16
2024-10-21 23:00:28+00:00,👤 Ankara 2025-04-21
2024-10-21 23:00:23+00:00,👤 Ankara 2025-04-07
2024-10-21 23:00:22+00:00,👤 Ankara 2025-01-17
2024-10-21 23:00:22+00:00,👤 Ankara 2024-12-19
2024-10-21 22:55:29+00:00,👤 Ankara 2025-06-17
2024-10-21 22:55:29+00:00,👤 İstanbul 2025-01-30
2024-10-21 22:55:27+00:00,👤 Ankara 2025-06-12
2024-10-21 22:55:17+00:00,👤 Ankara 2025-01-31
2024-10-21 22:55:17+00:00,👤 Ankara 2025-01-09
2024-10-21 22:55:15+00:00,👤 Ankara 2025-02-21
2024-10-21 22:50:16+00:00,👤 Ankara 2025-06-20
2024-10-21 22:40:26+00:00,👤 Ankara 2025-01-14
2024-10-21 22:40:20+00:00,👤 Ankara 2024-12-17
2024-10-21 22:40:19+00:00,👤 Ankara 2024-12-16
2024-10-21 22:35:16+00:00,👤 Ankara 2025-07-08
2024-10-21 22:35:15+00:00,👤 Ankara 2024-12-18
2024-10-21 22:30:23+00:00,👤 Ankara 2024-11-25
2024-10-21 22:25:19+00:00,👤 Ankara 2025-06-23
2024-10-21 22:25:18+00:00,👤 Ankara 2025-06-16
2024-10-21 22:20:37+00:00,👥 Ankara 2025-05-30
2024-10-21 22:20:23+00:00,👤 Ankara 2024-12-09
2024-10-21 22:15:27+00:00,👥 Ankara 2025-01-17
2024-10-21 22:15:15+00:00,👤 Ankara 2025-01-16
2024-10-21 22:10:43+00:00,👤 Ankara 2025-05-13
2024-10-21 22:10:42+00:00,👤 Ankara 2025-05-05
2024-10-21 22:10:35+00:00,👤 Ankara 2025-03-20
2024-10-21 22:10:26+00:00,👤 Ankara 2025-02-25
2024-10-21 22:10:18+00:00,👤 Ankara 2025-02-07
2024-10-21 22:10:17+00:00,👤 Ankara 2024-12-19
2024-10-21 22:05:24+00:00,👤 Ankara 2025-07-02
2024-10-21 22:05:21+00:00,👤 Ankara 2024-12-23
2024-10-21 22:05:17+00:00,👤 Ankara 2025-06-10
2024-10-21 22:05:16+00:00,👤 Ankara 2024-12-04
2024-10-21 22:00:32+00:00,👤 Ankara 2025-05-21
2024-10-21 22:00:27+00:00,👤 Ankara 2024-12-23
2024-10-21 22:00:22+00:00,👤 Ankara 2024-12-10
2024-10-21 22:00:21+00:00,👤 Ankara 2024-12-05
2024-10-21 21:55:36+00:00,👤 Ankara 2025-06-04
2024-10-21 21:55:35+00:00,👤 Ankara 2025-03-10
2024-10-21 21:55:20+00:00,👤 Ankara 2024-12-23
2024-10-21 21:55:17+00:00,👤 Ankara 2024-12-12
2024-10-21 21:55:15+00:00,👤 Ankara 2025-02-04
2024-10-21 21:55:15+00:00,👤 Ankara 2024-12-16
2024-10-21 21:55:15+00:00,👥 Ankara 2025-02-04
2024-10-21 21:50:32+00:00,👤 Ankara 2025-02-04
2024-10-21 21:50:22+00:00,👤 Ankara 2025-01-24
2024-10-21 21:50:21+00:00,👤 Ankara 2024-12-17
2024-10-21 21:45:27+00:00,👤 Ankara 2025-05-29
2024-10-21 21:45:22+00:00,👤 Ankara 2025-05-05
2024-10-21 21:45:20+00:00,👤 Ankara 2025-01-24
2024-10-21 21:45:20+00:00,👤 Ankara 2025-01-21
2024-10-21 21:40:35+00:00,👤 İstanbul 2025-01-14
2024-10-21 21:40:23+00:00,👤 Ankara 2025-07-11
2024-10-21 21:35:34+00:00,👤 Ankara 2025-06-12
2024-10-21 21:35:25+00:00,👤 Ankara 2024-11-25
2024-10-21 21:30:20+00:00,👤 Ankara 2025-06-12
2024-10-21 21:30:19+00:00,👤 Ankara 2025-02-19
2024-10-21 21:25:20+00:00,👤 Ankara 2025-02-27
2024-10-21 21:25:17+00:00,👤 Ankara 2025-02-18
2024-10-21 21:25:17+00:00,👤 Ankara 2024-12-13
2024-10-21 21:20:48+00:00,👤 Ankara 2025-05-22
2024-10-21 21:20:38+00:00,👤 Ankara 2025-03-20
2024-10-21 21:20:32+00:00,👤 Ankara 2025-02-25
2024-10-21 21:20:31+00:00,👤 Ankara 2025-02-07
2024-10-21 21:20:25+00:00,👤 Ankara 2025-01-31
2024-10-21 21:20:19+00:00,👤 Ankara 2024-12-10
2024-10-21 21:20:19+00:00,👤 Ankara 2024-12-03
2024-10-21 21:15:42+00:00,👤 Ankara 2024-11-25
2024-10-21 21:15:28+00:00,👤 Ankara 2025-05-21
2024-10-21 21:15:23+00:00,👤 Ankara 2025-01-31
2024-10-21 21:15:22+00:00,👤 Ankara 2024-12-11
2024-10-21 21:10:26+00:00,👤 Ankara 2025-04-18
2024-10-21 21:10:25+00:00,👤 Ankara 2025-04-11
2024-10-21 21:10:20+00:00,👤 İstanbul 2025-06-03
2024-10-21 21:10:19+00:00,👤 Ankara 2025-01-09
2024-10-21 21:10:19+00:00,👤 İstanbul 2025-01-17
2024-10-21 21:10:19+00:00,👤 Ankara 2024-12-23
2024-10-21 21:05:42+00:00,👤 Ankara 2025-04-21
2024-10-21 21:05:28+00:00,👤 Ankara 2025-03-24
2024-10-21 21:05:27+00:00,👤 Ankara 2025-02-07
2024-10-21 21:05:20+00:00,👤 Ankara 2025-01-15
2024-10-21 21:05:19+00:00,👤 Ankara 2024-12-12
2024-10-21 21:00:37+00:00,👤 Ankara 2025-02-06
2024-10-21 21:00:32+00:00,👤 Ankara 2025-02-04
2024-10-21 21:00:29+00:00,👤 İstanbul 2025-01-31
2024-10-21 21:00:28+00:00,👤 Ankara 2024-12-09
2024-10-21 21:00:27+00:00,👤 Ankara 2025-01-08
2024-10-21 21:00:27+00:00,👤 Ankara 2024-12-11
2024-10-21 20:55:19+00:00,👤 Ankara 2025-02-24
2024-10-21 20:55:18+00:00,👤 Ankara 2025-02-18
2024-10-21 20:55:16+00:00,👤 İstanbul 2025-01-13
2024-10-21 20:55:16+00:00,👤 İstanbul 2025-01-06
2024-10-21 20:55:15+00:00,👤 Ankara 2025-03-25
2024-10-21 20:50:24+00:00,👤 Ankara 2025-03-14
2024-10-21 20:50:17+00:00,👤 Ankara 2025-01-15
2024-10-21 20:50:15+00:00,👤 Ankara 2024-12-02
2024-10-21 20:45:43+00:00,👤 Ankara 2025-06-24
2024-10-21 20:45:32+00:00,👤 Ankara 2025-06-10
2024-10-21 20:45:32+00:00,👤 Ankara 2025-02-06
2024-10-21 20:45:21+00:00,👤 Ankara 2024-12-17
2024-10-21 20:45:18+00:00,👤 Ankara 2025-01-16
2024-10-21 20:45:17+00:00,👤 Ankara 2024-12-16
2024-10-21 20:40:37+00:00,👤 Ankara 2025-07-10
2024-10-21 20:40:28+00:00,👤 Ankara 2025-06-02
2024-10-21 20:40:20+00:00,👤 Ankara 2025-02-25
2024-10-21 20:40:17+00:00,👤 Ankara 2025-02-24
2024-10-21 20:40:17+00:00,👤 Ankara 2025-02-04
2024-10-21 20:40:17+00:00,👤 İstanbul 2024-12-04
2024-10-21 20:35:27+00:00,👤 Ankara 2025-07-02
2024-10-21 20:35:17+00:00,👤 Ankara 2025-02-04
2024-10-21 20:35:16+00:00,👤 Ankara 2024-12-16
2024-10-21 20:30:18+00:00,👤 Ankara 2025-01-06
2024-10-21 20:25:21+00:00,👤 Ankara 2025-02-28
2024-10-21 20:25:17+00:00,👤 Ankara 2025-02-05
2024-10-21 20:25:16+00:00,👤 Ankara 2025-01-09
2024-10-21 20:20:30+00:00,👤 Ankara 2025-02-07
2024-10-21 20:15:18+00:00,👤 Ankara 2025-01-08
2024-10-21 20:15:17+00:00,👤 Ankara 2024-12-16
2024-10-21 20:10:21+00:00,👤 Ankara 2025-01-10
2024-10-21 20:10:19+00:00,👤 Ankara 2024-12-18
2024-10-21 20:10:18+00:00,👤 Ankara 2024-12-17
2024-10-21 20:05:30+00:00,👤 Ankara 2025-07-09
2024-10-21 20:05:29+00:00,👤 Ankara 2025-06-16
2024-10-21 20:05:25+00:00,👤 Ankara 2024-12-19
2024-10-21 20:05:24+00:00,👤 Ankara 2024-12-16
2024-10-21 20:00:21+00:00,👤 Ankara 2024-12-13
2024-10-21 20:00:20+00:00,👤 Ankara 2024-12-02
2024-10-21 19:55:31+00:00,👤 Ankara 2025-05-12
2024-10-21 19:55:23+00:00,👤 Ankara 2025-02-13
2024-10-21 19:55:22+00:00,👤 Ankara 2024-12-06
2024-10-21 19:50:19+00:00,👤 Ankara 2025-03-14
2024-10-21 19:45:30+00:00,👤 Ankara 2025-03-19
2024-10-21 19:45:21+00:00,👤 Ankara 2025-01-23
2024-10-21 19:45:16+00:00,👤 Ankara 2025-01-17
2024-10-21 19:45:16+00:00,👤 Ankara 2024-12-18
2024-10-21 19:40:22+00:00,👤 Ankara 2025-06-26
2024-10-21 19:35:22+00:00,👤 Ankara 2025-04-16
2024-10-21 19:35:22+00:00,👤 Ankara 2025-01-08
2024-10-21 19:30:22+00:00,👤 Ankara 2024-12-16
2024-10-21 19:30:09+00:00,👤 Ankara 2025-02-11
2024-10-21 19:30:08+00:00,👤 Ankara 2024-12-18
2024-10-21 19:25:30+00:00,👤 Ankara 2025-02-14
2024-10-21 19:25:29+00:00,👤 Ankara 2024-12-23
2024-10-21 19:25:15+00:00,👤 Ankara 2024-12-16
2024-10-21 19:25:15+00:00,👤 İstanbul 2025-01-17
2024-10-21 19:25:15+00:00,👤 Ankara 2024-12-03
2024-10-21 19:20:27+00:00,👤 Ankara 2024-12-16
2024-10-21 19:20:22+00:00,👤 İstanbul 2025-01-06
2024-10-21 19:10:23+00:00,👤 Ankara 2025-02-11
2024-10-21 19:10:19+00:00,👤 Ankara 2024-12-18
2024-10-21 19:10:19+00:00,👤 Ankara 2024-12-02
2024-10-21 19:05:45+00:00,👤 ❌ Ankara 2024-10-24
2024-10-21 19:05:19+00:00,👤 Ankara 2025-01-10
2024-10-21 19:05:18+00:00,👤 Ankara 2024-12-17
2024-10-21 19:00:50+00:00,👤 Ankara 2025-06-10
2024-10-21 19:00:49+00:00,👤 Ankara 2025-01-21
2024-10-21 19:00:31+00:00,👤 İstanbul 2025-01-16
2024-10-21 19:00:29+00:00,👤 İstanbul 2025-01-31
2024-10-21 19:00:28+00:00,👤 İstanbul 2025-01-03
2024-10-21 19:00:21+00:00,👤 Ankara 2025-04-10
2024-10-21 19:00:20+00:00,👤 Ankara 2024-12-09
2024-10-21 18:55:16+00:00,👤 Ankara 2024-10-30
2024-10-21 18:50:33+00:00,👤 Ankara 2025-07-02
2024-10-21 18:50:28+00:00,👤 İstanbul 2025-01-31
2024-10-21 18:50:26+00:00,👤 Ankara 2025-06-10
2024-10-21 18:50:25+00:00,👤 Ankara 2025-01-21
2024-10-21 18:50:20+00:00,👤 İstanbul 2025-01-16
2024-10-21 18:50:19+00:00,👤 İstanbul 2025-01-03
2024-10-21 18:45:35+00:00,👤 Ankara 2025-02-12
2024-10-21 18:45:28+00:00,👤 Ankara 2025-05-29
2024-10-21 18:45:27+00:00,👤 Ankara 2025-02-18
2024-10-21 18:45:21+00:00,👤 Ankara 2025-02-11
2024-10-21 18:45:20+00:00,👤 Ankara 2025-01-27
2024-10-21 18:45:15+00:00,👤 Ankara 2025-02-20
2024-10-21 18:40:17+00:00,👤 Ankara 2025-05-29
2024-10-21 18:40:16+00:00,👤 Ankara 2025-02-18
2024-10-21 18:35:15+00:00,👤 Ankara 2025-01-02
2024-10-21 18:30:29+00:00,👤 Ankara 2024-12-03
2024-10-21 17:45:28+00:00,👤 Ankara 2025-02-12
2024-10-21 17:45:20+00:00,👤 İstanbul 2025-01-15
2024-10-21 17:40:20+00:00,👤 Ankara 2025-03-13
2024-10-21 17:40:19+00:00,👤 Ankara 2024-12-02
2024-10-21 17:30:19+00:00,👤 İstanbul 2025-06-30
2024-10-21 17:25:18+00:00,👤 İstanbul 2025-01-23
2024-10-21 17:20:19+00:00,👤 İstanbul 2025-01-06
2024-10-21 17:10:18+00:00,👤 İstanbul 2025-01-14
2024-10-21 17:05:20+00:00,👤 Ankara 2024-12-16
2024-10-21 17:00:51+00:00,👤 Ankara 2025-04-15
2024-10-21 17:00:48+00:00,👤 Ankara 2025-03-03
2024-10-21 17:00:47+00:00,👤 Ankara 2024-12-09
2024-10-21 16:55:20+00:00,👤 Ankara 2025-06-13
2024-10-21 16:40:27+00:00,👤 Ankara 2025-05-05
2024-10-21 16:40:23+00:00,👤 Ankara 2025-04-15
2024-10-21 16:40:22+00:00,👤 Ankara 2025-03-03
2024-10-21 16:40:16+00:00,👤 İstanbul 2025-01-13
2024-10-21 16:35:35+00:00,👤 Ankara 2025-06-12
2024-10-21 16:20:44+00:00,👤 Ankara 2024-12-11
2024-10-21 16:18:40+00:00,👤 Ankara 2025-07-17
2024-10-21 16:00:55+00:00,👤 Ankara 2025-07-17
2024-10-21 15:55:28+00:00,👤 Ankara 2025-06-03
2024-10-21 15:55:23+00:00,👤 İstanbul 2024-12-10
2024-10-21 15:50:19+00:00,👤 Ankara 2025-02-27
2024-10-21 15:50:18+00:00,👤 Ankara 2024-12-13
2024-10-21 15:45:18+00:00,👤 Ankara 2025-05-08
2024-10-21 15:45:17+00:00,👤 Ankara 2025-04-16
2024-10-21 15:40:37+00:00,👤 Ankara 2025-06-24
2024-10-21 15:40:36+00:00,👤 Ankara 2025-04-29
2024-10-21 15:40:18+00:00,👤 İstanbul 2025-01-17
2024-10-21 15:40:16+00:00,👤 Ankara 2025-02-20
2024-10-21 15:40:15+00:00,👤 Ankara 2024-12-12
2024-10-21 15:33:58+00:00,👤 İstanbul 2025-07-07
2024-10-21 15:30:36+00:00,👤 Ankara 2025-07-03
2024-10-21 15:30:26+00:00,👤 İstanbul 2025-07-07
2024-10-21 13:36:54+00:00,👤 Ankara 2024-12-03
2024-10-21 13:36:02+00:00,👤 Ankara 2024-12-02
2024-10-21 13:34:32+00:00,👤 Ankara 2024-11-26
2024-10-21 13:34:31+00:00,👤 Ankara 2024-11-25
2024-10-21 13:34:23+00:00,👤 📩 Ankara 2024-11-25
2024-10-21 13:05:54+00:00,👤 İstanbul 2024-11-15
2024-10-21 11:25:37+00:00,👥 Ankara 2025-02-25
2024-10-21 11:25:33+00:00,👤 Ankara 2025-02-25
2024-10-21 11:25:20+00:00,👥 Ankara 2025-02-24
2024-10-21 11:25:19+00:00,👥 Ankara 2025-02-21
2024-10-21 11:25:14+00:00,👤 Ankara 2025-02-24
2024-10-21 11:25:13+00:00,👤 Ankara 2025-02-21
2024-10-21 11:25:05+00:00,👤 Ankara 2025-02-20
2024-10-21 11:25:04+00:00,👤 Ankara 2025-02-19
2024-10-21 11:25:02+00:00,👥 Ankara 2025-02-20
2024-10-21 11:25:01+00:00,👥 Ankara 2025-02-19
2024-10-21 11:24:32+00:00,👤 Ankara 2025-02-13
2024-10-21 11:24:32+00:00,👤 Ankara 2025-02-12
2024-10-21 11:23:41+00:00,👤 Ankara 2025-02-06
2024-10-21 11:23:23+00:00,👤 Ankara 2025-02-05
2024-10-21 11:23:22+00:00,👤 Ankara 2025-02-04
2024-10-21 11:23:02+00:00,👤 Ankara 2025-02-03
2024-10-21 11:23:01+00:00,👤 Ankara 2025-01-31
2024-10-21 11:22:41+00:00,👤 Ankara 2025-01-24
2024-10-21 11:22:40+00:00,👤 Ankara 2025-01-23
2024-10-21 11:22:05+00:00,👤 Ankara 2025-01-17
2024-10-21 11:22:04+00:00,👤 Ankara 2025-01-16
2024-10-21 11:21:37+00:00,👤 Ankara 2025-01-13
2024-10-21 11:21:36+00:00,👤 Ankara 2025-01-10
2024-10-21 11:21:00+00:00,👤 Ankara 2025-01-08
2024-10-21 11:20:51+00:00,👤 Ankara 2025-01-07
2024-10-21 11:20:50+00:00,👥 Ankara 2025-01-07
2024-10-21 11:20:39+00:00,👤 Ankara 2025-01-06
2024-10-21 11:20:32+00:00,👥 Ankara 2025-01-06
2024-10-21 11:20:31+00:00,👤 Ankara 2025-01-03
2024-10-21 11:20:28+00:00,👥 Ankara 2025-01-03
2024-10-21 11:20:27+00:00,👥 Ankara 2025-01-02
2024-10-21 11:20:21+00:00,👤 Ankara 2025-01-02
2024-10-21 11:20:16+00:00,👤 Ankara 2024-12-24
2024-10-21 11:20:12+00:00,👥 Ankara 2024-12-24
2024-10-21 11:20:11+00:00,👥 Ankara 2024-12-23
2024-10-21 11:20:08+00:00,👥 Ankara 2024-12-19
2024-10-21 11:20:08+00:00,👤 Ankara 2024-12-23
2024-10-21 11:20:07+00:00,👤 Ankara 2024-12-19
2024-10-21 11:20:06+00:00,👥 Ankara 2024-12-18
2024-10-21 11:19:48+00:00,👤 Ankara 2024-12-17
2024-10-21 11:19:48+00:00,👤 Ankara 2024-12-16
2024-10-21 11:19:37+00:00,👤 Ankara 2024-12-12
2024-10-21 11:19:23+00:00,👤 Ankara 2024-12-11
2024-10-21 11:19:23+00:00,👤 Ankara 2024-12-10
2024-10-20 23:40:16+00:00,👤 Ankara 2024-10-25
2024-10-20 20:00:20+00:00,👤 Ankara 2024-10-24
2024-10-20 05:50:17+00:00,👤 Ankara 2024-10-30
2024-10-20 01:55:15+00:00,👤 Ankara 2024-11-07
2024-10-19 23:30:18+00:00,👤 Ankara 2024-11-04
2024-10-19 23:30:18+00:00,👤 İstanbul 2024-12-12
2024-10-19 21:15:33+00:00,👤 İstanbul 2024-11-01
2024-10-19 19:40:16+00:00,👤 Ankara 2025-02-28
2024-10-19 17:50:17+00:00,👤 Ankara 2024-11-18
2024-10-19 07:20:18+00:00,👤 Ankara 2024-10-30
2024-10-19 05:25:44+00:00,👤 Ankara 2025-03-21
2024-10-19 00:15:20+00:00,👤 Ankara 2024-10-24
2024-10-18 20:10:17+00:00,👤 Ankara 2024-10-25
2024-10-18 19:40:18+00:00,👤 Ankara 2025-06-17
2024-10-18 18:40:17+00:00,👤 İstanbul 2025-01-16
2024-10-18 16:25:18+00:00,👥 Ankara 2025-03-21
2024-10-18 16:25:17+00:00,👤 Ankara 2025-03-21
2024-10-18 16:05:17+00:00,👤 Ankara 2025-07-08
2024-10-18 15:55:16+00:00,👤 Ankara 2025-07-10
2024-10-18 14:30:19+00:00,👤 Ankara 2025-01-08
2024-10-18 13:20:20+00:00,👤 İstanbul 2025-06-27
2024-10-18 13:15:17+00:00,👤 Ankara 2024-12-06
2024-10-18 07:25:25+00:00,👤 Toronto 2025-07-07
2024-10-18 05:45:24+00:00,👤 Toronto 2025-07-15
2024-10-18 05:20:30+00:00,👤 Toronto 2025-07-23
2024-10-18 05:00:23+00:00,👤 Ankara 2025-06-12
2024-10-18 04:50:25+00:00,👤 Toronto 2025-07-14
2024-10-18 04:45:21+00:00,👤 Toronto 2025-07-08
2024-10-18 04:45:21+00:00,👤 Toronto 2025-07-07
2024-10-18 04:40:17+00:00,👤 İstanbul 2025-06-16
2024-10-18 03:45:15+00:00,👤 Ankara 2024-11-08
2024-10-18 03:30:24+00:00,👤 Toronto 2025-07-11
2024-10-18 03:10:31+00:00,👤 Toronto 2025-07-14
2024-10-18 02:30:19+00:00,👤 Ankara 2025-06-10
2024-10-18 02:10:19+00:00,👤 Ankara 2024-10-22
2024-10-18 01:55:14+00:00,👤 Ankara 2024-10-24
2024-10-18 01:20:20+00:00,👤 Toronto 2025-07-10
2024-10-18 00:55:15+00:00,👤 İstanbul 2025-01-31
2024-10-18 00:25:18+00:00,👤 Ankara 2025-07-08
2024-10-17 22:40:22+00:00,👤 Ankara 2025-04-29
2024-10-17 20:50:16+00:00,👤 Ankara 2024-10-22
2024-10-17 20:15:16+00:00,👤 İstanbul 2025-01-31
2024-10-17 20:10:17+00:00,👤 Ankara 2025-05-08
2024-10-17 20:00:21+00:00,👤 Ankara 2024-10-24
2024-10-17 18:55:15+00:00,👤 Ankara 2024-11-08
2024-10-17 18:50:16+00:00,👤 Ankara 2025-05-05
2024-10-17 17:50:19+00:00,👤 İstanbul 2025-01-31
2024-10-17 15:20:16+00:00,👤 Ankara 2025-05-29
2024-10-17 15:05:18+00:00,👤 Ankara 2025-06-10
2024-10-17 13:30:30+00:00,👤 Ankara 2024-11-05
2024-10-17 12:50:16+00:00,👤 İstanbul 2025-07-07
2024-10-17 11:05:17+00:00,👤 İstanbul 2025-07-10
2024-10-17 10:50:55+00:00,👤 İstanbul 2025-01-31
2024-10-17 08:40:16+00:00,👤 Ankara 2025-03-14
2024-10-17 06:05:24+00:00,👤 İstanbul 2025-06-17
2024-10-17 06:00:21+00:00,👤 Ankara 2025-06-23
2024-10-17 05:35:55+00:00,👤 İstanbul 2025-02-04
2024-10-17 05:35:25+00:00,👤 İstanbul 2025-06-03
2024-10-17 05:35:21+00:00,👥 İstanbul 2025-06-03
2024-10-17 05:30:02+00:00,👤 Ankara 2025-04-25
2024-10-17 05:15:22+00:00,👤 İstanbul 2025-02-04
2024-10-17 05:10:20+00:00,👤 Ankara 2025-04-25
2024-10-17 05:05:22+00:00,👤 İstanbul 2025-01-28
2024-10-17 04:35:18+00:00,👤 İstanbul 2025-06-16
2024-10-17 04:25:18+00:00,👤 İstanbul 2025-06-10
2024-10-17 04:05:17+00:00,👤 Ankara 2024-10-22
2024-10-17 03:15:19+00:00,👤 İstanbul 2025-01-13
2024-10-17 00:20:19+00:00,👤 İstanbul 2025-06-17
2024-10-17 00:20:19+00:00,👥 İstanbul 2025-06-17
2024-10-16 23:50:16+00:00,👤 İstanbul 2024-12-04
2024-10-16 23:10:22+00:00,👤 Ankara 2025-02-13
2024-10-16 22:10:18+00:00,👤 İstanbul 2025-07-11
2024-10-16 21:25:26+00:00,👤 İstanbul 2025-06-17
2024-10-16 21:20:19+00:00,👤 İstanbul 2025-06-16
2024-10-16 20:30:23+00:00,👤 İstanbul 2025-01-31
2024-10-16 19:45:17+00:00,👤 İstanbul 2025-02-03
2024-10-16 19:40:15+00:00,👤 İstanbul 2025-01-09
2024-10-16 19:40:15+00:00,👤 Ankara 2025-07-11
2024-10-16 19:25:17+00:00,👤 İstanbul 2025-07-10
2024-10-16 19:05:16+00:00,👤 İstanbul 2025-01-31
2024-10-16 18:15:23+00:00,👤 İstanbul 2025-06-10
2024-10-16 18:15:18+00:00,👤 Ankara 2025-05-08
2024-10-16 18:05:18+00:00,👤 Ankara 2025-06-23
2024-10-16 17:35:26+00:00,👥 İstanbul 2025-01-31
2024-10-16 17:35:16+00:00,👤 İstanbul 2025-06-24
2024-10-16 17:35:16+00:00,👤 İstanbul 2025-01-31
2024-10-16 17:25:18+00:00,👤 İstanbul 2025-01-30
2024-10-16 17:15:18+00:00,👤 İstanbul 2025-01-16
2024-10-16 17:15:17+00:00,👤 Ankara 2025-06-16
2024-10-16 17:10:21+00:00,👤 İstanbul 2025-06-16
2024-10-16 17:10:20+00:00,👤 İstanbul 2025-06-03
2024-10-16 17:10:17+00:00,👥 İstanbul 2025-06-03
2024-10-16 16:25:42+00:00,👥 Ankara 2024-11-07
2024-10-16 16:20:19+00:00,👤 İstanbul 2025-02-10
2024-10-16 16:20:18+00:00,👤 İstanbul 2025-01-31
2024-10-16 16:15:16+00:00,👤 Ankara 2025-05-29
2024-10-16 15:50:16+00:00,👤 İstanbul 2025-06-10
2024-10-16 15:20:16+00:00,👤 İstanbul 2025-06-17
2024-10-16 15:00:26+00:00,👤 Ankara 2024-11-12
2024-10-16 14:20:22+00:00,👥 İstanbul 2025-06-17
2024-10-16 13:55:20+00:00,👤 İstanbul 2025-01-31
2024-10-16 13:50:19+00:00,👤 İstanbul 2025-01-13
2024-10-16 13:15:18+00:00,👤 İstanbul 2025-06-17
2024-10-16 13:15:16+00:00,👤 İstanbul 2024-11-18
2024-10-16 13:00:21+00:00,👤 Ankara 2025-06-16
2024-10-16 12:50:18+00:00,👤 Ankara 2025-05-29
2024-10-16 12:50:17+00:00,👤 İstanbul 2025-06-16
2024-10-16 12:30:27+00:00,👤 İstanbul 2025-07-08
2024-10-16 12:30:25+00:00,👤 İstanbul 2025-06-24
2024-10-16 12:30:24+00:00,👤 İstanbul 2025-06-17
2024-10-16 12:20:19+00:00,👤 İstanbul 2025-07-10
2024-10-16 11:25:15+00:00,👤 Ankara 2025-04-25
2024-10-16 11:10:18+00:00,👤 İstanbul 2025-01-16
2024-10-16 09:55:16+00:00,👤 Ankara 2025-07-11
2024-10-16 09:50:17+00:00,👤 Ankara 2024-10-31
2024-10-16 08:03:17+00:00,👤 İstanbul 2025-01-31
2024-10-16 08:03:14+00:00,👥 İstanbul 2025-01-31
2024-10-16 08:00:09+00:00,👤 İstanbul 2025-01-31
2024-10-16 08:00:09+00:00,👥 İstanbul 2025-01-31
2024-10-16 06:15:16+00:00,👤 Ankara 2025-04-15
2024-10-16 04:50:33+00:00,👤 İstanbul 2025-01-09
2024-10-16 04:25:16+00:00,👤 Ankara 2024-11-18
2024-10-16 04:25:16+00:00,👤 Ankara 2025-05-21
2024-10-16 04:20:29+00:00,👤 İstanbul 2025-09-08
2024-10-16 04:15:21+00:00,👤 İstanbul 2025-01-15
2024-10-16 03:55:30+00:00,👤 İstanbul 2025-01-16
2024-10-16 02:00:35+00:00,👤 İstanbul 2024-12-04
2024-10-15 22:05:17+00:00,👤 Ankara 2025-06-02
2024-10-15 21:50:16+00:00,👤 Ankara 2025-04-25
2024-10-15 21:35:20+00:00,👤 Ankara 2025-04-10
2024-10-15 21:00:28+00:00,👤 Ankara 2024-12-06
2024-10-15 20:45:23+00:00,👤 İstanbul 2025-01-14
2024-10-15 19:35:15+00:00,👤 Ankara 2025-06-20
2024-10-15 18:45:16+00:00,👤 Ankara 2024-10-22
2024-10-15 18:40:19+00:00,👤 Ankara 2025-04-07
2024-10-15 18:30:17+00:00,👤 Ankara 2024-12-11
2024-10-15 17:50:46+00:00,👤 İstanbul 2025-10-14
2024-10-15 17:15:19+00:00,👤 Ankara 2025-04-14
2024-10-15 15:55:15+00:00,👤 Ankara 2024-10-18
2024-10-15 15:45:20+00:00,👤 Ankara 2024-11-01
2024-10-15 15:30:19+00:00,👤 Ankara 2025-02-13
2024-10-15 15:20:18+00:00,👤 Ankara 2024-11-01
2024-10-15 14:35:26+00:00,👤 Ankara 2025-04-18
2024-10-15 13:55:20+00:00,👤 Ankara 2025-03-14
2024-10-15 13:25:15+00:00,👤 İstanbul 2025-01-07
2024-10-15 12:20:18+00:00,👤 Ankara 2025-06-23
2024-10-15 10:00:59+00:00,👤 İstanbul 2025-07-07
2024-10-15 09:15:17+00:00,👤 İstanbul 2025-06-10
2024-10-15 09:10:22+00:00,👤 İstanbul 2025-07-08
2024-10-15 08:00:20+00:00,👤 Ankara 2025-07-08
2024-10-15 07:55:18+00:00,👤 Ankara 2025-03-19
2024-10-15 07:45:17+00:00,👤 İstanbul 2024-12-04
2024-10-15 07:25:16+00:00,👤 İstanbul 2025-01-10
2024-10-15 07:10:21+00:00,👤 İstanbul 2025-06-26
2024-10-15 06:00:21+00:00,👤 İstanbul 2025-06-24
2024-10-15 05:55:20+00:00,👤 İstanbul 2025-06-17
2024-10-15 04:45:16+00:00,👤 Ankara 2025-01-13
2024-10-15 04:40:28+00:00,👤 İstanbul 2025-06-30
2024-10-15 04:40:27+00:00,👤 İstanbul 2025-06-27
2024-10-15 04:05:16+00:00,👤 Ankara 2025-07-11
2024-10-15 03:50:16+00:00,👤 Ankara 2025-02-20
2024-10-15 03:25:16+00:00,👤 Ankara 2024-10-22
2024-10-15 02:55:15+00:00,👤 Ankara 2025-05-29
2024-10-15 01:35:16+00:00,👤 Ankara 2025-06-20
2024-10-15 00:30:21+00:00,👤 Ankara 2025-06-27
2024-10-15 00:10:16+00:00,👤 Ankara 2025-03-25
2024-10-14 23:40:17+00:00,👤 Ankara 2025-06-13
2024-10-14 22:50:15+00:00,👤 Ankara 2025-05-05
2024-10-14 22:45:16+00:00,👤 Ankara 2025-03-21
2024-10-14 22:40:17+00:00,👤 Ankara 2024-10-18
2024-10-14 22:35:15+00:00,👤 Ankara 2024-10-21
2024-10-14 22:25:28+00:00,👤 İstanbul 2025-06-30
2024-10-14 22:00:24+00:00,👤 İstanbul 2025-01-28
2024-10-14 22:00:21+00:00,👤 Ankara 2024-10-25
2024-10-14 21:50:16+00:00,👤 Ankara 2025-06-12
2024-10-14 21:45:16+00:00,👤 Ankara 2025-06-12
2024-10-14 21:25:15+00:00,👤 Ankara 2024-12-06
2024-10-14 21:25:14+00:00,👤 Ankara 2024-10-22
2024-10-14 21:20:19+00:00,👤 Ankara 2025-01-09
2024-10-14 21:20:18+00:00,👤 Ankara 2024-10-18
2024-10-14 21:15:21+00:00,👤 İstanbul 2025-02-04
2024-10-14 20:55:18+00:00,👤 İstanbul 2025-01-16
2024-10-14 20:20:17+00:00,👤 Ankara 2025-04-15
2024-10-14 20:15:29+00:00,👤 İstanbul 2025-06-26
2024-10-14 20:15:29+00:00,👤 İstanbul 2025-06-02
2024-10-14 20:00:28+00:00,👤 İstanbul 2025-01-06
2024-10-14 20:00:21+00:00,👤 Ankara 2024-10-30
2024-10-14 19:50:16+00:00,👤 İstanbul 2025-01-21
2024-10-14 19:35:17+00:00,👤 İstanbul 2025-02-03
2024-10-14 19:35:16+00:00,👤 Ankara 2024-12-10
2024-10-14 19:25:14+00:00,👤 Ankara 2025-04-18
2024-10-14 19:20:17+00:00,👤 Ankara 2025-06-17
2024-10-14 19:20:17+00:00,👤 İstanbul 2025-01-15
2024-10-14 19:20:16+00:00,👤 İstanbul 2025-01-13
2024-10-14 19:05:17+00:00,👤 İstanbul 2025-01-14
2024-10-14 18:45:15+00:00,👤 Ankara 2025-06-16
2024-10-14 18:40:17+00:00,👤 Ankara 2025-06-12
2024-10-14 18:20:19+00:00,👤 Ankara 2025-05-08
2024-10-14 18:10:17+00:00,👤 İstanbul 2025-01-15
2024-10-14 18:05:20+00:00,👤 Ankara 2025-05-21
2024-10-14 18:05:18+00:00,👥 Ankara 2025-05-21
2024-10-14 18:00:20+00:00,👤 Ankara 2025-03-10
2024-10-14 17:55:22+00:00,👤 İstanbul 2025-07-07
2024-10-14 17:55:22+00:00,👤 İstanbul 2025-06-26
2024-10-14 17:50:18+00:00,👤 Ankara 2025-06-03
2024-10-14 17:45:16+00:00,👤 İstanbul 2025-03-18
2024-10-14 17:40:15+00:00,👤 İstanbul 2025-06-10
2024-10-14 17:35:15+00:00,👤 İstanbul 2025-01-27
2024-10-14 17:35:14+00:00,👤 İstanbul 2025-01-10
2024-10-14 17:35:14+00:00,👤 Ankara 2025-04-25
2024-10-14 17:15:16+00:00,👤 İstanbul 2025-06-12
2024-10-14 17:10:18+00:00,👤 Ankara 2025-02-24
2024-10-14 17:05:18+00:00,👤 İstanbul 2025-06-30
2024-10-14 17:05:18+00:00,👤 İstanbul 2025-06-10
2024-10-14 17:00:20+00:00,👤 İstanbul 2025-06-24
2024-10-14 16:50:21+00:00,👤 İstanbul 2025-06-27
2024-10-14 16:50:21+00:00,👤 İstanbul 2025-03-03
2024-10-14 16:45:18+00:00,👤 İstanbul 2025-01-21
2024-10-14 16:40:17+00:00,👤 İstanbul 2025-01-13
2024-10-14 16:35:19+00:00,👤 Ankara 2025-07-08
2024-10-14 16:35:17+00:00,👤 Ankara 2024-10-21
2024-10-14 16:10:18+00:00,👤 Ankara 2025-05-23
2024-10-14 16:05:17+00:00,👤 Ankara 2024-10-17
2024-10-14 15:50:15+00:00,👤 İstanbul 2025-01-13
2024-10-14 15:45:15+00:00,👤 İstanbul 2025-02-10
2024-10-14 15:40:15+00:00,👤 İstanbul 2025-01-30
2024-10-14 15:40:14+00:00,👤 İstanbul 2025-07-08
2024-10-14 15:30:19+00:00,👤 Ankara 2025-06-10
2024-10-14 15:30:16+00:00,👤 İstanbul 2025-03-27
2024-10-14 15:20:17+00:00,👤 İstanbul 2025-06-24
2024-10-14 15:00:20+00:00,👤 İstanbul 2025-02-04
2024-10-14 14:25:19+00:00,👤 İstanbul 2025-01-06
2024-10-14 14:25:16+00:00,👤 Ankara 2025-01-28
2024-10-14 14:25:14+00:00,👤 Ankara 2025-04-14
2024-10-14 14:20:18+00:00,👤 İstanbul 2025-06-23
2024-10-14 14:10:16+00:00,👤 İstanbul 2025-03-06
2024-10-14 14:05:18+00:00,👤 İstanbul 2025-07-07
2024-10-14 13:55:18+00:00,👤 İstanbul 2025-02-03
2024-10-14 13:55:16+00:00,👤 İstanbul 2025-01-17
2024-10-14 13:50:18+00:00,👤 İstanbul 2025-01-23
2024-10-14 13:40:26+00:00,👤 Ankara 2025-06-23
2024-10-14 13:40:14+00:00,👤 Ankara 2025-05-08
2024-10-14 13:40:14+00:00,👤 Ankara 2025-06-12
2024-10-14 13:35:15+00:00,👤 İstanbul 2025-06-16
2024-10-14 13:35:14+00:00,👤 İstanbul 2025-01-06
2024-10-14 13:30:17+00:00,👤 Ankara 2025-07-09
2024-10-14 13:25:15+00:00,👤 Ankara 2024-10-25
2024-10-14 13:20:15+00:00,👤 İstanbul 2025-06-23
2024-10-14 13:15:21+00:00,👤 Ankara 2024-10-17
2024-10-14 13:10:17+00:00,👤 Ankara 2025-06-17
2024-10-14 13:10:16+00:00,👤 İstanbul 2025-06-30
2024-10-14 13:05:17+00:00,👤 Ankara 2025-06-26
2024-10-14 13:05:17+00:00,👤 Ankara 2024-11-07
2024-10-14 13:05:16+00:00,👤 İstanbul 2025-06-24
2024-10-14 12:50:17+00:00,👤 İstanbul 2025-03-11
2024-10-14 12:50:16+00:00,👤 İstanbul 2024-11-14
2024-10-14 12:45:15+00:00,👤 Ankara 2025-05-21
2024-10-14 12:40:23+00:00,👤 İstanbul 2025-06-17
2024-10-14 12:40:22+00:00,👤 İstanbul 2025-01-14
2024-10-14 12:40:15+00:00,👤 Ankara 2025-04-30
2024-10-14 12:35:16+00:00,👤 İstanbul 2025-01-30
2024-10-14 12:35:15+00:00,👤 Ankara 2025-06-03
2024-10-14 12:35:15+00:00,👤 Ankara 2025-04-11
2024-10-14 12:15:17+00:00,👤 Ankara 2025-06-16
2024-10-14 12:15:16+00:00,👥 Ankara 2025-06-16
2024-10-14 11:45:18+00:00,👥 İstanbul 2025-01-09
2024-10-14 11:45:17+00:00,👤 İstanbul 2025-01-09
2024-10-14 11:35:17+00:00,👤 İstanbul 2025-06-30
2024-10-14 11:35:16+00:00,👤 Ankara 2025-03-19
2024-10-14 11:35:15+00:00,👤 İstanbul 2025-06-02
2024-10-14 11:30:17+00:00,👤 Ankara 2025-06-10
2024-10-14 11:25:20+00:00,👤 İstanbul 2025-06-27
2024-10-14 11:25:14+00:00,👤 İstanbul 2025-01-09
2024-10-14 11:25:14+00:00,👤 Ankara 2025-05-29
2024-10-14 11:20:20+00:00,👤 İstanbul 2025-06-17
2024-10-14 11:20:19+00:00,👤 İstanbul 2025-01-13
2024-10-14 11:20:18+00:00,👤 İstanbul 2024-12-04
2024-10-14 11:15:24+00:00,👤 İstanbul 2025-01-17
2024-10-14 11:15:23+00:00,👤 İstanbul 2025-01-02
2024-10-14 11:10:17+00:00,👥 Ankara 2025-06-12
2024-10-14 11:10:17+00:00,👤 İstanbul 2025-02-06
2024-10-14 11:10:17+00:00,👤 Ankara 2025-06-12
2024-10-14 11:10:17+00:00,👤 İstanbul 2025-02-03
2024-10-14 11:05:17+00:00,👤 Ankara 2024-12-11
2024-10-14 11:05:17+00:00,👤 İstanbul 2025-01-17
2024-10-14 11:00:21+00:00,👤 İstanbul 2025-01-09
2024-10-14 11:00:20+00:00,👤 İstanbul 2025-01-07
2024-10-14 10:50:28+00:00,👤 İstanbul 2025-02-03
2024-10-14 10:50:22+00:00,👤 Ankara 2025-06-18
2024-10-14 10:50:22+00:00,👤 Ankara 2025-04-22
2024-10-14 10:50:19+00:00,👤 İstanbul 2025-01-29
2024-10-14 10:50:18+00:00,👤 İstanbul 2025-01-27
2024-10-14 10:50:17+00:00,👤 Ankara 2024-12-06
2024-10-14 10:50:16+00:00,👤 Ankara 2024-10-25
2024-10-14 10:45:16+00:00,👤 Ankara 2025-06-23
2024-10-14 10:45:15+00:00,👤 İstanbul 2025-02-03
2024-10-14 10:40:23+00:00,👤 İstanbul 2025-06-10
2024-10-14 10:40:16+00:00,👤 İstanbul 2025-02-04
2024-10-14 10:40:15+00:00,👤 İstanbul 2025-01-30
2024-10-14 10:35:20+00:00,👤 İstanbul 2025-01-13
2024-10-14 10:30:25+00:00,👤 İstanbul 2025-06-12
2024-10-14 10:30:19+00:00,👤 Ankara 2025-06-16
2024-10-14 10:25:16+00:00,👤 Ankara 2025-06-23
2024-10-14 10:00:59+00:00,👤 Ankara 2025-06-16
2024-10-14 10:00:59+00:00,👤 Ankara 2025-04-21
2024-10-14 09:45:23+00:00,👤 Ankara 2024-11-13
2024-10-14 09:45:15+00:00,👤 İstanbul 2025-01-15
2024-10-14 09:40:20+00:00,👤 İstanbul 2025-02-04
2024-10-14 09:35:16+00:00,👤 Ankara 2025-04-18
2024-10-14 09:30:20+00:00,👤 İstanbul 2025-01-29
2024-10-14 09:30:19+00:00,👤 İstanbul 2025-01-10
2024-10-14 09:25:15+00:00,👤 İstanbul 2025-01-07
2024-10-14 09:20:17+00:00,👤 İstanbul 2025-03-18
2024-10-14 09:20:16+00:00,👤 İstanbul 2025-01-10
2024-10-14 09:15:16+00:00,👤 İstanbul 2025-01-17
2024-10-14 09:10:19+00:00,👤 İstanbul 2025-06-12
2024-10-14 09:05:18+00:00,👤 Ankara 2025-06-10
2024-10-14 09:05:18+00:00,👤 Ankara 2025-06-10
2024-10-14 09:00:21+00:00,👤 İstanbul 2025-01-28
2024-10-14 08:55:15+00:00,👤 İstanbul 2025-01-23
2024-10-14 08:45:16+00:00,👤 İstanbul 2025-01-07
2024-10-14 08:45:16+00:00,👤 İstanbul 2024-12-04
2024-10-14 08:40:19+00:00,👤 İstanbul 2025-03-03
2024-10-14 08:40:19+00:00,👤 İstanbul 2025-01-30
2024-10-14 08:40:14+00:00,👤 Ankara 2025-02-24
2024-10-14 08:35:29+00:00,👤 İstanbul 2025-06-23
2024-10-14 08:35:28+00:00,👤 İstanbul 2025-01-16
2024-10-14 08:30:20+00:00,👤 Ankara 2025-05-29
2024-10-14 08:25:16+00:00,👤 İstanbul 2025-01-14
2024-10-14 08:25:16+00:00,👤 Ankara 2024-12-10
2024-10-14 08:20:16+00:00,👤 Ankara 2024-10-25
2024-10-14 08:15:19+00:00,👤 Ankara 2024-12-09
2024-10-14 08:00:32+00:00,👤 Ankara 2024-11-20
2024-10-14 07:41:00+00:00,👤 İstanbul 2025-07-10
2024-10-14 07:40:29+00:00,👤 İstanbul 2025-06-16
2024-10-14 07:40:20+00:00,👤 İstanbul 2025-06-02
2024-10-14 07:40:19+00:00,👤 İstanbul 2025-01-14
2024-10-14 07:35:14+00:00,👤 İstanbul 2025-06-30
2024-10-14 07:30:39+00:00,👤 İstanbul 2025-06-23
2024-10-14 07:30:17+00:00,👤 İstanbul 2025-06-10
2024-10-14 07:30:16+00:00,👤 İstanbul 2025-01-13
2024-10-14 07:25:16+00:00,👤 İstanbul 2025-01-17
2024-10-14 07:20:17+00:00,👤 Ankara 2025-05-29
2024-10-14 07:15:16+00:00,👤 İstanbul 2025-02-03
2024-10-14 07:10:16+00:00,👤 Ankara 2025-05-06
2024-10-14 07:10:16+00:00,👥 Ankara 2025-05-06
2024-10-14 07:05:17+00:00,👤 İstanbul 2025-02-03
2024-10-14 07:05:17+00:00,👤 İstanbul 2025-01-07
2024-10-14 07:00:21+00:00,👤 İstanbul 2025-02-04
2024-10-14 06:55:15+00:00,👤 Ankara 2025-06-26
2024-10-14 06:50:41+00:00,👤 İstanbul 2025-06-10
2024-10-14 06:50:31+00:00,👤 İstanbul 2025-01-16
2024-10-14 06:50:22+00:00,👤 İstanbul 2025-01-15
2024-10-14 06:50:22+00:00,👤 İstanbul 2025-01-06
2024-10-14 06:50:18+00:00,👤 Ankara 2025-06-16
2024-10-14 06:50:17+00:00,👥 Ankara 2025-06-16
2024-10-14 06:45:17+00:00,👤 İstanbul 2025-07-07
2024-10-14 06:45:17+00:00,👤 Ankara 2025-04-25
2024-10-14 06:45:15+00:00,👤 Ankara 2025-06-10
2024-10-14 06:45:14+00:00,👤 Ankara 2024-12-12
2024-10-14 06:40:22+00:00,👤 İstanbul 2025-01-15
2024-10-14 06:40:14+00:00,👤 İstanbul 2025-06-10
2024-10-14 06:40:14+00:00,👤 İstanbul 2025-01-28
2024-10-14 06:35:21+00:00,👤 İstanbul 2025-03-06
2024-10-14 06:30:45+00:00,👤 İstanbul 2025-06-30
2024-10-14 06:30:21+00:00,👤 Ankara 2025-06-02
2024-10-14 06:30:17+00:00,👤 İstanbul 2025-06-27
2024-10-14 06:30:17+00:00,👤 İstanbul 2025-01-30
2024-10-14 06:25:15+00:00,👤 İstanbul 2025-01-15
2024-10-14 06:20:44+00:00,👤 İstanbul 2025-01-13
2024-10-14 06:20:43+00:00,👤 İstanbul 2025-01-09
2024-10-14 06:10:16+00:00,👤 Ankara 2025-04-30
2024-10-14 06:05:42+00:00,👥 İstanbul 2025-01-16
2024-10-14 06:05:23+00:00,👤 Ankara 2025-06-26
2024-10-14 06:00:54+00:00,👤 Ankara 2025-05-22
2024-10-14 06:00:24+00:00,👥 Ankara 2025-04-11
2024-10-14 06:00:20+00:00,👤 Ankara 2025-04-24
2024-10-14 06:00:19+00:00,👤 Ankara 2025-04-11
2024-10-14 05:55:15+00:00,👤 Ankara 2025-06-18
2024-10-14 05:55:15+00:00,👤 Ankara 2025-06-13
2024-10-14 05:35:35+00:00,👤 İstanbul 2025-01-23
2024-10-14 05:35:19+00:00,👤 Ankara 2025-05-06
2024-10-14 05:35:18+00:00,👤 Ankara 2025-02-14
2024-10-14 05:35:15+00:00,👤 İstanbul 2025-01-17
2024-10-14 05:35:14+00:00,👤 İstanbul 2025-01-09
2024-10-14 05:30:23+00:00,👤 İstanbul 2025-06-17
2024-10-14 05:30:21+00:00,👥 İstanbul 2025-06-17
2024-10-14 05:30:17+00:00,👤 Ankara 2025-05-27
2024-10-14 05:25:31+00:00,👤 İstanbul 2025-06-03
2024-10-14 05:25:15+00:00,👤 İstanbul 2025-01-30
2024-10-14 05:25:15+00:00,👤 İstanbul 2025-01-06
2024-10-14 05:20:17+00:00,👤 İstanbul 2025-06-30
2024-10-14 05:20:16+00:00,👤 İstanbul 2025-01-29
2024-10-14 05:15:56+00:00,👤 İstanbul 2025-06-03
2024-10-14 05:15:37+00:00,👤 İstanbul 2025-06-02
2024-10-14 05:15:23+00:00,👤 İstanbul 2025-01-27
2024-10-14 05:15:16+00:00,👤 İstanbul 2025-01-13
2024-10-14 05:15:16+00:00,👤 İstanbul 2024-12-12
2024-10-14 05:10:51+00:00,👤 İstanbul 2025-07-10
2024-10-14 05:10:20+00:00,👤 İstanbul 2025-03-10
2024-10-14 05:10:19+00:00,👤 İstanbul 2025-01-16
2024-10-14 05:05:17+00:00,👤 İstanbul 2025-06-10
2024-10-14 05:05:17+00:00,👤 İstanbul 2025-01-15
2024-10-14 05:00:27+00:00,👤 İstanbul 2025-06-02
2024-10-14 05:00:26+00:00,👤 İstanbul 2025-02-25
2024-10-14 04:55:24+00:00,👤 İstanbul 2025-06-23
2024-10-14 04:55:16+00:00,👤 İstanbul 2025-06-17
2024-10-14 04:55:16+00:00,👤 Ankara 2025-02-06
2024-10-14 04:55:15+00:00,👤 İstanbul 2025-01-16
2024-10-14 04:50:17+00:00,👤 Ankara 2024-11-19
2024-10-14 04:50:16+00:00,👤 İstanbul 2025-01-15
2024-10-14 04:45:19+00:00,👤 İstanbul 2025-01-06
2024-10-14 04:40:15+00:00,👤 Ankara 2025-06-16
2024-10-14 04:35:21+00:00,👤 İstanbul 2025-02-14
2024-10-14 04:35:18+00:00,👤 İstanbul 2025-01-27
2024-10-14 04:35:18+00:00,👤 İstanbul 2025-01-15
2024-10-14 04:30:25+00:00,👤 İstanbul 2025-06-16
2024-10-14 04:25:21+00:00,👤 İstanbul 2025-01-27
2024-10-14 04:25:15+00:00,👤 Ankara 2025-07-01
2024-10-14 04:25:15+00:00,👤 Ankara 2025-06-17
2024-10-14 04:20:20+00:00,👤 İstanbul 2025-01-23
2024-10-14 04:20:19+00:00,👤 İstanbul 2025-01-16
2024-10-14 04:20:16+00:00,👤 Ankara 2025-06-27
2024-10-14 04:15:20+00:00,👥 Ankara 2025-03-05
2024-10-14 04:15:16+00:00,👤 Ankara 2025-03-05
2024-10-14 04:15:15+00:00,👤 Ankara 2024-11-08
2024-10-14 04:10:16+00:00,👤 İstanbul 2025-01-06
2024-10-14 04:05:24+00:00,👥 Ankara 2025-05-21
2024-10-14 04:05:17+00:00,👤 Ankara 2025-05-21
2024-10-14 04:00:22+00:00,👤 Ankara 2025-04-24
2024-10-14 03:50:24+00:00,👤 Ankara 2025-07-08
2024-10-14 03:50:17+00:00,👤 Ankara 2025-06-10
2024-10-14 03:50:17+00:00,👤 Ankara 2024-12-13
2024-10-14 03:50:15+00:00,👥 İstanbul 2025-01-13
2024-10-14 03:40:18+00:00,👥 İstanbul 2025-06-10
2024-10-14 03:35:18+00:00,👥 İstanbul 2024-12-02
2024-10-14 03:25:28+00:00,👤 İstanbul 2025-01-15
2024-10-14 03:25:15+00:00,👤 Ankara 2025-03-14
2024-10-14 03:20:17+00:00,👤 İstanbul 2025-02-04
2024-10-14 03:15:17+00:00,👤 Ankara 2025-05-12
2024-10-14 03:15:15+00:00,👤 İstanbul 2025-03-03
2024-10-14 03:10:19+00:00,👤 İstanbul 2025-06-27
2024-10-14 03:10:16+00:00,👤 Ankara 2025-02-27
2024-10-14 03:00:33+00:00,👤 İstanbul 2025-02-04
2024-10-14 03:00:32+00:00,👤 İstanbul 2025-01-30
2024-10-14 03:00:20+00:00,👤 Ankara 2025-01-02
2024-10-14 02:55:38+00:00,👤 İstanbul 2025-01-30
2024-10-14 02:55:19+00:00,👤 İstanbul 2025-01-15
2024-10-14 02:55:15+00:00,👤 İstanbul 2025-01-06
2024-10-14 02:55:15+00:00,👤 İstanbul 2025-01-16
2024-10-14 02:55:14+00:00,👤 İstanbul 2025-01-14
2024-10-14 02:50:17+00:00,👤 İstanbul 2025-01-15
2024-10-14 02:50:15+00:00,👤 Ankara 2025-07-02
2024-10-14 02:45:18+00:00,👤 Ankara 2024-10-25
2024-10-14 02:45:17+00:00,👤 İstanbul 2025-01-17
2024-10-14 02:45:17+00:00,👤 İstanbul 2025-01-16
2024-10-14 02:40:17+00:00,👤 İstanbul 2025-06-10
2024-10-14 02:35:25+00:00,👤 İstanbul 2025-01-31
2024-10-14 02:35:17+00:00,👤 İstanbul 2025-01-21
2024-10-14 02:35:16+00:00,👤 İstanbul 2025-01-17
2024-10-14 02:35:14+00:00,👤 Ankara 2025-03-19
2024-10-14 02:30:19+00:00,👤 İstanbul 2025-06-23
2024-10-14 02:25:20+00:00,👤 İstanbul 2025-02-03
2024-10-14 02:25:20+00:00,👤 İstanbul 2025-01-16
2024-10-14 02:25:18+00:00,👤 Ankara 2025-05-21
2024-10-14 02:25:14+00:00,👤 Ankara 2025-03-13
2024-10-14 02:20:35+00:00,👤 İstanbul 2025-06-02
2024-10-14 02:20:18+00:00,👤 İstanbul 2025-02-14
2024-10-14 02:20:18+00:00,👤 İstanbul 2025-01-17
2024-10-14 02:15:21+00:00,👤 İstanbul 2025-06-23
2024-10-14 02:15:20+00:00,👤 İstanbul 2025-03-10
2024-10-14 02:10:56+00:00,👤 İstanbul 2025-06-23
2024-10-14 02:10:44+00:00,👤 İstanbul 2025-01-30
2024-10-14 02:10:27+00:00,👥 İstanbul 2025-01-30
2024-10-14 02:10:18+00:00,👤 İstanbul 2025-01-15
2024-10-14 02:10:17+00:00,👤 İstanbul 2025-01-13
2024-10-14 02:06:35+00:00,👤 İstanbul 2025-06-12
2024-10-14 02:05:17+00:00,👤 Ankara 2025-06-17
2024-10-14 01:55:17+00:00,👥 İstanbul 2025-01-09
2024-10-14 01:50:15+00:00,👥 İstanbul 2025-06-30
2024-10-14 01:40:15+00:00,👤 Ankara 2024-10-17
2024-10-14 01:35:16+00:00,👤 Ankara 2025-06-23
2024-10-14 01:30:18+00:00,👤 Ankara 2025-06-10
2024-10-14 01:25:29+00:00,👥 Ankara 2024-11-07
2024-10-14 01:25:22+00:00,👤 Ankara 2024-11-07
2024-10-14 01:25:19+00:00,👤 Ankara 2025-06-23
2024-10-14 01:25:16+00:00,👤 İstanbul 2025-06-30
2024-10-14 01:25:15+00:00,👤 İstanbul 2025-02-03
2024-10-14 01:20:48+00:00,👤 İstanbul 2025-06-24
2024-10-14 01:20:18+00:00,👤 İstanbul 2025-01-29
2024-10-14 01:20:17+00:00,👤 İstanbul 2025-01-10
2024-10-14 01:20:16+00:00,👤 Ankara 2025-04-21
2024-10-14 01:20:16+00:00,👤 Ankara 2024-12-09
2024-10-14 01:15:46+00:00,👤 İstanbul 2025-01-23
2024-10-14 01:15:20+00:00,👤 İstanbul 2025-01-21
2024-10-14 01:15:17+00:00,👤 Ankara 2025-04-22
2024-10-14 01:15:17+00:00,👤 İstanbul 2025-01-15
2024-10-14 01:15:16+00:00,👤 İstanbul 2024-11-04
2024-10-14 01:10:21+00:00,👤 İstanbul 2025-02-04
2024-10-14 01:10:18+00:00,👥 İstanbul 2025-02-04
2024-10-14 01:05:23+00:00,👥 Ankara 2025-05-29
2024-10-14 01:05:17+00:00,👤 Ankara 2025-05-29
2024-10-14 01:05:17+00:00,👤 İstanbul 2025-06-23
2024-10-14 01:05:16+00:00,👤 İstanbul 2025-01-09
2024-10-14 01:02:47+00:00,👤 İstanbul 2025-06-24
2024-10-14 01:02:47+00:00,👤 İstanbul 2025-02-06
2024-10-14 01:00:25+00:00,👤 İstanbul 2025-01-14
2024-10-14 01:00:24+00:00,👤 İstanbul 2025-01-07
2024-10-14 01:00:21+00:00,👤 Ankara 2025-04-07
2024-10-14 00:55:27+00:00,👤 İstanbul 2025-01-10
2024-10-14 00:55:23+00:00,👤 İstanbul 2024-11-22
2024-10-14 00:55:22+00:00,👤 Ankara 2025-06-12
2024-10-14 00:55:21+00:00,👤 Ankara 2024-11-01
2024-10-14 00:50:21+00:00,👥 İstanbul 2025-01-29
2024-10-14 00:50:16+00:00,👤 Ankara 2025-03-19
2024-10-14 00:50:16+00:00,👤 İstanbul 2025-01-29
2024-10-14 00:50:15+00:00,👤 İstanbul 2024-12-05
2024-10-14 00:45:35+00:00,👤 İstanbul 2025-06-10
2024-10-14 00:45:18+00:00,👤 İstanbul 2025-01-16
2024-10-14 00:45:17+00:00,👤 İstanbul 2025-01-10
2024-10-14 00:45:16+00:00,👤 Ankara 2025-02-20
2024-10-14 00:40:51+00:00,👤 İstanbul 2025-07-01
2024-10-14 00:40:28+00:00,👤 Ankara 2025-07-09
2024-10-14 00:40:27+00:00,👤 Ankara 2025-06-16
2024-10-14 00:40:24+00:00,👤 Ankara 2024-11-04
2024-10-14 00:40:22+00:00,👤 İstanbul 2025-01-23
2024-10-14 00:40:16+00:00,👥 İstanbul 2025-07-01
2024-10-14 00:40:15+00:00,👤 İstanbul 2025-06-23
2024-10-14 00:40:14+00:00,👤 İstanbul 2025-01-28
2024-10-14 00:37:32+00:00,👤 İstanbul 2025-06-30
2024-10-14 00:35:32+00:00,👤 İstanbul 2025-02-07
2024-10-14 00:35:20+00:00,👤 İstanbul 2025-01-13
2024-10-14 00:34:14+00:00,👤 İstanbul 2025-07-08
2024-10-14 00:32:58+00:00,👤 İstanbul 2025-06-12
2024-10-14 00:32:57+00:00,👤 İstanbul 2025-06-10
2024-10-14 00:31:52+00:00,👤 İstanbul 2025-03-03
2024-10-14 00:30:20+00:00,👤 İstanbul 2025-02-04
2024-10-14 00:30:18+00:00,👤 Ankara 2025-04-30
2024-10-14 00:30:18+00:00,👤 İstanbul 2025-02-06
2024-10-14 00:30:17+00:00,👤 İstanbul 2025-01-15
2024-10-14 00:25:21+00:00,👤 İstanbul 2025-01-09
2024-10-14 00:25:15+00:00,👤 İstanbul 2024-11-26
2024-10-14 00:20:19+00:00,👤 İstanbul 2025-01-09
2024-10-14 00:20:18+00:00,👤 İstanbul 2025-01-07
2024-10-14 00:20:15+00:00,👤 Ankara 2025-03-10
2024-10-14 00:15:18+00:00,👤 Ankara 2025-05-22
2024-10-14 00:15:17+00:00,👤 İstanbul 2025-03-18
2024-10-14 00:15:17+00:00,👤 İstanbul 2025-01-10
2024-10-14 00:10:22+00:00,👤 İstanbul 2025-06-03
2024-10-14 00:10:22+00:00,👤 İstanbul 2025-01-15
2024-10-14 00:05:37+00:00,👤 İstanbul 2025-06-03
2024-10-14 00:05:23+00:00,👤 İstanbul 2025-02-03
2024-10-14 00:05:23+00:00,👤 İstanbul 2025-01-27
2024-10-14 00:05:15+00:00,👤 İstanbul 2025-06-27
2024-10-14 00:00:26+00:00,👤 İstanbul 2025-07-07
2024-10-14 00:00:26+00:00,👤 Ankara 2025-06-23
2024-10-14 00:00:25+00:00,👤 İstanbul 2024-12-04
2024-10-14 00:00:25+00:00,👤 Ankara 2024-12-06
2024-10-13 23:55:19+00:00,👤 İstanbul 2025-06-27
2024-10-13 23:55:18+00:00,👤 İstanbul 2025-06-23
2024-10-13 23:50:22+00:00,👤 Ankara 2025-07-09
2024-10-13 23:50:22+00:00,👤 Ankara 2024-12-11
2024-10-13 23:35:23+00:00,👤 Ankara 2025-06-17
2024-10-13 23:30:19+00:00,👥 İstanbul 2025-01-23
2024-10-13 23:30:18+00:00,👥 İstanbul 2025-01-14
2024-10-13 23:20:16+00:00,👤 Ankara 2025-05-29
2024-10-13 23:20:16+00:00,👤 Ankara 2025-05-27
2024-10-13 23:15:32+00:00,👥 İstanbul 2025-01-13
2024-10-13 23:15:27+00:00,👤 İstanbul 2025-02-03
2024-10-13 23:15:26+00:00,👤 İstanbul 2025-01-13
2024-10-13 23:12:05+00:00,👤 İstanbul 2025-06-30
2024-10-13 23:12:04+00:00,👤 İstanbul 2025-06-23
2024-10-13 23:10:47+00:00,👤 İstanbul 2025-01-23
2024-10-13 23:10:38+00:00,👤 İstanbul 2025-01-16
2024-10-13 23:10:34+00:00,👥 Ankara 2024-12-10
2024-10-13 23:10:24+00:00,👤 Ankara 2025-05-06
2024-10-13 23:10:23+00:00,👤 Ankara 2024-12-10
2024-10-13 23:10:18+00:00,👤 İstanbul 2025-01-13
2024-10-13 23:10:17+00:00,👤 İstanbul 2025-01-10
2024-10-13 23:05:46+00:00,👤 İstanbul 2025-01-17
2024-10-13 23:05:28+00:00,👤 İstanbul 2025-01-15
2024-10-13 23:05:26+00:00,👤 Ankara 2025-05-06
2024-10-13 23:05:24+00:00,👥 İstanbul 2025-01-09
2024-10-13 23:05:16+00:00,👤 İstanbul 2025-01-09
2024-10-13 23:05:15+00:00,👥 Ankara 2025-05-06
2024-10-13 23:05:15+00:00,👤 İstanbul 2024-12-09
2024-10-13 23:00:26+00:00,👤 İstanbul 2025-01-27
2024-10-13 23:00:25+00:00,👤 İstanbul 2025-01-16
2024-10-13 22:55:22+00:00,👤 İstanbul 2025-06-02
2024-10-13 22:55:20+00:00,👤 İstanbul 2025-01-07
2024-10-13 22:55:19+00:00,👤 İstanbul 2024-12-16
2024-10-13 22:51:48+00:00,👤 İstanbul 2025-06-27
2024-10-13 22:50:58+00:00,👥 İstanbul 2025-06-27
2024-10-13 22:50:40+00:00,👥 İstanbul 2025-06-16
2024-10-13 22:50:38+00:00,👤 İstanbul 2025-06-16
2024-10-13 22:50:22+00:00,👥 İstanbul 2025-01-27
2024-10-13 22:50:19+00:00,👥 İstanbul 2025-01-13
2024-10-13 22:50:17+00:00,👤 Ankara 2024-12-11
2024-10-13 22:50:17+00:00,👤 Ankara 2024-10-25
2024-10-13 22:50:15+00:00,👤 İstanbul 2025-01-27
2024-10-13 22:50:15+00:00,👤 İstanbul 2025-01-13
2024-10-13 22:45:32+00:00,👤 İstanbul 2025-07-10
2024-10-13 22:45:22+00:00,👤 İstanbul 2025-06-24
2024-10-13 22:45:17+00:00,👤 İstanbul 2025-01-27
2024-10-13 22:45:16+00:00,👤 İstanbul 2025-01-09
2024-10-13 22:40:16+00:00,👤 İstanbul 2025-01-10
2024-10-13 22:40:15+00:00,👤 Ankara 2024-12-13
2024-10-13 22:35:17+00:00,👤 İstanbul 2025-06-24
2024-10-13 22:35:15+00:00,👤 Ankara 2024-10-31
2024-10-13 22:30:17+00:00,👤 İstanbul 2024-12-10
2024-10-13 22:25:16+00:00,👤 İstanbul 2025-07-08
2024-10-13 22:20:17+00:00,👤 İstanbul 2025-01-09
2024-10-13 22:20:16+00:00,👤 İstanbul 2024-12-09
2024-10-13 22:15:18+00:00,👤 İstanbul 2025-06-02
2024-10-13 22:15:15+00:00,👤 Ankara 2025-03-19
2024-10-13 22:10:57+00:00,👤 İstanbul 2025-06-30
2024-10-13 22:10:45+00:00,👥 Ankara 2024-11-01
2024-10-13 22:10:44+00:00,👤 İstanbul 2025-06-10
2024-10-13 22:10:42+00:00,👤 İstanbul 2025-01-14
2024-10-13 22:10:16+00:00,👤 İstanbul 2025-01-13
2024-10-13 22:10:16+00:00,👤 İstanbul 2025-01-10
2024-10-13 22:05:16+00:00,👤 İstanbul 2025-01-17
2024-10-13 22:05:16+00:00,👤 İstanbul 2025-01-14
2024-10-13 22:05:16+00:00,👤 Ankara 2025-06-13
2024-10-13 22:00:34+00:00,👤 İstanbul 2025-06-23
2024-10-13 22:00:22+00:00,👤 İstanbul 2025-01-17
2024-10-13 22:00:21+00:00,👤 Ankara 2025-06-13
2024-10-13 22:00:21+00:00,👤 İstanbul 2025-01-16
2024-10-13 22:00:20+00:00,👤 Ankara 2024-12-13
2024-10-13 21:55:16+00:00,👤 İstanbul 2024-12-04
2024-10-13 21:45:22+00:00,👤 Ankara 2024-12-12
2024-10-13 21:45:16+00:00,👤 İstanbul 2025-03-18
2024-10-13 21:45:15+00:00,👤 İstanbul 2025-01-09
2024-10-13 21:40:16+00:00,👤 İstanbul 2025-01-09
2024-10-13 21:35:32+00:00,👥 Ankara 2024-10-30
2024-10-13 21:35:24+00:00,👤 Ankara 2024-10-30
2024-10-13 21:35:24+00:00,👤 Ankara 2024-12-09
2024-10-13 21:35:23+00:00,👤 Ankara 2024-12-04
2024-10-13 21:35:21+00:00,👥 İstanbul 2025-01-10
2024-10-13 21:35:14+00:00,👤 İstanbul 2025-01-10
2024-10-13 21:30:19+00:00,👤 Ankara 2025-06-16
2024-10-13 21:30:18+00:00,👤 Ankara 2024-10-18
2024-10-13 21:25:17+00:00,👤 İstanbul 2025-06-02
2024-10-13 21:25:16+00:00,👤 İstanbul 2025-01-09
2024-10-13 21:25:14+00:00,👤 Ankara 2025-06-10
2024-10-13 21:25:14+00:00,👤 Ankara 2025-04-10
2024-10-13 21:20:18+00:00,👤 Ankara 2025-04-25
2024-10-13 21:15:16+00:00,👤 İstanbul 2025-01-10
2024-10-13 21:15:15+00:00,👤 Ankara 2025-06-03
2024-10-13 21:05:41+00:00,👤 İstanbul 2025-02-06
2024-10-13 21:05:20+00:00,👤 İstanbul 2025-01-13
2024-10-13 21:05:20+00:00,👤 İstanbul 2025-01-10
2024-10-13 20:50:15+00:00,👤 İstanbul 2025-06-24
2024-10-13 20:50:14+00:00,👤 İstanbul 2025-01-07
2024-10-13 20:45:22+00:00,👤 İstanbul 2025-06-27
2024-10-13 20:45:19+00:00,👤 İstanbul 2025-01-09
2024-10-13 20:45:18+00:00,👤 İstanbul 2025-01-07
2024-10-13 20:40:19+00:00,👤 İstanbul 2025-07-08
2024-10-13 20:40:17+00:00,👤 İstanbul 2025-06-16
2024-10-13 20:40:15+00:00,👤 İstanbul 2024-12-04
2024-10-13 20:35:18+00:00,👤 İstanbul 2025-01-16
2024-10-13 20:35:17+00:00,👤 İstanbul 2025-01-06
2024-10-13 20:35:15+00:00,👤 Ankara 2025-04-21
2024-10-13 20:30:22+00:00,👤 İstanbul 2025-01-10
2024-10-13 20:30:19+00:00,👤 Ankara 2025-02-07
2024-10-13 20:25:20+00:00,👤 İstanbul 2025-01-14
2024-10-13 20:25:15+00:00,👤 İstanbul 2025-01-09
2024-10-13 20:25:14+00:00,👤 İstanbul 2025-01-06
2024-10-13 20:20:22+00:00,👤 Ankara 2025-04-07
2024-10-13 20:20:15+00:00,👤 İstanbul 2025-01-10
2024-10-13 20:15:24+00:00,👤 İstanbul 2025-03-18
2024-10-13 20:15:19+00:00,👤 İstanbul 2025-01-15
2024-10-13 20:15:18+00:00,👤 İstanbul 2025-01-07
2024-10-13 20:10:19+00:00,👤 İstanbul 2025-03-25
2024-10-13 20:10:18+00:00,👤 İstanbul 2025-01-09
2024-10-13 20:05:17+00:00,👤 İstanbul 2025-06-23
2024-10-13 20:05:17+00:00,👤 İstanbul 2025-01-13
2024-10-13 20:00:22+00:00,👤 İstanbul 2025-06-23
2024-10-13 20:00:21+00:00,👤 İstanbul 2025-01-09
2024-10-13 19:55:44+00:00,👤 İstanbul 2025-06-30
2024-10-13 19:55:39+00:00,👤 İstanbul 2025-02-03
2024-10-13 19:55:19+00:00,👤 İstanbul 2025-01-17
2024-10-13 19:55:19+00:00,👤 İstanbul 2025-01-10
2024-10-13 19:45:30+00:00,👤 İstanbul 2025-07-08
2024-10-13 19:45:18+00:00,👤 İstanbul 2025-06-23
2024-10-13 19:45:17+00:00,👤 İstanbul 2025-01-10
2024-10-13 19:40:19+00:00,👤 İstanbul 2025-06-03
2024-10-13 19:40:19+00:00,👤 İstanbul 2025-01-09
2024-10-13 19:25:48+00:00,👤 İstanbul 2025-01-09
2024-10-13 19:20:19+00:00,👤 İstanbul 2025-06-30
2024-10-13 19:20:19+00:00,👤 İstanbul 2025-03-17
2024-10-13 19:20:17+00:00,👤 Ankara 2025-06-18
2024-10-13 19:15:19+00:00,👤 Ankara 2024-10-18
2024-10-13 19:10:35+00:00,👤 İstanbul 2025-01-10
2024-10-13 19:06:01+00:00,👤 İstanbul 2025-06-16
2024-10-13 19:06:00+00:00,👤 İstanbul 2025-01-30
2024-10-13 19:05:17+00:00,👤 Ankara 2024-12-13
2024-10-13 19:04:14+00:00,👥 İstanbul 2025-01-30
2024-10-13 19:00:32+00:00,👥 İstanbul 2025-01-30
2024-10-13 18:50:14+00:00,👤 Ankara 2024-10-24
2024-10-13 18:47:48+00:00,👥 İstanbul 2025-01-29
2024-10-13 18:40:22+00:00,👥 İstanbul 2025-01-28
2024-10-13 18:33:52+00:00,👥 İstanbul 2025-01-27
2024-10-13 18:20:16+00:00,👤 Ankara 2025-06-10
2024-10-13 18:15:18+00:00,👤 Ankara 2025-01-14
2024-10-13 18:00:36+00:00,👤 İstanbul 2025-01-10
2024-10-13 18:00:20+00:00,👤 Ankara 2024-12-09
2024-10-13 17:45:22+00:00,👤 İstanbul 2025-06-24
2024-10-13 17:38:43+00:00,👤 İstanbul 2025-01-15
2024-10-13 17:34:39+00:00,👤 İstanbul 2025-01-15
2024-10-13 15:23:58+00:00,👤 İstanbul 2025-01-17
2024-10-13 15:20:58+00:00,👤 İstanbul 2025-01-17
2024-10-13 15:20:55+00:00,👤 İstanbul 2025-01-17
2024-10-13 15:20:52+00:00,👤 İstanbul 2025-01-17
2024-10-13 15:17:51+00:00,👤 İstanbul 2025-01-17
2024-10-13 15:11:49+00:00,👤 İstanbul 2025-01-16
2024-10-13 15:08:13+00:00,👤 İstanbul 2025-01-16
2024-10-13 15:05:07+00:00,👤 İstanbul 2025-01-16
2024-10-13 14:47:05+00:00,👤 İstanbul 2025-01-14
2024-10-13 14:44:01+00:00,👤 İstanbul 2025-01-14
2024-10-13 14:40:42+00:00,👤 İstanbul 2025-01-14
2024-10-13 14:30:42+00:00,👥 İstanbul 2025-01-13
2024-10-13 14:30:37+00:00,👤 İstanbul 2025-01-13
2024-10-13 14:30:34+00:00,👤 İstanbul 2025-01-13
2024-10-13 14:30:33+00:00,👤 İstanbul 2025-01-13
2024-10-13 14:27:32+00:00,👥 İstanbul 2025-01-13
2024-10-13 14:26:49+00:00,👤 İstanbul 2025-01-13
2024-10-12 20:45:15+00:00,👤 Ankara 2025-05-23
2024-10-12 20:00:24+00:00,👤 İstanbul 2025-01-15
2024-10-12 19:55:24+00:00,👤 Ankara 2024-11-07
2024-10-12 17:50:15+00:00,👤 Ankara 2025-06-16
2024-10-12 17:20:16+00:00,👤 İstanbul 2025-01-06
2024-10-12 14:50:15+00:00,👤 Ankara 2025-06-18
2024-10-12 12:10:20+00:00,👤 İstanbul 2025-01-06
2024-10-12 11:55:17+00:00,👤 Ankara 2025-01-09
2024-10-12 10:55:18+00:00,👤 İstanbul 2025-01-06
2024-10-12 09:00:28+00:00,👤 İstanbul 2025-06-23
2024-10-12 08:35:15+00:00,👤 İstanbul 2025-01-15
2024-10-12 08:25:18+00:00,👤 İstanbul 2025-06-10
2024-10-12 07:30:19+00:00,👤 Ankara 2024-12-12
2024-10-12 07:25:14+00:00,👤 Ankara 2025-06-02
2024-10-12 07:20:24+00:00,👤 İstanbul 2025-06-24
2024-10-12 06:50:15+00:00,👤 İstanbul 2025-01-06
2024-10-12 06:15:16+00:00,👤 Ankara 2025-02-07
2024-10-12 06:05:16+00:00,👤 Ankara 2025-06-04
2024-10-12 06:00:24+00:00,👤 Ankara 2025-03-17
2024-10-12 05:50:16+00:00,👤 İstanbul 2025-01-06
2024-10-12 05:00:23+00:00,👤 İstanbul 2024-12-19
2024-10-12 04:55:15+00:00,👤 Ankara 2025-06-18
2024-10-12 04:45:18+00:00,👤 İstanbul 2025-01-06
2024-10-12 04:40:18+00:00,👤 İstanbul 2025-06-12
2024-10-12 04:10:22+00:00,👤 İstanbul 2025-06-10
2024-10-12 04:10:21+00:00,👤 İstanbul 2025-01-06
2024-10-12 03:45:16+00:00,👤 İstanbul 2025-01-15
2024-10-12 03:35:28+00:00,👤 Ankara 2024-11-22
2024-10-12 03:20:20+00:00,👤 Ankara 2025-06-23
2024-10-12 03:15:17+00:00,👤 Ankara 2025-04-18
2024-10-12 03:00:23+00:00,👤 İstanbul 2025-01-06
2024-10-12 02:50:23+00:00,👤 İstanbul 2024-12-04
2024-10-12 02:40:24+00:00,👤 İstanbul 2025-06-23
2024-10-12 01:10:30+00:00,👤 Ankara 2024-11-22
2024-10-12 00:45:19+00:00,👤 Ankara 2025-01-02
2024-10-12 00:25:20+00:00,👤 Ankara 2025-06-16
2024-10-11 23:45:21+00:00,👤 İstanbul 2025-06-26
2024-10-11 23:25:57+00:00,👤 İstanbul 2024-12-30
2024-10-11 23:10:58+00:00,👤 İstanbul 2024-12-04
2024-10-11 22:35:20+00:00,👤 Ankara 2025-05-05
2024-10-11 22:25:17+00:00,👤 İstanbul 2025-03-14
2024-10-11 22:20:17+00:00,👤 İstanbul 2024-12-04
2024-10-11 22:20:15+00:00,👤 İstanbul 2025-01-06
2024-10-11 22:15:16+00:00,👤 İstanbul 2025-02-04
2024-10-11 22:10:17+00:00,👤 İstanbul 2025-02-07
2024-10-11 22:05:22+00:00,👤 İstanbul 2024-12-16
2024-10-11 22:05:21+00:00,👤 İstanbul 2024-12-04
2024-10-11 22:00:22+00:00,👤 İstanbul 2025-02-06
2024-10-11 22:00:22+00:00,👤 Ankara 2025-05-12
2024-10-11 21:50:20+00:00,👤 İstanbul 2024-12-26
2024-10-11 21:50:19+00:00,👤 İstanbul 2024-12-06
2024-10-11 21:45:15+00:00,👤 Ankara 2025-04-18
2024-10-11 21:40:17+00:00,👤 İstanbul 2025-01-06
2024-10-11 21:40:16+00:00,👤 İstanbul 2024-12-04
2024-10-11 21:35:22+00:00,👥 İstanbul 2025-01-06
2024-10-11 21:35:20+00:00,👤 İstanbul 2025-01-06
2024-10-11 21:25:42+00:00,👤 Ankara 2024-11-22
2024-10-11 21:25:19+00:00,👤 İstanbul 2024-12-04
2024-10-11 21:20:26+00:00,👤 İstanbul 2025-01-17
2024-10-11 21:20:18+00:00,👤 Ankara 2025-06-12
2024-10-11 21:20:17+00:00,👤 İstanbul 2025-01-15
2024-10-11 21:20:16+00:00,👤 İstanbul 2025-01-06
2024-10-11 21:15:22+00:00,👤 İstanbul 2025-06-24
2024-10-11 21:05:21+00:00,👤 İstanbul 2025-06-12
2024-10-11 21:00:52+00:00,👤 İstanbul 2024-12-04
2024-10-11 21:00:19+00:00,👤 İstanbul 2025-06-10
2024-10-11 20:55:14+00:00,👤 İstanbul 2025-01-06
2024-10-11 20:45:56+00:00,👤 İstanbul 2024-12-04
2024-10-11 20:45:22+00:00,👤 Ankara 2024-12-12
2024-10-11 20:45:19+00:00,👥 İstanbul 2024-12-04
2024-10-11 20:35:23+00:00,👤 Ankara 2025-05-23
2024-10-11 20:25:15+00:00,👤 İstanbul 2024-12-04
2024-10-11 20:15:17+00:00,👤 İstanbul 2024-12-04
2024-10-11 19:50:19+00:00,👤 Ankara 2025-06-02
2024-10-11 19:45:16+00:00,👤 İstanbul 2024-12-04
2024-10-11 19:35:17+00:00,👤 İstanbul 2025-01-06
2024-10-11 19:35:16+00:00,👤 İstanbul 2024-12-04
2024-10-11 19:30:16+00:00,👤 İstanbul 2025-06-27
2024-10-11 19:25:15+00:00,👤 İstanbul 2024-12-19
2024-10-11 19:15:20+00:00,👤 İstanbul 2024-12-04
2024-10-11 19:10:23+00:00,👤 İstanbul 2024-12-04
2024-10-11 19:05:18+00:00,👤 İstanbul 2025-06-24
2024-10-11 19:05:17+00:00,👤 İstanbul 2025-01-03
2024-10-11 18:55:15+00:00,👤 Ankara 2025-06-16
2024-10-11 18:45:26+00:00,👥 İstanbul 2024-12-04
2024-10-11 18:45:16+00:00,👤 İstanbul 2024-12-04
2024-10-11 18:25:14+00:00,👤 İstanbul 2024-12-04
2024-10-11 18:15:18+00:00,👤 İstanbul 2025-06-24
2024-10-11 18:15:18+00:00,👤 İstanbul 2024-12-04
2024-10-11 17:45:19+00:00,👤 İstanbul 2025-06-24
2024-10-11 17:40:17+00:00,👤 İstanbul 2025-01-06
2024-10-11 17:30:19+00:00,👤 Ankara 2025-01-06
2024-10-11 17:25:15+00:00,👤 Ankara 2024-12-06
2024-10-11 17:25:15+00:00,👤 İstanbul 2024-12-04
2024-10-11 17:15:17+00:00,👤 Ankara 2025-02-21
2024-10-11 17:15:16+00:00,👤 Ankara 2024-11-22
2024-10-11 17:00:22+00:00,👤 İstanbul 2024-12-04
2024-10-11 16:20:20+00:00,👤 İstanbul 2025-06-23
2024-10-11 16:15:29+00:00,👤 İstanbul 2025-01-31
2024-10-11 16:15:17+00:00,👤 İstanbul 2025-01-15
2024-10-11 16:15:16+00:00,👤 İstanbul 2024-12-04
2024-10-11 16:15:15+00:00,👥 İstanbul 2025-01-15
2024-10-11 16:10:19+00:00,👤 İstanbul 2024-12-04
2024-10-11 16:10:16+00:00,👤 İstanbul 2025-01-06
2024-10-11 16:00:20+00:00,👤 Ankara 2025-01-09
2024-10-11 15:55:15+00:00,👤 İstanbul 2025-02-04
2024-10-11 15:40:22+00:00,👤 İstanbul 2024-12-04
2024-10-11 15:40:18+00:00,👤 İstanbul 2025-06-23
2024-10-11 15:35:18+00:00,👤 İstanbul 2024-12-04
2024-10-11 15:30:20+00:00,👤 İstanbul 2024-12-04
2024-10-11 11:47:45+00:00,👤 İstanbul 2025-01-06
2024-10-11 11:47:38+00:00,👥 İstanbul 2025-01-06
2024-10-11 11:18:25+00:00,👤 İstanbul 2024-12-04
2024-10-11 11:18:22+00:00,👥 İstanbul 2024-12-04
2024-10-11 04:05:24+00:00,👤 Ankara 2024-10-25
2024-10-11 03:30:20+00:00,👥 İstanbul 2025-06-24
2024-10-11 03:30:17+00:00,👤 İstanbul 2025-06-24
2024-10-11 02:55:17+00:00,👤 İstanbul 2025-06-24
2024-10-10 18:20:17+00:00,👤 Ankara 2024-10-25
2024-10-10 17:45:17+00:00,👤 İstanbul 2024-11-01
2024-10-10 16:05:16+00:00,👤 Ankara 2025-06-04
2024-10-10 14:00:20+00:00,👤 Ankara 2024-10-21
2024-10-10 10:45:16+00:00,👤 Ankara 2025-01-02
2024-10-10 03:10:22+00:00,👤 Toronto 2025-08-13
2024-10-10 00:00:30+00:00,👤 İstanbul 2024-12-02
2024-10-09 20:05:24+00:00,👤 Ankara 2024-10-22
2024-10-09 18:20:28+00:00,👤 Ankara 2024-11-05
2024-10-09 16:25:16+00:00,👤 Ankara 2025-05-12
2024-10-09 07:40:16+00:00,👤 Ankara 2024-10-18
2024-10-09 02:55:16+00:00,👤 Ankara 2024-10-30
2024-10-08 23:45:20+00:00,👤 Ankara 2025-01-02
2024-10-08 21:25:16+00:00,👤 Ankara 2025-01-08
2024-10-08 17:40:16+00:00,👤 Ankara 2025-03-10
2024-10-08 16:30:17+00:00,👤 Ankara 2025-01-06
2024-10-08 13:30:23+00:00,👥 Ankara 2025-04-25
2024-10-08 13:30:18+00:00,👤 Ankara 2025-04-25
2024-10-08 11:10:18+00:00,👤 Ankara 2025-02-25
2024-10-07 23:20:22+00:00,👤 İstanbul 2025-02-04
2024-10-07 16:35:33+00:00,👤 Ankara 2024-11-20
2024-10-07 13:54:01+00:00,"8 Ekim Ankara randevuları konsolosluk tarafından 23 Ekim’e kaydırıldı gözüküyor. Lütfen kendi randevunuzu kontrol ediniz.
Detay @fastvisa24"
2024-10-07 03:35:15+00:00,👤 Ankara 2024-10-15
2024-10-07 03:20:16+00:00,👤 Ankara 2024-10-15
2024-10-07 03:05:16+00:00,👤 Ankara 2025-06-17
2024-10-06 07:35:18+00:00,👤 Ankara 2025-05-06
2024-10-06 06:25:22+00:00,👤 Ankara 2024-11-06
2024-10-06 03:55:16+00:00,👤 Ankara 2024-10-15
2024-10-06 03:35:21+00:00,👤 Ankara 2025-03-27
2024-10-06 00:30:18+00:00,👤 Ankara 2025-07-01
2024-10-05 17:55:15+00:00,👤 Ankara 2025-06-26
2024-10-05 16:50:16+00:00,👤 Ankara 2025-06-26
2024-10-04 19:00:22+00:00,👤 Ankara 2024-10-11
2024-10-04 14:25:16+00:00,👤 Ankara 2025-02-24
2024-10-04 06:20:17+00:00,👤 İstanbul 2024-10-10
2024-10-04 03:40:20+00:00,👤 Ankara 2025-02-07
2024-10-04 02:00:22+00:00,👤 İstanbul 2024-12-27
2024-10-04 00:10:18+00:00,👤 İstanbul 2024-10-10
2024-10-03 23:00:23+00:00,👤 Ankara 2025-03-18
2024-10-03 21:30:20+00:00,👤 Ankara 2024-11-20
2024-10-03 14:55:19+00:00,👤 İstanbul 2024-10-08
2024-10-03 03:05:18+00:00,👤 Ankara 2024-10-16
2024-10-02 20:10:17+00:00,👤 Ankara 2025-06-18
2024-10-02 17:35:16+00:00,👤 Ankara 2024-10-16
2024-10-02 16:55:19+00:00,👤 İstanbul 2024-12-12
2024-10-02 16:50:18+00:00,👤 Ankara 2025-06-18
2024-10-02 06:40:18+00:00,👤 İstanbul 2025-06-12
2024-10-02 04:55:34+00:00,👤 İstanbul 2024-10-07
2024-10-02 03:10:19+00:00,👤 İstanbul 2024-10-04
2024-10-02 02:30:20+00:00,👤 Ankara 2024-10-07
2024-10-02 02:10:20+00:00,👤 İstanbul 2024-12-27
2024-10-02 01:55:29+00:00,👤 Ankara 2025-03-11
2024-10-02 00:15:18+00:00,👤 İstanbul 2025-01-31
2024-10-01 20:25:26+00:00,👤 İstanbul 2024-12-06
2024-10-01 08:30:17+00:00,👤 Ankara 2025-03-27
2024-10-01 08:10:21+00:00,👤 Ankara 2025-04-14
2024-10-01 08:00:27+00:00,👤 İstanbul 2024-12-17
2024-10-01 04:40:26+00:00,👤 İstanbul 2025-06-23
2024-10-01 02:40:22+00:00,👤 İstanbul 2024-10-11
2024-09-30 21:55:25+00:00,👤 Ankara 2025-04-21
2024-09-30 20:40:18+00:00,👤 Ankara 2025-03-27
2024-09-30 18:40:15+00:00,👤 Ankara 2024-10-07
2024-09-30 16:25:15+00:00,👤 İstanbul 2024-12-17
2024-09-28 11:20:19+00:00,👤 📩 İstanbul 2024-10-16
2024-09-28 06:18:48+00:00,👤 📩 İstanbul 2025-01-27
2024-09-28 06:15:19+00:00,👤 📩 İstanbul 2025-01-27
2024-09-28 01:20:28+00:00,👥 Ankara 2024-12-02
2024-09-28 00:40:11+00:00,👤 📩 İstanbul 2024-11-18
2024-09-28 00:37:01+00:00,👤 📩 İstanbul 2024-11-18
2024-09-28 00:33:49+00:00,👤 📩 İstanbul 2024-11-18
2024-09-28 00:30:07+00:00,👤 📩 İstanbul 2024-11-18
2024-09-28 00:27:00+00:00,👤 📩 İstanbul 2024-11-18
2024-09-27 23:15:22+00:00,👤 📩 İstanbul 2025-01-15
2024-09-27 22:45:24+00:00,👤 📩 İstanbul 2024-12-18
2024-09-27 22:42:20+00:00,👤 📩 İstanbul 2024-12-18
2024-09-27 20:05:21+00:00,👤 📩 İstanbul 2025-02-10
2024-09-27 19:30:47+00:00,👤 İstanbul 2025-01-15
2024-09-27 19:30:18+00:00,👤 İstanbul 2024-11-01
2024-09-27 19:10:55+00:00,👤 Ankara 2025-01-27
2024-09-27 19:10:22+00:00,👤 İstanbul 2024-10-08
2024-09-27 19:05:20+00:00,👤 Ankara 2025-05-06
2024-09-27 19:05:17+00:00,👤 İstanbul 2024-11-06
2024-09-27 19:05:10+00:00,👤 Ankara 2024-11-25
2024-09-27 19:05:07+00:00,👤 Ankara 2024-11-15
2024-09-27 19:05:06+00:00,👤 İstanbul 2024-12-10
2024-09-27 19:05:05+00:00,👤 İstanbul 2024-12-02
2024-09-27 19:00:12+00:00,👤 İstanbul 2024-12-10
2024-09-27 19:00:11+00:00,👤 İstanbul 2024-12-02
2024-09-27 18:58:20+00:00,👤 Ankara 2024-11-25
2024-09-27 18:58:18+00:00,👤 Ankara 2024-11-15
2024-09-27 18:55:12+00:00,👤 İstanbul 2024-12-10
2024-09-27 18:55:11+00:00,👤 İstanbul 2024-12-02
2024-09-27 18:54:16+00:00,👤 Ankara 2024-11-25
2024-09-27 18:54:15+00:00,👤 Ankara 2024-11-15
2024-09-27 18:50:08+00:00,👤 Ankara 2024-11-25
2024-09-27 18:50:07+00:00,👤 Ankara 2024-11-15
2024-09-27 18:50:06+00:00,👤 İstanbul 2024-12-10
2024-09-27 18:50:05+00:00,👤 İstanbul 2024-12-02
2024-09-27 18:45:12+00:00,👤 Ankara 2024-11-25
2024-09-27 18:45:11+00:00,👤 Ankara 2024-11-15
2024-09-27 18:44:03+00:00,👤 İstanbul 2024-12-10
2024-09-27 18:44:02+00:00,👤 İstanbul 2024-12-02
2024-09-27 18:40:13+00:00,👤 Ankara 2024-11-25
2024-09-27 18:40:12+00:00,👤 Ankara 2024-11-15
2024-09-27 18:40:10+00:00,👤 İstanbul 2024-12-10
2024-09-27 18:40:10+00:00,👤 İstanbul 2024-12-02
2024-09-27 18:35:10+00:00,👤 İstanbul 2024-12-10
2024-09-27 18:35:09+00:00,👤 İstanbul 2024-12-02
2024-09-27 18:33:54+00:00,👤 Ankara 2024-11-25
2024-09-27 18:33:53+00:00,👤 Ankara 2024-11-15
2024-09-27 18:30:11+00:00,👤 Ankara 2024-11-25
2024-09-27 18:30:09+00:00,👤 Ankara 2024-11-15
2024-09-27 18:29:04+00:00,👤 İstanbul 2024-12-10
2024-09-27 18:29:03+00:00,👤 İstanbul 2024-12-02
2024-09-27 18:25:16+00:00,👤 Ankara 2024-11-25
2024-09-27 18:25:15+00:00,👤 Ankara 2024-11-15
2024-09-27 18:25:12+00:00,👤 İstanbul 2024-12-10
2024-09-27 18:25:11+00:00,👤 İstanbul 2024-12-02
2024-09-27 18:20:14+00:00,👤 İstanbul 2024-12-10
2024-09-27 18:20:13+00:00,👤 İstanbul 2024-12-02
2024-09-27 18:18:05+00:00,👤 Ankara 2024-11-25
2024-09-27 18:18:04+00:00,👤 Ankara 2024-11-15
2024-09-27 18:15:03+00:00,👤 Ankara 2024-11-25
2024-09-27 18:15:02+00:00,👤 Ankara 2024-11-15
2024-09-27 18:13:48+00:00,👤 İstanbul 2024-12-10
2024-09-27 18:13:47+00:00,👤 İstanbul 2024-12-02
2024-09-27 18:10:10+00:00,👤 Ankara 2024-11-25
2024-09-27 18:10:10+00:00,👤 Ankara 2024-11-15
2024-09-27 18:09:43+00:00,👤 İstanbul 2024-12-10
2024-09-27 18:09:42+00:00,👤 İstanbul 2024-12-02
2024-09-27 18:05:17+00:00,👤 📩 İstanbul 2025-01-27
2024-09-27 17:55:17+00:00,👤 📩 İstanbul 2024-10-16
2024-09-27 17:20:15+00:00,👤 Ankara 2024-11-25
2024-09-27 17:20:15+00:00,👤 Ankara 2024-11-15
2024-09-27 17:18:50+00:00,👤 İstanbul 2024-12-10
2024-09-27 17:18:49+00:00,👤 İstanbul 2024-12-02
2024-09-27 17:15:23+00:00,👤 Ankara 2024-11-25
2024-09-27 17:15:07+00:00,👤 Ankara 2024-12-03
2024-09-27 17:15:07+00:00,👤 Ankara 2024-11-15
2024-09-27 17:13:18+00:00,👤 İstanbul 2024-12-10
2024-09-27 17:13:17+00:00,👤 İstanbul 2024-12-02
2024-09-27 17:10:04+00:00,👤 İstanbul 2024-12-10
2024-09-27 17:10:04+00:00,👤 İstanbul 2024-12-02
2024-09-27 17:08:49+00:00,👤 Ankara 2024-12-03
2024-09-27 17:08:49+00:00,👤 Ankara 2024-11-15
2024-09-27 17:05:18+00:00,👥 Ankara 2025-03-25
2024-09-27 17:05:07+00:00,👤 Ankara 2024-12-03
2024-09-27 17:05:06+00:00,👤 Ankara 2024-11-15
2024-09-27 17:03:53+00:00,👤 İstanbul 2024-12-10
2024-09-27 17:03:52+00:00,👤 İstanbul 2024-12-02
2024-09-27 17:00:19+00:00,👤 Ankara 2024-12-03
2024-09-27 17:00:19+00:00,👤 Ankara 2024-11-15
2024-09-27 17:00:09+00:00,👤 İstanbul 2024-12-10
2024-09-27 17:00:09+00:00,👤 İstanbul 2024-12-02
2024-09-27 16:55:20+00:00,👤 İstanbul 2024-12-10
2024-09-27 16:55:19+00:00,👤 İstanbul 2024-12-02
2024-09-27 16:53:15+00:00,👤 Ankara 2024-12-03
2024-09-27 16:53:14+00:00,👤 Ankara 2024-11-15
2024-09-27 16:50:10+00:00,👤 İstanbul 2024-12-10
2024-09-27 16:50:09+00:00,👤 İstanbul 2024-12-02
2024-09-27 16:48:55+00:00,👤 Ankara 2024-12-03
2024-09-27 16:48:55+00:00,👤 Ankara 2024-11-15
2024-09-27 16:45:07+00:00,👤 Ankara 2024-12-03
2024-09-27 16:45:06+00:00,👤 Ankara 2024-11-15
2024-09-27 16:45:03+00:00,👤 İstanbul 2024-12-10
2024-09-27 16:45:01+00:00,👤 İstanbul 2024-12-02
2024-09-27 16:40:14+00:00,👤 Ankara 2024-12-03
2024-09-27 16:40:13+00:00,👤 Ankara 2024-11-15
2024-09-27 16:38:46+00:00,👤 İstanbul 2024-12-10
2024-09-27 16:38:46+00:00,👤 İstanbul 2024-12-02
2024-09-27 16:35:05+00:00,👤 Ankara 2024-12-03
2024-09-27 16:35:04+00:00,👤 Ankara 2024-11-15
2024-09-27 16:33:11+00:00,👤 İstanbul 2024-12-10
2024-09-27 16:33:10+00:00,👤 İstanbul 2024-12-02
2024-09-27 16:30:05+00:00,👤 İstanbul 2024-12-10
2024-09-27 16:30:04+00:00,👤 İstanbul 2024-12-02
2024-09-27 16:28:25+00:00,👤 Ankara 2024-12-03
2024-09-27 16:28:24+00:00,👤 Ankara 2024-11-15
2024-09-27 16:25:04+00:00,👤 İstanbul 2024-12-10
2024-09-27 16:25:03+00:00,👤 İstanbul 2024-12-02
2024-09-27 16:23:22+00:00,👤 Ankara 2024-12-03
2024-09-27 16:23:21+00:00,👤 Ankara 2024-11-15
2024-09-27 16:20:14+00:00,👤 İstanbul 2024-12-10
2024-09-27 16:20:13+00:00,👤 İstanbul 2024-12-02
2024-09-27 16:20:02+00:00,👤 Ankara 2024-12-03
2024-09-27 16:20:02+00:00,👤 Ankara 2024-11-15
2024-09-27 16:15:11+00:00,👤 İstanbul 2024-12-10
2024-09-27 16:15:10+00:00,👤 İstanbul 2024-12-02
2024-09-27 16:13:06+00:00,👤 Ankara 2024-12-03
2024-09-27 16:13:05+00:00,👤 Ankara 2024-11-15
2024-09-27 16:00:23+00:00,👤 📩 İstanbul 2024-10-30
2024-09-27 15:41:24+00:00,👤 📩 İstanbul 2024-11-06
2024-09-27 15:20:13+00:00,👤 Ankara 2024-12-03
2024-09-27 15:20:12+00:00,👤 Ankara 2024-11-15
2024-09-27 15:18:19+00:00,👤 İstanbul 2024-12-10
2024-09-27 15:18:18+00:00,👤 İstanbul 2024-12-02
2024-09-27 15:15:11+00:00,👤 Ankara 2024-12-03
2024-09-27 15:15:10+00:00,👤 Ankara 2024-11-15
2024-09-27 15:15:07+00:00,👤 İstanbul 2024-12-10
2024-09-27 15:15:06+00:00,👤 İstanbul 2024-12-02
2024-09-27 15:10:25+00:00,👤 Ankara 2024-12-03
2024-09-27 15:10:24+00:00,👤 Ankara 2024-11-15
2024-09-27 15:08:12+00:00,👤 İstanbul 2024-12-10
2024-09-27 15:08:10+00:00,👤 İstanbul 2024-12-02
2024-09-27 15:05:05+00:00,👤 Ankara 2024-12-03
2024-09-27 15:05:05+00:00,👤 Ankara 2024-11-15
2024-09-27 15:03:52+00:00,👤 İstanbul 2024-12-10
2024-09-27 15:03:51+00:00,👤 İstanbul 2024-12-02
2024-09-27 15:00:12+00:00,👤 Ankara 2024-12-03
2024-09-27 15:00:11+00:00,👤 Ankara 2024-11-15
2024-09-27 14:58:16+00:00,👤 İstanbul 2024-12-10
2024-09-27 14:58:15+00:00,👤 İstanbul 2024-12-02
2024-09-27 14:55:14+00:00,👤 İstanbul 2024-12-10
2024-09-27 14:55:13+00:00,👤 İstanbul 2024-12-02
2024-09-27 14:53:47+00:00,👤 Ankara 2024-12-03
2024-09-27 14:53:46+00:00,👤 Ankara 2024-11-15
2024-09-27 14:50:13+00:00,👤 İstanbul 2024-12-10
2024-09-27 14:50:12+00:00,👤 İstanbul 2024-12-02
2024-09-27 14:50:11+00:00,👤 Ankara 2024-12-03
2024-09-27 14:50:10+00:00,👤 Ankara 2024-11-15
2024-09-27 14:45:11+00:00,👤 Ankara 2024-12-03
2024-09-27 14:45:10+00:00,👤 Ankara 2024-11-15
2024-09-27 14:43:57+00:00,👤 İstanbul 2024-12-10
2024-09-27 14:43:57+00:00,👤 İstanbul 2024-12-02
2024-09-27 14:40:12+00:00,👤 Ankara 2024-12-03
2024-09-27 14:40:12+00:00,👤 Ankara 2024-11-15
2024-09-27 14:38:22+00:00,👤 İstanbul 2024-12-10
2024-09-27 14:38:22+00:00,👤 İstanbul 2024-12-02
2024-09-27 14:35:20+00:00,👤 İstanbul 2024-12-10
2024-09-27 14:35:19+00:00,👤 İstanbul 2024-12-02
2024-09-27 14:35:12+00:00,👤 Ankara 2024-12-03
2024-09-27 14:35:11+00:00,👤 Ankara 2024-11-15
2024-09-27 14:30:10+00:00,👤 İstanbul 2024-12-10
2024-09-27 14:30:09+00:00,👤 İstanbul 2024-12-02
2024-09-27 14:30:06+00:00,👤 Ankara 2024-12-03
2024-09-27 14:30:06+00:00,👤 Ankara 2024-11-15
2024-09-27 14:25:53+00:00,👤 İstanbul 2024-12-10
2024-09-27 14:25:52+00:00,👤 İstanbul 2024-12-02
2024-09-27 14:23:10+00:00,👤 Ankara 2024-12-03
2024-09-27 14:23:09+00:00,👤 Ankara 2024-11-15
2024-09-27 14:20:08+00:00,👤 İstanbul 2024-12-10
2024-09-27 14:20:07+00:00,👤 İstanbul 2024-12-02
2024-09-27 14:18:17+00:00,👤 Ankara 2024-12-03
2024-09-27 14:18:16+00:00,👤 Ankara 2024-11-15
2024-09-27 14:15:12+00:00,👤 İstanbul 2024-12-10
2024-09-27 14:15:10+00:00,👤 İstanbul 2024-12-02
2024-09-27 14:15:08+00:00,👤 Ankara 2024-12-03
2024-09-27 14:15:07+00:00,👤 Ankara 2024-11-15
2024-09-27 14:10:09+00:00,👤 İstanbul 2024-12-10
2024-09-27 14:10:08+00:00,👤 İstanbul 2024-12-02
2024-09-27 14:08:04+00:00,👤 Ankara 2024-12-03
2024-09-27 14:08:03+00:00,👤 Ankara 2024-11-15
2024-09-27 14:05:03+00:00,👤 Ankara 2024-12-03
2024-09-27 14:05:01+00:00,👤 Ankara 2024-11-15
2024-09-27 14:03:15+00:00,👤 İstanbul 2024-12-10
2024-09-27 14:03:14+00:00,👤 İstanbul 2024-12-02
2024-09-27 13:56:58+00:00,👤 📩 İstanbul 2025-01-29
2024-09-27 13:34:09+00:00,👤 İstanbul 2024-12-10
2024-09-27 13:34:08+00:00,👤 İstanbul 2024-12-02
2024-09-27 13:30:06+00:00,👤 İstanbul 2024-12-10
2024-09-27 13:30:05+00:00,👤 İstanbul 2024-12-02
2024-09-27 13:28:56+00:00,👤 Ankara 2024-12-03
2024-09-27 13:28:55+00:00,👤 Ankara 2024-11-15
2024-09-27 13:25:11+00:00,👤 Ankara 2024-12-03
2024-09-27 13:25:10+00:00,👤 Ankara 2024-11-15
2024-09-27 13:23:21+00:00,👤 İstanbul 2024-12-10
2024-09-27 13:23:20+00:00,👤 İstanbul 2024-12-02
2024-09-27 13:20:13+00:00,👤 Ankara 2024-12-03
2024-09-27 13:20:12+00:00,👤 Ankara 2024-11-15
2024-09-27 13:18:21+00:00,👤 İstanbul 2024-12-10
2024-09-27 13:18:20+00:00,👤 İstanbul 2024-12-02
2024-09-27 13:15:12+00:00,👤 Ankara 2024-12-03
2024-09-27 13:15:11+00:00,👤 Ankara 2024-11-15
2024-09-27 13:13:34+00:00,👤 İstanbul 2024-12-10
2024-09-27 13:13:33+00:00,👤 İstanbul 2024-12-02
2024-09-27 13:10:09+00:00,👤 İstanbul 2024-12-10
2024-09-27 13:10:08+00:00,👤 İstanbul 2024-12-02
2024-09-27 13:08:16+00:00,👤 Ankara 2024-12-03
2024-09-27 13:08:15+00:00,👤 Ankara 2024-11-15
2024-09-27 13:05:03+00:00,👤 Ankara 2024-12-03
2024-09-27 13:05:02+00:00,👤 Ankara 2024-11-15
2024-09-27 13:05:01+00:00,👤 📩 İstanbul 2025-01-29
2024-09-27 13:03:47+00:00,👤 İstanbul 2024-12-10
2024-09-27 13:03:46+00:00,👤 İstanbul 2024-12-02
2024-09-27 13:00:21+00:00,👤 İstanbul 2024-12-10
2024-09-27 13:00:20+00:00,👤 İstanbul 2024-12-02
2024-09-27 12:59:05+00:00,👤 📩 İstanbul 2025-01-29
2024-09-27 12:59:05+00:00,👤 📩 İstanbul 2025-01-15
2024-09-27 12:58:19+00:00,👤 Ankara 2024-12-03
2024-09-27 12:58:18+00:00,👤 Ankara 2024-11-15
2024-09-27 12:55:10+00:00,👤 Ankara 2024-12-03
2024-09-27 12:55:09+00:00,👤 Ankara 2024-11-15
2024-09-27 12:55:06+00:00,👤 İstanbul 2024-12-10
2024-09-27 12:55:06+00:00,👤 İstanbul 2024-12-02
2024-09-27 12:53:47+00:00,👤 📩 İstanbul 2025-01-29
2024-09-27 12:53:46+00:00,👤 📩 İstanbul 2025-01-15
2024-09-27 12:50:10+00:00,👤 Ankara 2024-12-03
2024-09-27 12:50:10+00:00,👤 Ankara 2024-11-15
2024-09-27 12:50:07+00:00,👤 İstanbul 2024-12-10
2024-09-27 12:50:07+00:00,👤 İstanbul 2024-12-02
2024-09-27 12:48:45+00:00,👤 📩 İstanbul 2025-01-29
2024-09-27 12:48:44+00:00,👤 📩 İstanbul 2025-01-15
2024-09-27 12:45:38+00:00,👤 İstanbul 2024-12-10
2024-09-27 12:45:37+00:00,👤 İstanbul 2024-12-02
2024-09-27 12:45:33+00:00,👤 Ankara 2024-12-03
2024-09-27 12:45:32+00:00,👤 Ankara 2024-11-15
2024-09-27 12:45:09+00:00,👤 📩 İstanbul 2025-01-29
2024-09-27 12:43:26+00:00,👤 📩 İstanbul 2025-01-15
2024-09-27 12:40:09+00:00,👤 Ankara 2024-12-03
2024-09-27 12:40:08+00:00,👤 Ankara 2024-11-15
2024-09-27 12:38:45+00:00,👤 İstanbul 2024-12-10
2024-09-27 12:38:45+00:00,👤 İstanbul 2024-12-02
2024-09-27 12:35:10+00:00,👤 İstanbul 2024-12-10
2024-09-27 12:35:10+00:00,👤 İstanbul 2024-12-02
2024-09-27 12:33:21+00:00,👤 Ankara 2024-12-03
2024-09-27 12:33:21+00:00,👤 Ankara 2024-11-15
2024-09-27 12:30:11+00:00,👤 Ankara 2024-12-03
2024-09-27 12:30:10+00:00,👤 Ankara 2024-11-15
2024-09-27 12:28:17+00:00,👤 İstanbul 2024-12-10
2024-09-27 12:28:16+00:00,👤 İstanbul 2024-12-02
2024-09-27 12:25:16+00:00,👤 İstanbul 2024-12-10
2024-09-27 12:25:15+00:00,👤 İstanbul 2024-12-02
2024-09-27 12:25:13+00:00,👤 Ankara 2024-12-03
2024-09-27 12:25:13+00:00,👤 Ankara 2024-11-15
2024-09-27 12:20:09+00:00,👤 İstanbul 2024-12-10
2024-09-27 12:20:09+00:00,👤 İstanbul 2024-12-02
2024-09-27 12:19:03+00:00,👤 Ankara 2024-12-03
2024-09-27 12:19:02+00:00,👤 Ankara 2024-11-15
2024-09-27 12:15:49+00:00,👤 Ankara 2024-12-03
2024-09-27 12:15:48+00:00,👤 Ankara 2024-11-15
2024-09-27 12:15:46+00:00,👤 İstanbul 2024-12-10
2024-09-27 12:15:45+00:00,👤 İstanbul 2024-12-02
2024-09-27 12:11:49+00:00,👤 📩 İstanbul 2024-10-16
2024-09-27 08:45:29+00:00,👤 Ankara 2024-12-12
2024-09-27 08:35:31+00:00,👤 Ankara 2025-04-07
2024-09-27 08:20:27+00:00,👤 Ankara 2025-02-06
2024-09-27 03:25:20+00:00,👤 Ankara 2025-01-15
2024-09-27 03:15:17+00:00,👤 İstanbul 2025-01-06
2024-09-27 03:10:22+00:00,👤 Ankara 2025-04-29
2024-09-27 03:05:28+00:00,👤 Ankara 2025-06-18
2024-09-27 03:00:30+00:00,👤 Ankara 2024-12-03
2024-09-27 02:55:15+00:00,👤 Ankara 2025-05-08
2024-09-27 02:50:23+00:00,👤 İstanbul 2024-10-02
2024-09-27 01:25:22+00:00,👤 İstanbul 2024-10-01
2024-09-27 00:35:42+00:00,👤 Ankara 2024-10-09
2024-09-26 23:30:28+00:00,👤 İstanbul 2024-12-05
2024-09-26 23:15:20+00:00,👤 Ankara 2025-03-05
2024-09-26 23:15:17+00:00,👤 Ankara 2024-12-04
2024-09-26 23:10:20+00:00,👤 Ankara 2024-12-13
2024-09-26 23:05:49+00:00,👤 Ankara 2025-06-03
2024-09-26 21:20:17+00:00,👤 Ankara 2025-05-29
2024-09-26 21:20:17+00:00,👤 Ankara 2025-05-07
2024-09-26 20:20:31+00:00,👤 İstanbul 2025-01-03
2024-09-26 20:10:34+00:00,👤 İstanbul 2024-12-19
2024-09-26 19:00:26+00:00,👤 İstanbul 2025-01-06
2024-09-26 18:40:18+00:00,👤 Ankara 2025-01-15
2024-09-26 18:25:21+00:00,👤 Ankara 2025-05-08
2024-09-26 18:10:21+00:00,👤 Ankara 2025-05-06
2024-09-26 18:10:20+00:00,👤 Ankara 2025-01-10
2024-09-26 17:00:32+00:00,👤 İstanbul 2025-06-12
2024-09-26 17:00:31+00:00,👤 İstanbul 2024-12-17
2024-09-26 16:50:21+00:00,👤 Ankara 2025-04-08
2024-09-26 16:45:24+00:00,👤 İstanbul 2024-10-02
2024-09-26 16:30:29+00:00,👤 Ankara 2025-06-03
2024-09-26 16:10:23+00:00,👤 Ankara 2025-06-02
2024-09-26 15:40:42+00:00,👤 Ankara 2025-05-21
2024-09-26 14:45:20+00:00,👤 Ankara 2025-06-17
2024-09-26 14:30:24+00:00,👤 Ankara 2025-06-03
2024-09-26 14:25:19+00:00,👤 Ankara 2025-05-20
2024-09-26 14:20:21+00:00,👤 Ankara 2025-04-28
2024-09-26 14:20:21+00:00,👤 Ankara 2025-01-15
2024-09-26 14:05:28+00:00,👤 Ankara 2025-05-15
2024-09-26 13:40:18+00:00,👤 İstanbul 2025-01-31
2024-09-25 19:48:43+00:00,"Açılan tarihlere rağmen henüz erken randevu bulamadıysanız, her türlü randevunuz için (redli, redsiz, grup, posta) iletişime geçebilirsiniz. 

 @emtr34 @fastvisa24"
2024-09-25 16:40:19+00:00,👥 Ankara 2024-11-06
2024-09-25 16:26:02+00:00,👥 Ankara 2024-12-03
2024-09-25 11:45:27+00:00,👤 Ankara 2024-10-22
2024-09-25 11:40:23+00:00,👤 Ankara 2025-04-16
2024-09-25 11:36:02+00:00,👤 Ankara 2025-05-23
2024-09-25 11:35:47+00:00,👤 Ankara 2025-03-05
2024-09-25 11:35:46+00:00,👤 Ankara 2025-03-03
2024-09-25 11:20:28+00:00,👤 İstanbul 2024-11-06
2024-09-25 11:15:23+00:00,👤 İstanbul 2025-06-12
2024-09-25 11:15:22+00:00,👤 İstanbul 2025-02-07
2024-09-25 11:10:23+00:00,👤 Ankara 2025-03-03
2024-09-25 11:10:22+00:00,👤 Ankara 2025-01-13
2024-09-25 11:10:20+00:00,👤 İstanbul 2025-06-12
2024-09-25 11:05:25+00:00,👤 Ankara 2025-06-20
2024-09-25 11:05:19+00:00,👤 İstanbul 2025-01-03
2024-09-25 11:00:59+00:00,👤 İstanbul 2025-06-16
2024-09-25 11:00:47+00:00,👤 İstanbul 2025-06-10
2024-09-25 11:00:38+00:00,👤 İstanbul 2025-02-10
2024-09-25 11:00:29+00:00,👤 Ankara 2024-12-10
2024-09-25 11:00:24+00:00,👤 İstanbul 2025-02-07
2024-09-25 11:00:23+00:00,👤 İstanbul 2025-01-09
2024-09-25 11:00:21+00:00,👤 Ankara 2025-05-12
2024-09-25 10:55:21+00:00,👤 İstanbul 2025-06-10
2024-09-25 10:55:20+00:00,👤 İstanbul 2025-02-14
2024-09-25 10:50:27+00:00,👤 İstanbul 2025-06-03
2024-09-25 10:50:26+00:00,👤 İstanbul 2024-12-18
2024-09-25 10:50:19+00:00,👤 Ankara 2025-05-27
2024-09-25 10:50:18+00:00,👤 Ankara 2025-03-11
2024-09-25 10:45:49+00:00,👤 İstanbul 2025-06-10
2024-09-25 10:45:26+00:00,👤 Ankara 2025-04-17
2024-09-25 10:45:23+00:00,👤 İstanbul 2025-02-06
2024-09-25 10:45:18+00:00,👤 İstanbul 2025-02-04
2024-09-25 10:45:17+00:00,👤 İstanbul 2024-10-08
2024-09-25 10:40:30+00:00,👤 Ankara 2025-04-17
2024-09-25 10:40:24+00:00,👤 İstanbul 2025-02-04
2024-09-25 10:40:23+00:00,👤 İstanbul 2024-12-30
2024-09-25 10:35:35+00:00,👤 Ankara 2025-06-12
2024-09-25 10:35:28+00:00,👤 Ankara 2025-03-17
2024-09-25 10:35:27+00:00,👤 Ankara 2024-12-04
2024-09-25 10:35:25+00:00,👤 İstanbul 2025-02-24
2024-09-25 10:35:24+00:00,👤 İstanbul 2024-12-31
2024-09-25 10:30:21+00:00,👤 Ankara 2025-04-22
2024-09-25 10:30:06+00:00,👤 İstanbul 2025-01-03
2024-09-25 10:25:23+00:00,👤 İstanbul 2025-03-24
2024-09-25 10:25:23+00:00,👤 İstanbul 2025-01-14
2024-09-25 10:20:27+00:00,👤 İstanbul 2025-06-10
2024-09-25 10:20:27+00:00,👤 İstanbul 2025-02-10
2024-09-25 10:20:24+00:00,👤 Ankara 2025-04-16
2024-09-25 10:15:20+00:00,👤 Ankara 2025-06-17
2024-09-25 10:15:19+00:00,👤 Ankara 2024-12-05
2024-09-25 09:55:22+00:00,👤 📩 İstanbul 2024-11-18
2024-09-25 09:40:24+00:00,👥 Ankara 2024-12-11
2024-09-25 09:30:18+00:00,👥 Ankara 2025-06-04
2024-09-25 08:40:20+00:00,👥 Ankara 2025-06-02
2024-09-25 08:35:42+00:00,👥 Ankara 2025-06-17
2024-09-25 07:40:26+00:00,👤 Ankara 2024-10-24
2024-09-25 07:35:21+00:00,👥 İstanbul 2025-02-14
2024-09-25 07:25:28+00:00,👤 Ankara 2024-10-22
2024-09-25 06:15:05+00:00,👥 İstanbul 2024-12-27
2024-09-25 06:05:08+00:00,👥 İstanbul 2024-12-24
2024-09-25 05:45:11+00:00,👥 İstanbul 2024-12-20
2024-09-25 05:30:21+00:00,👥 İstanbul 2025-02-06
2024-09-25 05:25:17+00:00,👥 İstanbul 2025-01-10
2024-09-25 05:23:29+00:00,👥 İstanbul 2024-12-19
2024-09-25 05:20:11+00:00,👥 İstanbul 2024-12-19
2024-09-25 05:20:10+00:00,👥 İstanbul 2024-12-17
2024-09-25 05:15:11+00:00,👥 İstanbul 2024-12-17
2024-09-25 05:12:11+00:00,👥 İstanbul 2024-12-17
2024-09-25 05:08:58+00:00,👥 İstanbul 2024-12-17
2024-09-25 04:45:32+00:00,👥 Ankara 2025-04-11
2024-09-25 04:35:25+00:00,👥 Ankara 2025-04-17
2024-09-25 04:30:31+00:00,👥 Ankara 2025-05-08
2024-09-25 04:30:31+00:00,👤 İstanbul 2024-10-21
2024-09-25 04:30:20+00:00,👤 Ankara 2025-05-08
2024-09-25 04:30:19+00:00,👤 Ankara 2025-01-28
2024-09-25 04:25:46+00:00,👤 İstanbul 2025-06-12
2024-09-25 04:25:45+00:00,👤 İstanbul 2025-01-02
2024-09-25 04:25:43+00:00,👤 Ankara 2025-04-22
2024-09-25 04:25:42+00:00,👤 Ankara 2024-12-04
2024-09-25 04:25:35+00:00,👥 Ankara 2025-05-06
2024-09-25 04:10:56+00:00,👥 Ankara 2025-06-04
2024-09-25 04:10:36+00:00,👥 İstanbul 2025-01-03
2024-09-25 04:10:27+00:00,👤 İstanbul 2024-11-06
2024-09-25 04:05:57+00:00,👤 Ankara 2025-03-05
2024-09-25 04:05:54+00:00,👤 İstanbul 2025-01-13
2024-09-25 04:05:53+00:00,👤 İstanbul 2024-12-05
2024-09-25 04:05:43+00:00,👤 İstanbul 2024-11-01
2024-09-25 04:05:36+00:00,👥 İstanbul 2025-03-11
2024-09-25 03:52:40+00:00,👤 Ankara 2025-06-18
2024-09-25 03:52:40+00:00,👤 Ankara 2025-06-17
2024-09-25 03:51:55+00:00,👤 İstanbul 2025-02-03
2024-09-25 03:51:54+00:00,👤 İstanbul 2025-01-17
2024-09-25 03:50:42+00:00,👤 Ankara 2024-12-10
2024-09-25 03:50:35+00:00,👤 İstanbul 2025-01-09
2024-09-25 03:50:23+00:00,👤 Ankara 2024-12-06
2024-09-25 03:50:22+00:00,👤 Ankara 2024-11-21
2024-09-25 03:50:21+00:00,👤 İstanbul 2024-12-12
2024-09-25 03:50:20+00:00,👤 İstanbul 2024-10-08
2024-09-25 03:50:17+00:00,👤 Ankara 2025-06-03
2024-09-25 03:50:16+00:00,👤 Ankara 2025-02-04
2024-09-25 03:46:59+00:00,👤 Ankara 2025-06-18
2024-09-25 03:45:29+00:00,👥 Ankara 2025-06-23
2024-09-25 03:45:27+00:00,👤 Ankara 2025-06-02
2024-09-25 03:45:25+00:00,👤 İstanbul 2025-02-04
2024-09-25 03:45:24+00:00,👤 İstanbul 2024-12-18
2024-09-25 03:45:17+00:00,👤 Ankara 2024-11-12
2024-09-25 03:45:09+00:00,👤 Ankara 2025-06-16
2024-09-25 03:43:08+00:00,👤 Ankara 2025-05-28
2024-09-25 03:43:07+00:00,👤 Ankara 2025-04-07
2024-09-25 03:42:08+00:00,👤 İstanbul 2025-06-17
2024-09-25 03:40:51+00:00,👤 İstanbul 2025-06-12
2024-09-25 03:40:49+00:00,👤 Ankara 2025-02-19
2024-09-25 03:40:41+00:00,👤 İstanbul 2025-03-06
2024-09-25 03:40:33+00:00,👤 İstanbul 2025-02-10
2024-09-25 03:40:32+00:00,👤 İstanbul 2024-12-03
2024-09-25 03:40:30+00:00,👤 Ankara 2025-02-14
2024-09-25 03:40:24+00:00,👤 Ankara 2024-11-04
2024-09-25 03:40:20+00:00,👥 İstanbul 2025-06-03
2024-09-25 03:40:15+00:00,👤 Ankara 2024-10-24
2024-09-25 03:35:30+00:00,👤 İstanbul 2025-02-07
2024-09-25 03:35:30+00:00,👤 İstanbul 2024-12-13
2024-09-25 03:35:28+00:00,👤 Ankara 2024-12-10
2024-09-25 03:35:27+00:00,👤 Ankara 2024-11-13
2024-09-25 03:30:55+00:00,👤 İstanbul 2025-06-12
2024-09-25 03:30:23+00:00,👤 İstanbul 2024-11-01
2024-09-25 03:30:22+00:00,👤 İstanbul 2024-10-30
2024-09-25 03:30:20+00:00,👤 Ankara 2025-04-21
2024-09-25 03:25:22+00:00,👥 İstanbul 2025-02-07
2024-09-25 03:25:17+00:00,👥 İstanbul 2024-12-16
2024-09-25 03:03:31+00:00,👤 📩 İstanbul 2025-02-10
2024-09-25 03:00:29+00:00,👤 📩 İstanbul 2025-02-10
2024-09-25 03:00:25+00:00,👥 İstanbul 2024-12-31
2024-09-25 02:30:38+00:00,👤 İstanbul 2025-06-12
2024-09-25 02:30:38+00:00,👤 İstanbul 2025-01-21
2024-09-25 02:30:25+00:00,👤 Ankara 2024-11-06
2024-09-25 02:30:25+00:00,👤 Ankara 2024-11-01
2024-09-25 02:25:19+00:00,👤 Ankara 2024-10-31
2024-09-25 02:21:36+00:00,👤 İstanbul 2025-06-16
2024-09-25 02:20:43+00:00,👤 İstanbul 2025-06-10
2024-09-25 02:20:25+00:00,👤 İstanbul 2025-02-06
2024-09-25 02:20:24+00:00,👤 İstanbul 2024-11-06
2024-09-25 02:20:21+00:00,👤 Ankara 2025-02-07
2024-09-25 02:20:17+00:00,👤 Ankara 2024-11-05
2024-09-25 02:15:29+00:00,👤 İstanbul 2025-06-17
2024-09-25 02:15:20+00:00,👤 Ankara 2024-12-12
2024-09-25 02:15:19+00:00,👤 Ankara 2024-12-02
2024-09-25 02:11:39+00:00,👤 Ankara 2025-06-17
2024-09-25 02:10:34+00:00,👤 İstanbul 2024-11-18
2024-09-25 02:10:30+00:00,👤 Ankara 2025-03-25
2024-09-25 02:10:20+00:00,👤 Ankara 2024-12-02
2024-09-25 02:10:18+00:00,👤 Ankara 2025-05-29
2024-09-25 02:10:18+00:00,👤 Ankara 2024-12-04
2024-09-25 02:06:48+00:00,👤 Ankara 2025-06-16
2024-09-25 02:06:00+00:00,👤 İstanbul 2025-01-17
2024-09-25 02:05:56+00:00,👤 Ankara 2024-12-03
2024-09-25 02:05:45+00:00,👤 İstanbul 2025-01-02
2024-09-25 02:05:29+00:00,👤 İstanbul 2024-12-16
2024-09-25 02:05:28+00:00,👤 İstanbul 2024-12-02
2024-09-25 02:05:22+00:00,👤 Ankara 2024-11-06
2024-09-25 02:05:21+00:00,👤 Ankara 2024-10-30
2024-09-25 02:05:19+00:00,👤 Ankara 2024-11-12
2024-09-25 02:05:18+00:00,👤 Ankara 2024-11-08
2024-09-25 02:00:27+00:00,👤 İstanbul 2024-11-21
2024-09-25 02:00:27+00:00,👤 İstanbul 2024-10-30
2024-09-25 01:55:43+00:00,👤 İstanbul 2024-11-18
2024-09-25 01:55:16+00:00,👤 Ankara 2025-05-30
2024-09-25 01:50:47+00:00,👤 Ankara 2025-06-04
2024-09-25 01:50:20+00:00,👤 İstanbul 2024-12-18
2024-09-25 01:50:19+00:00,👤 İstanbul 2024-12-12
2024-09-25 01:50:18+00:00,👤 Ankara 2025-03-27
2024-09-25 01:50:17+00:00,👤 Ankara 2024-11-12
2024-09-25 01:45:50+00:00,👤 İstanbul 2025-05-05
2024-09-25 01:45:29+00:00,👤 İstanbul 2025-02-03
2024-09-25 01:45:28+00:00,👤 İstanbul 2024-12-09
2024-09-25 01:45:23+00:00,👤 Ankara 2025-03-24
2024-09-25 01:45:22+00:00,👤 Ankara 2024-12-20
2024-09-25 01:45:07+00:00,👤 Ankara 2025-05-22
2024-09-25 01:42:02+00:00,👤 Ankara 2025-05-22
2024-09-25 01:42:01+00:00,👤 Ankara 2025-05-12
2024-09-25 01:40:55+00:00,👤 Ankara 2024-12-09
2024-09-25 01:40:43+00:00,👤 Ankara 2024-12-05
2024-09-25 01:40:42+00:00,👤 Ankara 2024-12-05
2024-09-25 01:40:42+00:00,👤 Ankara 2024-12-04
2024-09-25 01:40:33+00:00,👤 İstanbul 2025-01-03
2024-09-25 01:40:28+00:00,👤 📩 İstanbul 2024-11-18
2024-09-25 01:40:27+00:00,👤 İstanbul 2024-12-18
2024-09-25 01:40:26+00:00,👤 İstanbul 2024-11-25
2024-09-25 01:35:36+00:00,👤 Ankara 2025-06-17
2024-09-25 01:35:34+00:00,👤 İstanbul 2024-11-15
2024-09-25 01:35:23+00:00,👤 İstanbul 2024-11-06
2024-09-25 01:35:22+00:00,👤 İstanbul 2024-10-04
2024-09-25 01:35:20+00:00,👥 İstanbul 2025-06-02
2024-09-25 01:35:19+00:00,👤 Ankara 2024-12-05
2024-09-25 01:35:18+00:00,👤 Ankara 2024-12-02
2024-09-25 01:30:50+00:00,👤 Ankara 2025-05-12
2024-09-25 01:30:28+00:00,👤 İstanbul 2024-12-05
2024-09-25 01:30:25+00:00,👤 Ankara 2024-11-15
2024-09-25 01:30:23+00:00,👤 İstanbul 2024-10-08
2024-09-25 01:30:22+00:00,👤 İstanbul 2024-10-02
2024-09-25 01:30:20+00:00,👤 Ankara 2024-12-02
2024-09-25 01:30:19+00:00,👤 Ankara 2024-10-02
2024-09-25 01:25:58+00:00,👤 İstanbul 2025-01-14
2024-09-25 01:25:57+00:00,👥 İstanbul 2025-01-17
2024-09-25 01:25:38+00:00,👤 İstanbul 2025-01-03
2024-09-25 01:25:30+00:00,👤 İstanbul 2024-10-21
2024-09-25 01:25:28+00:00,👤 İstanbul 2024-10-18
2024-09-25 01:25:28+00:00,👤 Ankara 2024-10-18
2024-09-25 01:25:26+00:00,👤 📩 İstanbul 2024-10-24
2024-09-25 01:25:18+00:00,👥 İstanbul 2025-01-14
2024-09-25 01:25:17+00:00,👥 İstanbul 2024-10-18
2024-09-25 01:25:16+00:00,👤 Ankara 2025-06-18
2024-09-25 01:25:08+00:00,👤 📩 İstanbul 2024-11-18
2024-09-25 01:20:41+00:00,👤 İstanbul 2024-11-20
2024-09-25 01:20:40+00:00,👤 İstanbul 2024-11-15
2024-09-25 01:20:24+00:00,👤 Ankara 2025-03-07
2024-09-25 01:18:47+00:00,👤 📩 İstanbul 2024-11-18
2024-09-25 01:15:30+00:00,👤 Ankara 2025-03-13
2024-09-25 01:15:25+00:00,👤 Ankara 2025-01-14
2024-09-25 01:15:21+00:00,👤 📩 İstanbul 2024-11-18
2024-09-25 01:15:20+00:00,👤 Ankara 2024-12-09
2024-09-25 01:15:20+00:00,👤 Ankara 2024-12-04
2024-09-25 01:10:29+00:00,👤 İstanbul 2024-12-09
2024-09-25 01:10:27+00:00,👤 İstanbul 2024-11-19
2024-09-25 01:10:25+00:00,👤 Ankara 2025-03-19
2024-09-25 01:10:24+00:00,👤 Ankara 2025-03-11
2024-09-25 01:00:54+00:00,👤 İstanbul 2025-06-02
2024-09-25 01:00:53+00:00,👤 İstanbul 2025-02-03
2024-09-25 01:00:48+00:00,👤 Ankara 2025-06-02
2024-09-25 01:00:43+00:00,👤 Ankara 2025-04-28
2024-09-25 01:00:38+00:00,👤 Ankara 2025-03-04
2024-09-25 01:00:37+00:00,👤 Ankara 2024-11-05
2024-09-25 01:00:29+00:00,👤 İstanbul 2024-11-20
2024-09-25 01:00:29+00:00,👤 İstanbul 2024-11-01
2024-09-25 00:57:16+00:00,👤 İstanbul 2025-06-16
2024-09-25 00:55:36+00:00,👤 İstanbul 2024-12-12
2024-09-25 00:55:34+00:00,👤 Ankara 2025-05-28
2024-09-25 00:55:33+00:00,👤 Ankara 2025-02-05
2024-09-25 00:55:23+00:00,👤 İstanbul 2024-11-06
2024-09-25 00:55:22+00:00,👤 İstanbul 2024-10-02
2024-09-25 00:55:16+00:00,👥 İstanbul 2025-01-02
2024-09-25 00:49:11+00:00,👤 📩 İstanbul 2024-12-18
2024-09-25 00:45:19+00:00,👤 📩 İstanbul 2024-12-18
2024-09-25 00:40:20+00:00,👥 İstanbul 2024-11-15
2024-09-25 00:35:38+00:00,👤 Ankara 2025-05-22
2024-09-25 00:35:24+00:00,👤 Ankara 2025-03-24
2024-09-25 00:35:23+00:00,👤 Ankara 2025-02-11
2024-09-25 00:30:27+00:00,👤 Ankara 2024-12-10
2024-09-25 00:30:19+00:00,👤 Ankara 2025-03-19
2024-09-25 00:30:18+00:00,👤 Ankara 2024-11-18
2024-09-25 00:25:25+00:00,👤 Ankara 2025-05-13
2024-09-25 00:25:20+00:00,👤 Ankara 2024-12-05
2024-09-25 00:25:20+00:00,👤 Ankara 2024-12-04
2024-09-25 00:17:09+00:00,👤 Ankara 2025-06-16
2024-09-25 00:15:23+00:00,👤 Ankara 2025-06-12
2024-09-25 00:15:23+00:00,👤 Ankara 2025-05-07
2024-09-25 00:11:48+00:00,👤 Ankara 2025-05-20
2024-09-25 00:11:47+00:00,👤 Ankara 2025-03-20
2024-09-25 00:10:30+00:00,👤 Ankara 2024-12-12
2024-09-25 00:10:18+00:00,👤 Ankara 2025-02-24
2024-09-25 00:05:44+00:00,👤 Ankara 2025-03-17
2024-09-25 00:05:21+00:00,👤 Ankara 2025-02-27
2024-09-25 00:05:20+00:00,👤 Ankara 2024-12-11
2024-09-25 00:05:18+00:00,👤 Ankara 2025-05-20
2024-09-25 00:00:45+00:00,👤 Ankara 2025-03-19
2024-09-25 00:00:29+00:00,👤 Ankara 2024-12-13
2024-09-25 00:00:26+00:00,👤 Ankara 2025-04-16
2024-09-25 00:00:25+00:00,👤 Ankara 2024-12-11
2024-09-24 23:55:58+00:00,👤 İstanbul 2025-06-03
2024-09-24 23:55:49+00:00,👤 İstanbul 2025-01-17
2024-09-24 23:55:39+00:00,👤 Ankara 2025-04-15
2024-09-24 23:55:37+00:00,👤 İstanbul 2024-12-30
2024-09-24 23:55:33+00:00,👤 İstanbul 2024-12-09
2024-09-24 23:55:33+00:00,👤 Ankara 2024-12-12
2024-09-24 23:55:23+00:00,👤 İstanbul 2024-12-03
2024-09-24 23:55:22+00:00,👤 İstanbul 2024-11-06
2024-09-24 23:55:18+00:00,👤 Ankara 2024-10-16
2024-09-24 23:55:18+00:00,👤 Ankara 2024-10-11
2024-09-24 23:50:43+00:00,👤 Ankara 2025-02-25
2024-09-24 23:50:42+00:00,👤 İstanbul 2025-01-16
2024-09-24 23:50:37+00:00,👤 İstanbul 2024-12-18
2024-09-24 23:50:30+00:00,👤 İstanbul 2024-10-21
2024-09-24 23:50:28+00:00,👤 İstanbul 2024-10-18
2024-09-24 23:50:27+00:00,👤 İstanbul 2024-10-03
2024-09-24 23:50:17+00:00,👤 Ankara 2025-01-31
2024-09-24 23:50:16+00:00,👤 Ankara 2025-05-29
2024-09-24 23:50:15+00:00,👤 Ankara 2024-12-03
2024-09-24 23:45:27+00:00,👤 İstanbul 2025-02-10
2024-09-24 23:45:26+00:00,👤 Ankara 2024-12-04
2024-09-24 23:40:53+00:00,👤 İstanbul 2025-02-18
2024-09-24 23:40:33+00:00,👤 İstanbul 2024-12-16
2024-09-24 23:40:19+00:00,👤 İstanbul 2024-12-12
2024-09-24 23:40:18+00:00,👤 İstanbul 2024-11-20
2024-09-24 23:40:18+00:00,👤 Ankara 2025-03-11
2024-09-24 23:40:16+00:00,👤 Ankara 2025-06-03
2024-09-24 23:40:16+00:00,👤 Ankara 2025-04-24
2024-09-24 23:36:03+00:00,👤 Ankara 2025-06-18
2024-09-24 23:36:02+00:00,👤 Ankara 2025-03-24
2024-09-24 23:35:53+00:00,👤 İstanbul 2025-02-10
2024-09-24 23:35:44+00:00,👤 Ankara 2025-01-27
2024-09-24 23:35:43+00:00,👤 Ankara 2024-12-12
2024-09-24 23:35:29+00:00,👤 İstanbul 2025-01-02
2024-09-24 23:35:19+00:00,👤 Ankara 2024-12-04
2024-09-24 23:35:19+00:00,👤 Ankara 2024-11-22
2024-09-24 23:35:18+00:00,👤 İstanbul 2024-12-10
2024-09-24 23:35:17+00:00,👤 İstanbul 2024-12-02
2024-09-24 23:30:59+00:00,👤 Ankara 2025-04-22
2024-09-24 23:30:46+00:00,👤 İstanbul 2025-06-17
2024-09-24 23:30:26+00:00,👤 İstanbul 2025-02-14
2024-09-24 23:30:25+00:00,👤 İstanbul 2025-02-11
2024-09-24 23:30:14+00:00,👤 📩 İstanbul 2024-12-18
2024-09-24 23:25:55+00:00,👤 İstanbul 2025-01-03
2024-09-24 23:25:33+00:00,👤 İstanbul 2025-01-02
2024-09-24 23:25:32+00:00,👤 İstanbul 2024-11-21
2024-09-24 23:25:30+00:00,👤 Ankara 2025-03-24
2024-09-24 23:25:18+00:00,👤 📩 İstanbul 2024-12-18
2024-09-24 23:25:17+00:00,👥 İstanbul 2025-01-07
2024-09-24 23:22:31+00:00,👤 Ankara 2025-06-17
2024-09-24 23:21:00+00:00,👤 Ankara 2024-12-03
2024-09-24 23:20:46+00:00,👤 Ankara 2024-12-02
2024-09-24 23:20:23+00:00,👥 İstanbul 2025-01-02
2024-09-24 23:20:23+00:00,👤 Ankara 2024-11-01
2024-09-24 23:20:22+00:00,👤 Ankara 2024-10-31
2024-09-24 23:20:19+00:00,👤 İstanbul 2024-12-09
2024-09-24 23:20:19+00:00,👤 İstanbul 2024-11-05
2024-09-24 23:16:01+00:00,👤 Ankara 2025-06-12
2024-09-24 23:15:51+00:00,👤 Ankara 2025-06-02
2024-09-24 23:15:50+00:00,👤 Ankara 2025-05-22
2024-09-24 23:15:33+00:00,👤 İstanbul 2025-06-10
2024-09-24 23:15:28+00:00,👤 İstanbul 2025-01-10
2024-09-24 23:15:27+00:00,👤 İstanbul 2024-12-16
2024-09-24 23:15:20+00:00,👤 Ankara 2024-12-02
2024-09-24 23:15:19+00:00,👤 Ankara 2024-11-12
2024-09-24 23:15:18+00:00,👥 İstanbul 2025-06-10
2024-09-24 23:15:17+00:00,👥 İstanbul 2025-01-10
2024-09-24 23:10:25+00:00,👤 İstanbul 2024-12-03
2024-09-24 23:10:24+00:00,👤 İstanbul 2024-12-02
2024-09-24 23:10:23+00:00,👤 Ankara 2025-06-20
2024-09-24 23:10:22+00:00,👤 Ankara 2025-06-03
2024-09-24 23:05:27+00:00,👤 Ankara 2025-05-28
2024-09-24 23:05:21+00:00,👤 İstanbul 2025-01-02
2024-09-24 23:05:19+00:00,👤 Ankara 2025-06-04
2024-09-24 23:01:26+00:00,👤 Ankara 2025-06-04
2024-09-24 23:00:55+00:00,👤 Ankara 2025-01-08
2024-09-24 23:00:43+00:00,👤 Ankara 2024-12-11
2024-09-24 23:00:38+00:00,👤 Ankara 2024-12-03
2024-09-24 23:00:37+00:00,👤 Ankara 2024-11-08
2024-09-24 23:00:28+00:00,👤 İstanbul 2025-01-27
2024-09-24 23:00:27+00:00,👤 İstanbul 2024-10-08
2024-09-24 22:55:53+00:00,👤 İstanbul 2025-02-10
2024-09-24 22:55:39+00:00,👤 İstanbul 2025-01-16
2024-09-24 22:55:28+00:00,👤 İstanbul 2025-01-03
2024-09-24 22:55:26+00:00,👤 Ankara 2024-12-10
2024-09-24 22:55:26+00:00,👤 Ankara 2024-11-06
2024-09-24 22:55:18+00:00,👤 İstanbul 2024-12-18
2024-09-24 22:55:18+00:00,👤 İstanbul 2024-11-20
2024-09-24 22:51:00+00:00,👤 İstanbul 2025-06-10
2024-09-24 22:50:55+00:00,👤 Ankara 2025-06-04
2024-09-24 22:50:50+00:00,👤 İstanbul 2025-06-02
2024-09-24 22:50:38+00:00,👤 İstanbul 2025-02-10
2024-09-24 22:50:34+00:00,👤 Ankara 2025-01-23
2024-09-24 22:50:27+00:00,👤 İstanbul 2025-02-07
2024-09-24 22:50:27+00:00,👤 İstanbul 2024-12-13
2024-09-24 22:50:24+00:00,👥 İstanbul 2025-02-10
2024-09-24 22:50:24+00:00,👥 İstanbul 2024-12-13
2024-09-24 22:50:17+00:00,👤 Ankara 2025-01-09
2024-09-24 22:50:16+00:00,👤 Ankara 2024-12-17
2024-09-24 22:45:53+00:00,👤 İstanbul 2025-06-03
2024-09-24 22:45:52+00:00,👤 İstanbul 2025-01-30
2024-09-24 22:45:37+00:00,👤 Ankara 2024-12-11
2024-09-24 22:45:36+00:00,👤 Ankara 2024-11-26
2024-09-24 22:45:29+00:00,👤 Ankara 2024-10-17
2024-09-24 22:45:26+00:00,👤 İstanbul 2024-12-16
2024-09-24 22:45:25+00:00,👤 İstanbul 2024-10-24
2024-09-24 22:45:18+00:00,👤 Ankara 2024-10-11
2024-09-24 22:45:17+00:00,👤 Ankara 2024-10-10
2024-09-24 22:41:02+00:00,👤 İstanbul 2025-01-02
2024-09-24 22:40:50+00:00,👤 Ankara 2025-03-05
2024-09-24 22:40:44+00:00,👤 İstanbul 2024-12-03
2024-09-24 22:40:34+00:00,👤 Ankara 2025-02-19
2024-09-24 22:40:32+00:00,👤 İstanbul 2024-12-02
2024-09-24 22:40:23+00:00,👤 Ankara 2025-01-14
2024-09-24 22:40:21+00:00,👤 Ankara 2024-11-08
2024-09-24 22:40:19+00:00,👤 İstanbul 2024-11-26
2024-09-24 22:40:19+00:00,👤 İstanbul 2024-11-20
2024-09-24 22:40:16+00:00,👤 Ankara 2024-11-01
2024-09-24 22:35:50+00:00,👤 Ankara 2025-05-28
2024-09-24 22:35:46+00:00,👤 İstanbul 2025-06-10
2024-09-24 22:35:35+00:00,👤 Ankara 2025-05-27
2024-09-24 22:35:31+00:00,👤 İstanbul 2025-02-24
2024-09-24 22:35:27+00:00,👤 Ankara 2024-12-02
2024-09-24 22:35:25+00:00,👥 İstanbul 2025-06-10
2024-09-24 22:35:18+00:00,👤 Ankara 2024-10-10
2024-09-24 22:35:17+00:00,👤 Ankara 2024-12-12
2024-09-24 22:35:16+00:00,👤 İstanbul 2025-01-10
2024-09-24 22:35:16+00:00,👤 Ankara 2024-11-12
2024-09-24 22:35:16+00:00,👤 İstanbul 2025-01-02
2024-09-24 22:30:30+00:00,👤 İstanbul 2025-06-10
2024-09-24 22:30:29+00:00,👤 İstanbul 2024-12-06
2024-09-24 22:30:19+00:00,👤 Ankara 2025-05-22
2024-09-24 22:30:18+00:00,👤 Ankara 2024-12-09
2024-09-24 22:30:18+00:00,👥 İstanbul 2025-06-10
2024-09-24 22:25:59+00:00,👤 Ankara 2025-05-06
2024-09-24 22:25:46+00:00,👤 Ankara 2025-03-06
2024-09-24 22:25:41+00:00,👤 İstanbul 2025-02-07
2024-09-24 22:25:33+00:00,👤 Ankara 2025-03-03
2024-09-24 22:25:27+00:00,👤 Ankara 2024-12-04
2024-09-24 22:25:21+00:00,👤 İstanbul 2025-01-03
2024-09-24 22:25:21+00:00,👤 İstanbul 2024-12-03
2024-09-24 22:25:18+00:00,👤 Ankara 2024-11-05
2024-09-24 22:25:17+00:00,👤 Ankara 2024-11-21
2024-09-24 22:25:16+00:00,👤 Ankara 2024-11-06
2024-09-24 22:20:43+00:00,👤 Ankara 2025-05-21
2024-09-24 22:20:38+00:00,👤 Ankara 2025-04-28
2024-09-24 22:20:22+00:00,👤 Ankara 2024-12-12
2024-09-24 22:20:21+00:00,👤 Ankara 2024-12-06
2024-09-24 22:15:48+00:00,👤 Ankara 2025-06-17
2024-09-24 22:15:30+00:00,👤 Ankara 2024-12-12
2024-09-24 22:15:19+00:00,👤 Ankara 2024-12-05
2024-09-24 22:15:18+00:00,👤 Ankara 2024-11-13
2024-09-24 22:10:36+00:00,👤 Ankara 2025-06-18
2024-09-24 22:10:22+00:00,👤 Ankara 2025-01-14
2024-09-24 22:10:22+00:00,👤 Ankara 2024-12-06
2024-09-24 22:05:33+00:00,👤 Ankara 2025-04-14
2024-09-24 22:05:19+00:00,👤 Ankara 2024-12-02
2024-09-24 22:05:19+00:00,👤 Ankara 2024-10-09
2024-09-24 22:00:45+00:00,👤 Ankara 2025-05-30
2024-09-24 22:00:32+00:00,👤 Ankara 2024-12-10
2024-09-24 22:00:25+00:00,👤 Ankara 2024-11-14
2024-09-24 22:00:24+00:00,👤 Ankara 2024-11-04
2024-09-24 21:55:31+00:00,👤 Ankara 2025-04-24
2024-09-24 21:55:17+00:00,👤 Ankara 2025-02-13
2024-09-24 21:55:17+00:00,👤 Ankara 2024-12-12
2024-09-24 21:50:45+00:00,👤 Ankara 2025-04-17
2024-09-24 21:50:44+00:00,👤 Ankara 2024-12-12
2024-09-24 21:50:17+00:00,👤 Ankara 2024-12-04
2024-09-24 21:50:16+00:00,👤 Ankara 2024-11-21
2024-09-24 21:30:23+00:00,👤 📩 İstanbul 2024-11-18
2024-09-24 21:25:52+00:00,👤 Ankara 2025-04-29
2024-09-24 21:25:45+00:00,👤 Ankara 2025-04-10
2024-09-24 21:25:36+00:00,👤 Ankara 2025-04-07
2024-09-24 21:25:32+00:00,👤 İstanbul 2025-06-16
2024-09-24 21:25:32+00:00,👤 İstanbul 2025-02-10
2024-09-24 21:25:18+00:00,👤 Ankara 2024-12-03
2024-09-24 21:25:17+00:00,👤 Ankara 2024-11-22
2024-09-24 21:20:50+00:00,👤 Ankara 2025-03-05
2024-09-24 21:20:47+00:00,👤 İstanbul 2025-06-12
2024-09-24 21:20:36+00:00,👤 Ankara 2025-01-28
2024-09-24 21:20:33+00:00,👤 İstanbul 2024-12-16
2024-09-24 21:20:32+00:00,👤 İstanbul 2024-12-03
2024-09-24 21:20:29+00:00,👤 Ankara 2024-12-10
2024-09-24 21:20:28+00:00,👤 Ankara 2024-12-03
2024-09-24 21:20:20+00:00,👥 İstanbul 2025-01-27
2024-09-24 21:15:37+00:00,👤 İstanbul 2025-06-17
2024-09-24 21:15:37+00:00,👤 İstanbul 2024-12-18
2024-09-24 21:15:27+00:00,👤 Ankara 2025-06-03
2024-09-24 21:15:21+00:00,👤 Ankara 2024-12-13
2024-09-24 21:15:20+00:00,👤 Ankara 2024-10-16
2024-09-24 21:10:44+00:00,👤 İstanbul 2025-06-17
2024-09-24 21:10:40+00:00,👤 Ankara 2025-05-21
2024-09-24 21:10:28+00:00,👤 İstanbul 2024-12-10
2024-09-24 21:10:27+00:00,👤 İstanbul 2024-11-25
2024-09-24 21:10:27+00:00,👥 İstanbul 2025-02-06
2024-09-24 21:10:22+00:00,👤 Ankara 2024-12-03
2024-09-24 21:10:21+00:00,👤 Ankara 2024-11-07
2024-09-24 21:05:59+00:00,👤 İstanbul 2025-01-03
2024-09-24 21:05:59+00:00,👤 İstanbul 2025-01-02
2024-09-24 21:05:57+00:00,👤 Ankara 2025-05-22
2024-09-24 21:05:46+00:00,👤 Ankara 2025-05-09
2024-09-24 21:05:29+00:00,👥 İstanbul 2025-01-31
2024-09-24 21:05:29+00:00,👥 İstanbul 2024-10-30
2024-09-24 21:05:27+00:00,👤 Ankara 2025-03-05
2024-09-24 21:05:25+00:00,👤 İstanbul 2024-12-31
2024-09-24 21:05:24+00:00,👤 İstanbul 2024-10-30
2024-09-24 21:05:23+00:00,👤 📩 İstanbul 2024-12-18
2024-09-24 21:05:20+00:00,👤 Ankara 2024-12-06
2024-09-24 21:05:19+00:00,👤 Ankara 2024-11-01
2024-09-24 21:00:47+00:00,👤 İstanbul 2025-02-07
2024-09-24 21:00:31+00:00,👤 Ankara 2024-12-10
2024-09-24 21:00:29+00:00,👤 İstanbul 2025-02-06
2024-09-24 21:00:29+00:00,👤 İstanbul 2024-11-25
2024-09-24 21:00:25+00:00,👤 Ankara 2024-12-06
2024-09-24 21:00:24+00:00,👤 Ankara 2024-10-03
2024-09-24 20:55:45+00:00,👤 İstanbul 2025-02-03
2024-09-24 20:55:37+00:00,👤 İstanbul 2024-12-09
2024-09-24 20:55:24+00:00,👥 İstanbul 2024-12-02
2024-09-24 20:55:20+00:00,👤 Ankara 2025-03-24
2024-09-24 20:55:20+00:00,👥 İstanbul 2024-10-07
2024-09-24 20:55:19+00:00,👤 Ankara 2025-02-24
2024-09-24 20:55:19+00:00,👤 İstanbul 2024-12-02
2024-09-24 20:55:18+00:00,👤 İstanbul 2024-10-07
2024-09-24 20:50:32+00:00,👤 Ankara 2024-12-12
2024-09-24 20:50:26+00:00,👤 İstanbul 2024-12-13
2024-09-24 20:50:26+00:00,👤 İstanbul 2024-12-10
2024-09-24 20:50:22+00:00,👥 İstanbul 2024-12-13
2024-09-24 20:50:20+00:00,👤 Ankara 2024-10-31
2024-09-24 20:50:19+00:00,👤 Ankara 2024-10-10
2024-09-24 20:45:59+00:00,👤 İstanbul 2025-02-06
2024-09-24 20:45:53+00:00,👤 İstanbul 2025-01-06
2024-09-24 20:45:53+00:00,👤 İstanbul 2025-01-03
2024-09-24 20:45:48+00:00,👤 Ankara 2025-02-27
2024-09-24 20:45:31+00:00,👤 Ankara 2025-02-25
2024-09-24 20:45:30+00:00,👤 İstanbul 2024-12-18
2024-09-24 20:45:29+00:00,👤 İstanbul 2024-12-03
2024-09-24 20:45:27+00:00,👤 Ankara 2024-12-11
2024-09-24 20:45:27+00:00,👤 Ankara 2024-11-07
2024-09-24 20:45:17+00:00,👥 İstanbul 2024-12-18
2024-09-24 20:40:45+00:00,👤 Ankara 2025-06-17
2024-09-24 20:40:43+00:00,👤 İstanbul 2025-03-06
2024-09-24 20:40:42+00:00,👤 İstanbul 2025-02-03
2024-09-24 20:40:38+00:00,👤 Ankara 2025-06-12
2024-09-24 20:40:34+00:00,👤 Ankara 2025-01-02
2024-09-24 20:40:33+00:00,👤 Ankara 2024-12-12
2024-09-24 20:40:28+00:00,👥 İstanbul 2025-02-03
2024-09-24 20:40:20+00:00,👤 Ankara 2024-12-03
2024-09-24 20:40:19+00:00,👤 Ankara 2024-11-05
2024-09-24 20:35:22+00:00,👤 Ankara 2024-12-11
2024-09-24 20:35:21+00:00,👤 Ankara 2024-11-07
2024-09-24 20:30:23+00:00,👤 Ankara 2025-03-07
2024-09-24 20:30:22+00:00,👤 Ankara 2025-02-20
2024-09-24 20:30:19+00:00,👥 İstanbul 2025-06-10
2024-09-24 20:30:17+00:00,👤 Ankara 2024-10-16
2024-09-24 20:26:00+00:00,👤 Ankara 2025-06-20
2024-09-24 20:25:46+00:00,👤 Ankara 2025-04-22
2024-09-24 20:25:21+00:00,👤 İstanbul 2024-10-02
2024-09-24 20:25:20+00:00,👤 Ankara 2025-04-21
2024-09-24 20:25:19+00:00,👤 Ankara 2025-02-13
2024-09-24 20:20:42+00:00,👤 İstanbul 2025-06-17
2024-09-24 20:20:37+00:00,👤 Ankara 2025-06-18
2024-09-24 20:20:32+00:00,👤 İstanbul 2024-12-31
2024-09-24 20:20:32+00:00,👤 İstanbul 2024-11-06
2024-09-24 20:20:28+00:00,👤 Ankara 2025-03-24
2024-09-24 20:20:20+00:00,👤 Ankara 2024-12-12
2024-09-24 20:20:19+00:00,👤 Ankara 2024-12-02
2024-09-24 20:16:01+00:00,👤 Ankara 2025-06-13
2024-09-24 20:15:59+00:00,👤 İstanbul 2025-06-16
2024-09-24 20:15:46+00:00,👤 Ankara 2025-06-12
2024-09-24 20:15:43+00:00,👤 İstanbul 2025-06-02
2024-09-24 20:15:40+00:00,👤 Ankara 2025-03-07
2024-09-24 20:15:29+00:00,👤 İstanbul 2025-02-04
2024-09-24 20:15:28+00:00,👤 İstanbul 2024-12-18
2024-09-24 20:15:26+00:00,👤 Ankara 2025-02-13
2024-09-24 20:15:19+00:00,👤 Ankara 2024-10-30
2024-09-24 20:15:18+00:00,👤 Ankara 2024-10-15
2024-09-24 20:10:35+00:00,👤 Ankara 2025-05-29
2024-09-24 20:10:26+00:00,👤 Ankara 2025-03-27
2024-09-24 20:10:25+00:00,👤 Ankara 2025-03-05
2024-09-24 20:10:24+00:00,👤 İstanbul 2025-02-03
2024-09-24 20:10:23+00:00,👤 İstanbul 2024-11-22
2024-09-24 20:05:47+00:00,👤 Ankara 2025-06-12
2024-09-24 20:05:38+00:00,👤 İstanbul 2025-06-17
2024-09-24 20:05:33+00:00,👤 Ankara 2025-01-10
2024-09-24 20:05:21+00:00,👤 Ankara 2024-11-07
2024-09-24 20:05:19+00:00,👥 İstanbul 2024-12-02
2024-09-24 20:05:19+00:00,👤 Ankara 2024-12-12
2024-09-24 20:05:18+00:00,👤 Ankara 2024-11-18
2024-09-24 19:50:26+00:00,👤 Ankara 2024-11-05
2024-09-24 19:50:16+00:00,👤 İstanbul 2025-06-10
2024-09-24 19:20:33+00:00,👤 Ankara 2025-06-18
2024-09-24 19:20:23+00:00,👤 Ankara 2024-11-18
2024-09-24 19:20:22+00:00,👤 Ankara 2024-11-12
2024-09-24 19:15:39+00:00,👤 Ankara 2025-03-14
2024-09-24 19:15:26+00:00,👤 Ankara 2024-12-12
2024-09-24 19:15:25+00:00,👤 Ankara 2024-12-11
2024-09-24 19:10:53+00:00,👤 Ankara 2025-06-12
2024-09-24 19:10:36+00:00,👤 Ankara 2025-03-24
2024-09-24 19:10:20+00:00,👤 Ankara 2024-12-12
2024-09-24 19:10:17+00:00,👤 Ankara 2025-03-19
2024-09-24 19:05:32+00:00,👤 Ankara 2025-04-17
2024-09-24 19:05:20+00:00,👤 Ankara 2025-04-08
2024-09-24 19:05:19+00:00,👤 Ankara 2025-01-28
2024-09-24 19:05:18+00:00,👥 İstanbul 2025-02-07
2024-09-24 19:05:17+00:00,👥 İstanbul 2024-12-09
2024-09-24 19:00:39+00:00,👤 Ankara 2024-12-09
2024-09-24 19:00:38+00:00,👤 Ankara 2024-12-06
2024-09-24 19:00:30+00:00,👥 İstanbul 2025-06-16
2024-09-24 19:00:23+00:00,👤 Ankara 2024-11-06
2024-09-24 19:00:21+00:00,👤 Ankara 2024-12-03
2024-09-24 19:00:21+00:00,👥 İstanbul 2024-11-20
2024-09-24 18:55:51+00:00,👤 Ankara 2025-06-16
2024-09-24 18:55:49+00:00,👤 Ankara 2025-01-21
2024-09-24 18:55:32+00:00,👤 Ankara 2024-12-12
2024-09-24 18:55:28+00:00,👤 Ankara 2024-12-11
2024-09-24 18:55:21+00:00,👥 İstanbul 2025-02-14
2024-09-24 18:55:21+00:00,👥 İstanbul 2024-12-13
2024-09-24 18:55:20+00:00,👤 Ankara 2024-11-06
2024-09-24 18:55:19+00:00,👤 Ankara 2024-10-07
2024-09-24 18:55:16+00:00,👤 Ankara 2024-12-04
2024-09-24 18:55:15+00:00,👤 Ankara 2024-10-16
2024-09-24 18:50:50+00:00,👤 Ankara 2025-05-20
2024-09-24 18:50:47+00:00,👥 İstanbul 2025-01-21
2024-09-24 18:50:29+00:00,👤 Ankara 2025-02-13
2024-09-24 18:50:21+00:00,👤 Ankara 2025-01-03
2024-09-24 18:50:20+00:00,👤 Ankara 2024-11-06
2024-09-24 18:50:19+00:00,👥 İstanbul 2025-01-03
2024-09-24 18:50:18+00:00,👥 İstanbul 2024-10-10
2024-09-24 18:45:21+00:00,👤 Ankara 2025-06-12
2024-09-24 18:45:20+00:00,👤 Ankara 2024-11-07
2024-09-24 18:45:18+00:00,👥 İstanbul 2025-01-21
2024-09-24 18:40:22+00:00,👤 Ankara 2025-06-17
2024-09-24 18:40:21+00:00,👤 Ankara 2025-05-22
2024-09-24 18:40:21+00:00,👥 İstanbul 2025-01-02
2024-09-24 18:35:43+00:00,👤 Ankara 2025-05-15
2024-09-24 18:35:18+00:00,👤 Ankara 2024-12-13
2024-09-24 18:35:18+00:00,👤 Ankara 2024-12-06
2024-09-24 18:30:50+00:00,👤 Ankara 2025-04-22
2024-09-24 18:30:20+00:00,👤 Ankara 2025-03-04
2024-09-24 18:30:20+00:00,👤 Ankara 2024-10-31
2024-09-24 18:25:43+00:00,👤 Ankara 2025-06-03
2024-09-24 18:25:42+00:00,👤 Ankara 2024-12-06
2024-09-24 18:25:32+00:00,👤 Ankara 2024-12-04
2024-09-24 18:25:21+00:00,👤 Ankara 2024-12-03
2024-09-24 18:25:21+00:00,👤 Ankara 2024-11-15
2024-09-24 18:25:19+00:00,👥 İstanbul 2024-12-05
2024-09-24 18:20:41+00:00,👤 Ankara 2025-06-18
2024-09-24 18:20:33+00:00,👤 Ankara 2025-05-12
2024-09-24 18:20:31+00:00,👤 Ankara 2024-12-06
2024-09-24 18:15:20+00:00,👥 İstanbul 2024-12-18
2024-09-24 18:15:19+00:00,👥 İstanbul 2024-11-06
2024-09-24 18:10:22+00:00,👥 İstanbul 2025-03-11
2024-09-24 18:10:21+00:00,👥 İstanbul 2024-12-18
2024-09-24 17:50:20+00:00,👥 İstanbul 2025-02-03
2024-09-24 17:35:21+00:00,👤 Ankara 2024-12-02
2024-09-24 17:30:21+00:00,👤 Ankara 2024-11-12
2024-09-24 17:30:20+00:00,👤 Ankara 2024-09-30
2024-09-24 17:25:55+00:00,👤 Ankara 2025-06-12
2024-09-24 17:25:34+00:00,👤 Ankara 2025-05-05
2024-09-24 17:25:24+00:00,👤 Ankara 2025-02-27
2024-09-24 17:25:23+00:00,👤 Ankara 2024-12-10
2024-09-24 17:20:25+00:00,👤 Ankara 2025-04-14
2024-09-24 17:20:18+00:00,👤 Ankara 2025-02-24
2024-09-24 17:20:17+00:00,👤 Ankara 2024-12-09
2024-09-24 17:15:18+00:00,👤 Ankara 2025-04-24
2024-09-24 17:15:18+00:00,👤 Ankara 2024-12-13
2024-09-24 17:10:49+00:00,👤 Ankara 2025-05-27
2024-09-24 17:10:42+00:00,👤 Ankara 2025-05-09
2024-09-24 17:10:20+00:00,👤 Ankara 2024-12-13
2024-09-24 17:10:19+00:00,👤 Ankara 2024-12-12
2024-09-24 17:05:58+00:00,👤 Ankara 2025-05-30
2024-09-24 17:05:57+00:00,👤 Ankara 2025-04-22
2024-09-24 17:05:44+00:00,👤 Ankara 2025-04-07
2024-09-24 17:05:43+00:00,👤 Ankara 2024-12-03
2024-09-24 17:05:24+00:00,👤 Ankara 2024-11-18
2024-09-24 17:05:24+00:00,👤 Ankara 2024-11-05
2024-09-24 17:00:49+00:00,👤 Ankara 2025-01-17
2024-09-24 17:00:48+00:00,👤 Ankara 2024-12-06
2024-09-24 17:00:37+00:00,👤 Ankara 2024-10-22
2024-09-24 16:56:38+00:00,👤 Ankara 2025-04-17
2024-09-24 16:55:20+00:00,👤 Ankara 2024-12-12
2024-09-24 16:55:19+00:00,👤 Ankara 2024-12-10
2024-09-24 16:55:17+00:00,👤 Ankara 2025-02-21
2024-09-24 16:55:16+00:00,👤 Ankara 2025-02-12
2024-09-24 16:50:20+00:00,👤 Ankara 2024-11-12
2024-09-24 16:50:17+00:00,👥 İstanbul 2025-01-28
2024-09-24 16:45:54+00:00,👤 Ankara 2025-02-19
2024-09-24 16:45:32+00:00,👤 Ankara 2024-12-10
2024-09-24 16:45:26+00:00,👤 Ankara 2024-12-03
2024-09-24 16:45:19+00:00,👥 İstanbul 2024-10-21
2024-09-24 16:45:18+00:00,👤 Ankara 2024-11-04
2024-09-24 16:45:17+00:00,👤 Ankara 2024-10-25
2024-09-24 16:40:20+00:00,👤 Ankara 2025-03-07
2024-09-24 16:40:19+00:00,👤 Ankara 2024-12-05
2024-09-24 16:35:47+00:00,👤 Ankara 2024-12-17
2024-09-24 16:35:22+00:00,👥 İstanbul 2025-02-14
2024-09-24 16:35:21+00:00,👥 İstanbul 2024-10-21
2024-09-24 16:35:18+00:00,👤 Ankara 2024-12-10
2024-09-24 16:35:16+00:00,👤 Ankara 2025-04-16
2024-09-24 16:35:15+00:00,👤 Ankara 2024-12-05
2024-09-24 16:30:24+00:00,👥 İstanbul 2024-10-30
2024-09-24 16:25:25+00:00,👥 İstanbul 2025-02-04
2024-09-24 16:25:18+00:00,👥 İstanbul 2025-01-31
2024-09-24 16:25:18+00:00,👥 İstanbul 2024-11-06
2024-09-24 16:10:19+00:00,👥 İstanbul 2025-01-31
2024-09-24 16:10:19+00:00,👥 İstanbul 2024-10-21
2024-09-24 16:05:28+00:00,👥 İstanbul 2025-02-04
2024-09-24 16:05:27+00:00,👥 İstanbul 2024-10-21
2024-09-24 16:00:23+00:00,👥 İstanbul 2025-02-04
2024-09-24 16:00:23+00:00,👥 İstanbul 2024-10-02
2024-09-24 15:50:30+00:00,👤 Ankara 2025-01-15
2024-09-24 15:50:20+00:00,👤 Ankara 2024-12-12
2024-09-24 15:50:19+00:00,👤 Ankara 2024-12-09
2024-09-24 15:45:59+00:00,👤 Ankara 2025-06-17
2024-09-24 15:45:24+00:00,👤 Ankara 2025-06-12
2024-09-24 15:45:23+00:00,👤 Ankara 2025-06-04
2024-09-24 15:40:47+00:00,👤 Ankara 2025-06-16
2024-09-24 15:40:45+00:00,👤 Ankara 2025-03-14
2024-09-24 15:40:30+00:00,👤 Ankara 2024-12-13
2024-09-24 15:40:26+00:00,👥 İstanbul 2024-11-20
2024-09-24 15:40:24+00:00,👥 İstanbul 2024-11-06
2024-09-24 15:40:23+00:00,👥 İstanbul 2024-10-24
2024-09-24 15:40:21+00:00,👤 Ankara 2024-12-10
2024-09-24 15:40:20+00:00,👤 Ankara 2024-11-19
2024-09-24 15:35:39+00:00,👤 Ankara 2025-06-04
2024-09-24 15:35:39+00:00,👤 Ankara 2025-04-24
2024-09-24 15:35:30+00:00,👤 Ankara 2024-10-22
2024-09-24 15:35:19+00:00,👥 İstanbul 2024-12-18
2024-09-24 15:35:19+00:00,👥 İstanbul 2024-11-20
2024-09-24 15:30:27+00:00,👤 Ankara 2025-05-28
2024-09-24 15:26:22+00:00,"Açılan tarihlere rağmen henüz erken randevu bulamadıysanız, her türlü randevunuz için (redli, redsiz, grup, posta) iletişime geçebiliriz. @fastvisa24 @emtr34"
2024-09-24 15:25:22+00:00,👤 Ankara 2025-01-14
2024-09-24 15:25:22+00:00,👤 Ankara 2024-12-04
2024-09-24 15:20:31+00:00,👤 Ankara 2025-01-31
2024-09-24 15:20:24+00:00,👤 Ankara 2024-12-11
2024-09-24 15:20:23+00:00,👤 Ankara 2024-12-04
2024-09-24 15:15:25+00:00,👤 Ankara 2025-05-28
2024-09-24 15:15:24+00:00,👤 Ankara 2024-12-09
2024-09-24 15:10:47+00:00,👤 Ankara 2025-06-16
2024-09-24 15:10:39+00:00,👤 Ankara 2024-12-03
2024-09-24 15:10:30+00:00,👤 Ankara 2024-12-02
2024-09-24 15:10:22+00:00,👤 Ankara 2024-11-19
2024-09-24 15:10:22+00:00,👤 Ankara 2024-11-06
2024-09-24 15:05:29+00:00,👤 Ankara 2024-11-21
2024-09-24 15:05:24+00:00,👤 Ankara 2024-11-20
2024-09-24 15:05:22+00:00,👤 Ankara 2024-11-15
2024-09-24 15:05:21+00:00,👤 Ankara 2024-11-12
2024-09-24 15:00:51+00:00,👤 Ankara 2025-05-22
2024-09-24 15:00:30+00:00,👤 Ankara 2024-12-12
2024-09-24 15:00:23+00:00,👤 Ankara 2024-12-06
2024-09-24 15:00:23+00:00,👤 Ankara 2024-12-04
2024-09-24 14:55:35+00:00,👤 Ankara 2025-06-13
2024-09-24 14:55:18+00:00,👤 Ankara 2025-05-12
2024-09-24 14:55:17+00:00,👤 Ankara 2024-12-03
2024-09-24 14:50:40+00:00,👤 Ankara 2025-06-12
2024-09-24 14:50:20+00:00,👤 Ankara 2025-04-30
2024-09-24 14:50:20+00:00,👤 Ankara 2024-12-10
2024-09-24 14:45:26+00:00,👤 Ankara 2024-12-10
2024-09-24 14:40:38+00:00,👤 Ankara 2025-03-24
2024-09-24 14:40:21+00:00,👤 Ankara 2025-01-13
2024-09-24 14:40:21+00:00,👤 Ankara 2024-12-03
2024-09-24 14:40:20+00:00,👥 Ankara 2024-12-03
2024-09-24 14:35:44+00:00,👥 İstanbul 2024-11-01
2024-09-24 14:25:19+00:00,👥 İstanbul 2025-02-14
2024-09-24 14:25:17+00:00,👥 Ankara 2024-11-01
2024-09-24 14:20:23+00:00,👥 İstanbul 2024-11-06
2024-09-24 14:15:22+00:00,👥 İstanbul 2025-01-03
2024-09-24 14:01:00+00:00,👤 Ankara 2025-06-10
2024-09-24 14:00:56+00:00,👤 Ankara 2025-06-03
2024-09-24 14:00:39+00:00,👤 Ankara 2025-04-07
2024-09-24 14:00:36+00:00,👤 Ankara 2025-01-28
2024-09-24 14:00:35+00:00,👥 İstanbul 2024-10-21
2024-09-24 14:00:32+00:00,👥 İstanbul 2024-11-01
2024-09-24 14:00:28+00:00,👥 Ankara 2025-06-10
2024-09-24 14:00:27+00:00,👥 Ankara 2025-06-03
2024-09-24 14:00:25+00:00,👤 Ankara 2024-12-06
2024-09-24 14:00:24+00:00,👤 Ankara 2024-12-03
2024-09-24 13:55:23+00:00,👤 Ankara 2025-06-02
2024-09-24 13:55:23+00:00,👥 Ankara 2025-06-02
2024-09-24 13:50:35+00:00,👤 Ankara 2025-05-22
2024-09-24 13:50:29+00:00,👤 Ankara 2025-04-16
2024-09-24 13:50:26+00:00,👤 Ankara 2024-12-02
2024-09-24 13:50:25+00:00,👤 Ankara 2024-11-05
2024-09-24 13:45:23+00:00,👥 İstanbul 2024-11-15
2024-09-24 13:40:24+00:00,👤 Ankara 2024-12-10
2024-09-24 13:40:20+00:00,👥 Ankara 2024-11-04
2024-09-24 13:40:19+00:00,👤 Ankara 2024-12-12
2024-09-24 13:40:18+00:00,👥 İstanbul 2024-12-18
2024-09-24 13:40:18+00:00,👤 Ankara 2024-11-04
2024-09-24 13:40:16+00:00,👤 Ankara 2025-05-13
2024-09-24 13:35:40+00:00,👤 Ankara 2025-04-14
2024-09-24 13:35:19+00:00,👥 İstanbul 2025-02-04
2024-09-24 13:35:19+00:00,👤 Ankara 2024-12-10
2024-09-24 13:35:18+00:00,👤 Ankara 2024-12-04
2024-09-24 13:35:17+00:00,👥 İstanbul 2025-02-03
2024-09-24 13:30:39+00:00,👤 Ankara 2025-06-18
2024-09-24 13:30:34+00:00,👤 Ankara 2024-12-12
2024-09-24 13:30:21+00:00,👤 Ankara 2024-11-21
2024-09-24 13:30:20+00:00,👤 Ankara 2024-11-20
2024-09-24 13:30:19+00:00,👥 İstanbul 2025-01-31
2024-09-24 13:25:47+00:00,👤 Ankara 2025-06-16
2024-09-24 13:25:30+00:00,👤 Ankara 2025-04-17
2024-09-24 13:25:23+00:00,👤 Ankara 2024-12-05
2024-09-24 13:25:16+00:00,👤 Ankara 2024-11-12
2024-09-24 13:25:16+00:00,👤 Ankara 2024-10-24
2024-09-24 13:20:28+00:00,👥 İstanbul 2025-06-17
2024-09-24 13:20:21+00:00,👥 İstanbul 2025-02-10
2024-09-24 13:20:21+00:00,👥 İstanbul 2024-10-02
2024-09-24 13:20:18+00:00,👤 Ankara 2025-05-06
2024-09-24 13:15:43+00:00,👤 Ankara 2024-12-06
2024-09-24 13:15:31+00:00,👤 Ankara 2024-12-04
2024-09-24 13:15:28+00:00,👤 Ankara 2024-11-14
2024-09-24 13:15:25+00:00,👥 İstanbul 2025-01-03
2024-09-24 13:15:18+00:00,👤 Ankara 2024-10-16
2024-09-24 13:15:18+00:00,👤 Ankara 2024-10-08
2024-09-24 13:10:49+00:00,👤 Ankara 2025-06-02
2024-09-24 13:10:37+00:00,👤 Ankara 2025-05-22
2024-09-24 13:10:19+00:00,👤 Ankara 2025-04-16
2024-09-24 13:10:19+00:00,👤 Ankara 2024-12-05
2024-09-24 13:05:20+00:00,👤 Ankara 2025-03-21
2024-09-24 13:05:20+00:00,👤 Ankara 2024-10-25
2024-09-24 13:00:56+00:00,👤 Ankara 2025-05-12
2024-09-24 12:45:37+00:00,👤 Ankara 2024-10-15
2024-09-24 12:40:44+00:00,👤 Ankara 2025-04-22
2024-09-24 12:40:40+00:00,👤 Ankara 2025-03-19
2024-09-24 12:40:26+00:00,👥 Ankara 2024-12-04
2024-09-24 12:40:25+00:00,👤 Ankara 2025-02-18
2024-09-24 12:40:23+00:00,👤 Ankara 2024-12-04
2024-09-24 12:40:20+00:00,👤 Ankara 2024-11-18
2024-09-24 12:40:19+00:00,👤 Ankara 2024-10-31
2024-09-24 12:35:40+00:00,👤 Ankara 2025-04-16
2024-09-24 12:35:19+00:00,👤 Ankara 2024-12-11
2024-09-24 12:35:18+00:00,👤 Ankara 2024-12-10
2024-09-24 12:30:20+00:00,👤 Ankara 2024-12-09
2024-09-24 12:30:19+00:00,👤 Ankara 2024-12-03
2024-09-24 12:20:34+00:00,👤 Ankara 2025-05-08
2024-09-24 12:20:20+00:00,👤 Ankara 2025-03-19
2024-09-24 12:20:18+00:00,👥 Ankara 2024-12-09
2024-09-24 12:18:35+00:00,👥 İstanbul 2024-12-10
2024-09-24 12:15:38+00:00,👤 Ankara 2025-06-12
2024-09-24 12:15:28+00:00,👤 Ankara 2025-01-17
2024-09-24 12:15:20+00:00,👥 Ankara 2025-06-12
2024-09-24 12:15:20+00:00,👤 Ankara 2024-12-09
2024-09-24 12:15:19+00:00,👤 Ankara 2024-12-02
2024-09-24 12:10:29+00:00,👤 Ankara 2025-06-20
2024-09-24 12:10:27+00:00,👤 Ankara 2025-05-21
2024-09-24 12:10:21+00:00,👥 İstanbul 2025-01-03
2024-09-24 12:10:21+00:00,👤 Ankara 2024-10-25
2024-09-24 12:10:18+00:00,👤 Ankara 2024-12-05
2024-09-24 12:10:03+00:00,👥 İstanbul 2024-12-09
2024-09-24 12:05:37+00:00,👤 Ankara 2025-06-02
2024-09-24 12:05:26+00:00,👤 Ankara 2025-05-15
2024-09-24 12:05:24+00:00,👤 Ankara 2025-05-12
2024-09-24 12:05:22+00:00,👤 Ankara 2024-12-11
2024-09-24 12:05:21+00:00,👤 Ankara 2024-11-15
2024-09-24 12:00:22+00:00,👥 İstanbul 2025-01-02
2024-09-24 11:55:26+00:00,👤 Ankara 2025-06-18
2024-09-24 11:55:17+00:00,👤 Ankara 2024-11-06
2024-09-24 11:50:27+00:00,👤 Ankara 2025-06-03
2024-09-24 11:50:18+00:00,👤 Ankara 2025-05-12
2024-09-24 11:50:17+00:00,👤 Ankara 2024-11-12
2024-09-24 11:45:21+00:00,👤 Ankara 2024-12-10
2024-09-24 11:45:18+00:00,👥 İstanbul 2025-02-10
2024-09-24 11:45:16+00:00,👤 Ankara 2025-06-12
2024-09-24 11:40:24+00:00,👤 İstanbul 2024-11-01
2024-09-24 11:40:19+00:00,👥 Ankara 2025-04-16
2024-09-24 11:40:18+00:00,👤 Ankara 2024-12-03
2024-09-24 11:40:16+00:00,👥 İstanbul 2024-12-31
2024-09-24 11:40:16+00:00,👤 Ankara 2025-04-16
2024-09-24 11:37:44+00:00,👥 İstanbul 2024-12-06
2024-09-24 11:37:43+00:00,👤 İstanbul 2024-12-06
2024-09-24 11:35:43+00:00,👤 Ankara 2025-06-17
2024-09-24 11:35:38+00:00,👤 Ankara 2025-06-13
2024-09-24 11:35:20+00:00,👥 İstanbul 2024-10-10
2024-09-24 11:35:18+00:00,👤 İstanbul 2024-10-10
2024-09-24 11:35:18+00:00,👤 Ankara 2024-12-02
2024-09-24 11:35:17+00:00,👤 Ankara 2024-11-12
2024-09-24 11:35:17+00:00,👤 Ankara 2025-05-15
2024-09-24 11:30:20+00:00,👤 Ankara 2024-11-15
2024-09-24 11:30:09+00:00,👤 İstanbul 2024-12-05
2024-09-24 11:29:05+00:00,👥 İstanbul 2024-12-05
2024-09-24 11:25:45+00:00,👤 İstanbul 2025-02-10
2024-09-24 11:25:42+00:00,👤 İstanbul 2025-02-03
2024-09-24 11:25:35+00:00,👤 İstanbul 2025-01-02
2024-09-24 11:25:27+00:00,👤 İstanbul 2024-12-31
2024-09-24 11:25:18+00:00,👤 İstanbul 2024-10-21
2024-09-24 11:25:17+00:00,👤 Ankara 2024-12-02
2024-09-24 11:25:16+00:00,👥 İstanbul 2025-01-03
2024-09-24 11:25:15+00:00,👤 İstanbul 2025-01-03
2024-09-24 11:23:33+00:00,👥 İstanbul 2024-12-03
2024-09-24 11:23:19+00:00,👤 ❌ İstanbul 2024-12-03
2024-09-24 11:23:19+00:00,👤 İstanbul 2024-12-03
2024-09-24 11:20:19+00:00,👤 İstanbul 2025-01-27
2024-09-24 11:20:19+00:00,👤 İstanbul 2025-01-06
2024-09-24 11:20:17+00:00,👤 Ankara 2025-04-24
2024-09-24 11:15:52+00:00,👤 İstanbul 2025-02-10
2024-09-24 11:15:37+00:00,👤 İstanbul 2025-02-06
2024-09-24 11:15:25+00:00,👤 İstanbul 2025-01-23
2024-09-24 11:15:24+00:00,👤 İstanbul 2025-01-03
2024-09-24 11:15:18+00:00,👤 Ankara 2025-06-16
2024-09-24 11:10:29+00:00,👤 İstanbul 2024-10-02
2024-09-24 11:10:18+00:00,👤 İstanbul 2025-01-03
2024-09-24 11:00:46+00:00,👥 İstanbul 2024-12-02
2024-09-24 11:00:44+00:00,👤 İstanbul 2024-12-02
2024-09-24 11:00:23+00:00,👤 İstanbul 2025-01-02
2024-09-24 10:55:27+00:00,👤 Ankara 2025-06-18
2024-09-24 10:50:46+00:00,👤 İstanbul 2024-11-26
2024-09-24 10:50:23+00:00,👤 İstanbul 2025-02-04
2024-09-24 10:50:23+00:00,👤 İstanbul 2025-01-03
2024-09-24 10:50:18+00:00,👤 Ankara 2024-12-12
2024-09-24 10:45:36+00:00,👤 İstanbul 2025-01-03
2024-09-24 10:45:25+00:00,👤 İstanbul 2024-12-31
2024-09-24 10:45:21+00:00,👤 Ankara 2024-10-31
2024-09-24 10:45:17+00:00,👤 İstanbul 2025-01-02
2024-09-24 10:42:48+00:00,👤 İstanbul 2024-11-25
2024-09-24 10:40:36+00:00,👤 Ankara 2025-06-12
2024-09-24 10:40:31+00:00,👤 Ankara 2025-04-22
2024-09-24 10:40:23+00:00,👤 Ankara 2024-12-09
2024-09-24 10:40:23+00:00,👤 Ankara 2024-12-03
2024-09-24 10:35:27+00:00,👤 Ankara 2024-12-13
2024-09-24 10:30:39+00:00,👤 Ankara 2025-06-12
2024-09-24 10:30:35+00:00,👤 Ankara 2025-04-18
2024-09-24 10:30:22+00:00,👤 Ankara 2025-03-24
2024-09-24 10:30:22+00:00,👤 Ankara 2025-01-23
2024-09-24 10:30:22+00:00,👥 Ankara 2025-06-12
2024-09-24 10:25:20+00:00,👤 Ankara 2024-12-05
2024-09-24 10:25:18+00:00,👤 Ankara 2024-10-31
2024-09-24 10:25:17+00:00,👥 Ankara 2024-10-31
2024-09-24 10:25:16+00:00,👤 Ankara 2025-04-18
2024-09-24 10:20:26+00:00,👤 Ankara 2025-06-12
2024-09-24 10:20:18+00:00,👤 Ankara 2025-06-17
2024-09-24 10:20:17+00:00,👤 Ankara 2025-05-27
2024-09-24 10:15:18+00:00,👤 Ankara 2024-12-04
2024-09-24 10:15:17+00:00,👤 Ankara 2024-10-03
2024-09-24 10:10:17+00:00,👥 Ankara 2025-04-22
2024-09-24 10:10:17+00:00,👤 Ankara 2025-04-22
2024-09-24 10:01:00+00:00,👤 Ankara 2025-06-13
2024-09-24 09:55:24+00:00,👤 Ankara 2025-03-19
2024-09-24 09:55:18+00:00,👤 Ankara 2025-02-20
2024-09-24 09:55:18+00:00,👤 Ankara 2024-12-12
2024-09-24 09:50:24+00:00,👤 Ankara 2025-06-12
2024-09-24 09:50:23+00:00,👤 Ankara 2025-05-07
2024-09-24 09:50:19+00:00,👤 İstanbul 2024-12-30
2024-09-24 09:50:17+00:00,👤 İstanbul 2025-01-02
2024-09-24 09:45:30+00:00,👤 İstanbul 2024-10-04
2024-09-24 09:45:22+00:00,👤 Ankara 2024-12-09
2024-09-24 09:45:21+00:00,👤 Ankara 2024-12-04
2024-09-24 09:45:20+00:00,👥 Ankara 2024-12-09
2024-09-24 09:45:16+00:00,👤 Ankara 2024-12-12
2024-09-24 09:35:27+00:00,👤 İstanbul 2025-01-02
2024-09-24 09:32:49+00:00,👤 İstanbul 2024-11-19
2024-09-24 09:25:29+00:00,👤 Ankara 2024-10-16
2024-09-24 09:25:16+00:00,👤 İstanbul 2025-02-04
2024-09-24 09:22:57+00:00,👤 İstanbul 2024-11-18
2024-09-24 09:20:22+00:00,👤 İstanbul 2025-01-03
2024-09-24 09:20:19+00:00,👤 Ankara 2025-02-13
2024-09-24 09:20:19+00:00,👤 İstanbul 2025-02-07
2024-09-24 09:20:17+00:00,👤 Ankara 2025-04-24
2024-09-24 09:15:17+00:00,👤 İstanbul 2025-03-10
2024-09-24 09:10:20+00:00,👤 Ankara 2025-03-14
2024-09-24 09:10:19+00:00,👤 Ankara 2024-12-12
2024-09-24 09:05:33+00:00,👤 Ankara 2025-06-13
2024-09-24 09:05:20+00:00,👤 Ankara 2024-12-09
2024-09-24 09:05:19+00:00,👤 Ankara 2024-12-03
2024-09-24 08:58:45+00:00,👤 İstanbul 2024-10-30
2024-09-24 08:55:37+00:00,👤 İstanbul 2025-03-28
2024-09-24 08:55:18+00:00,👤 İstanbul 2025-02-10
2024-09-24 08:55:17+00:00,👤 İstanbul 2025-01-03
2024-09-24 08:50:20+00:00,👤 İstanbul 2025-02-10
2024-09-24 08:50:20+00:00,👤 İstanbul 2025-02-06
2024-09-24 08:45:51+00:00,👤 İstanbul 2024-12-18
2024-09-24 08:42:50+00:00,👤 İstanbul 2024-12-18
2024-09-24 08:40:18+00:00,👤 İstanbul 2025-02-03
2024-09-24 08:40:17+00:00,👤 İstanbul 2024-12-31
2024-09-24 08:35:25+00:00,👤 Ankara 2025-02-20
2024-09-24 08:30:21+00:00,👤 İstanbul 2025-02-25
2024-09-24 08:30:20+00:00,👤 İstanbul 2024-12-31
2024-09-24 08:20:20+00:00,👤 Ankara 2025-06-20
2024-09-24 08:20:19+00:00,👤 Ankara 2025-04-25
2024-09-24 08:20:16+00:00,👤 İstanbul 2025-02-03
2024-09-24 08:15:21+00:00,👤 İstanbul 2024-10-03
2024-09-24 08:15:21+00:00,👤 Ankara 2025-02-27
2024-09-24 08:15:19+00:00,👤 Ankara 2024-12-02
2024-09-24 08:10:22+00:00,👤 İstanbul 2025-02-04
2024-09-24 08:10:21+00:00,👤 İstanbul 2025-01-02
2024-09-24 08:10:19+00:00,👤 Ankara 2025-04-29
2024-09-24 08:05:19+00:00,👤 Ankara 2025-04-28
2024-09-24 08:03:36+00:00,👤 İstanbul 2024-11-20
2024-09-24 08:03:35+00:00,👤 İstanbul 2024-11-06
2024-09-24 08:00:30+00:00,👤 İstanbul 2024-11-06
2024-09-24 08:00:24+00:00,👤 Ankara 2024-12-04
2024-09-24 08:00:23+00:00,👤 Ankara 2024-12-02
2024-09-24 08:00:22+00:00,👤 İstanbul 2024-12-31
2024-09-24 08:00:17+00:00,👤 İstanbul 2024-11-20
2024-09-24 07:55:31+00:00,👤 Ankara 2025-06-16
2024-09-24 07:55:17+00:00,👤 Ankara 2024-12-10
2024-09-24 07:55:17+00:00,👤 Ankara 2024-12-02
2024-09-24 07:50:18+00:00,👤 İstanbul 2024-10-04
2024-09-24 07:40:23+00:00,👤 Ankara 2025-05-23
2024-09-24 07:30:27+00:00,👤 Ankara 2025-05-07
2024-09-24 07:25:20+00:00,👤 Ankara 2024-12-10
2024-09-24 07:20:21+00:00,👤 Ankara 2025-05-28
2024-09-24 07:15:17+00:00,👤 Ankara 2025-03-19
2024-09-24 07:10:20+00:00,👤 Ankara 2024-12-09
2024-09-24 07:05:22+00:00,👤 Ankara 2025-06-16
2024-09-24 07:05:21+00:00,👤 Ankara 2025-05-27
2024-09-24 07:05:19+00:00,👤 İstanbul 2025-02-10
2024-09-24 07:02:39+00:00,👤 İstanbul 2024-10-02
2024-09-24 06:56:34+00:00,👤 İstanbul 2024-10-02
2024-09-24 06:55:25+00:00,👤 İstanbul 2025-02-06
2024-09-24 06:55:23+00:00,👤 Ankara 2025-05-12
2024-09-24 06:55:22+00:00,👤 Ankara 2024-12-06
2024-09-24 06:50:17+00:00,👤 İstanbul 2025-02-10
2024-09-24 06:50:17+00:00,👤 İstanbul 2025-01-02
2024-09-24 06:45:31+00:00,👤 Ankara 2024-12-06
2024-09-24 06:45:30+00:00,👤 Ankara 2024-12-04
2024-09-24 06:40:40+00:00,👤 Ankara 2025-04-15
2024-09-24 06:40:21+00:00,👤 Ankara 2025-04-07
2024-09-24 06:40:20+00:00,👤 Ankara 2025-02-11
2024-09-24 06:35:46+00:00,👤 Ankara 2025-06-17
2024-09-24 06:35:28+00:00,👤 Ankara 2025-06-13
2024-09-24 06:35:27+00:00,👤 Ankara 2025-06-04
2024-09-24 06:35:25+00:00,👤 İstanbul 2025-06-02
2024-09-24 06:30:23+00:00,👤 Ankara 2025-03-13
2024-09-24 06:30:21+00:00,👤 İstanbul 2025-02-14
2024-09-24 06:30:20+00:00,👤 İstanbul 2025-01-27
2024-09-24 06:28:01+00:00,👤 İstanbul 2024-11-15
2024-09-24 06:25:28+00:00,👤 Ankara 2025-01-13
2024-09-24 06:25:17+00:00,👤 İstanbul 2025-06-16
2024-09-24 06:25:16+00:00,👤 İstanbul 2025-01-03
2024-09-24 06:20:27+00:00,👤 İstanbul 2025-02-03
2024-09-24 06:20:27+00:00,👤 İstanbul 2025-01-06
2024-09-24 06:20:19+00:00,👤 Ankara 2025-06-04
2024-09-24 06:20:17+00:00,👤 Ankara 2024-12-11
2024-09-24 06:20:17+00:00,👤 İstanbul 2024-11-01
2024-09-24 06:15:43+00:00,👤 Ankara 2025-06-16
2024-09-24 06:15:36+00:00,👤 Ankara 2025-04-25
2024-09-24 06:15:24+00:00,👤 Ankara 2024-12-06
2024-09-24 06:15:23+00:00,👤 Ankara 2024-12-05
2024-09-24 06:10:29+00:00,👤 İstanbul 2024-11-07
2024-09-24 06:10:17+00:00,👤 İstanbul 2024-12-31
2024-09-24 06:05:44+00:00,👤 İstanbul 2025-06-10
2024-09-24 06:05:30+00:00,👤 Ankara 2025-02-28
2024-09-24 06:05:19+00:00,👤 İstanbul 2025-02-04
2024-09-24 06:05:18+00:00,👤 Ankara 2024-12-03
2024-09-24 06:05:14+00:00,👤 İstanbul 2024-11-05
2024-09-24 06:00:24+00:00,👤 Ankara 2024-12-02
2024-09-24 06:00:23+00:00,👤 İstanbul 2025-01-06
2024-09-24 06:00:22+00:00,👤 Ankara 2025-06-13
2024-09-24 06:00:22+00:00,👤 İstanbul 2025-01-03
2024-09-24 05:55:50+00:00,👤 Ankara 2025-06-16
2024-09-24 05:55:44+00:00,👤 Ankara 2025-06-04
2024-09-24 05:55:43+00:00,👤 Ankara 2025-04-10
2024-09-24 05:55:22+00:00,👤 Ankara 2024-12-05
2024-09-24 05:55:21+00:00,👤 Ankara 2024-12-03
2024-09-24 05:55:20+00:00,👤 İstanbul 2025-01-03
2024-09-24 05:50:30+00:00,👤 Ankara 2025-05-29
2024-09-24 05:50:29+00:00,👤 Ankara 2025-03-10
2024-09-24 05:45:59+00:00,👤 Ankara 2025-06-16
2024-09-24 05:45:37+00:00,👤 Ankara 2025-03-07
2024-09-24 05:45:35+00:00,👤 Ankara 2025-02-28
2024-09-24 05:45:29+00:00,👤 Ankara 2024-12-06
2024-09-24 05:45:21+00:00,👤 Ankara 2024-12-02
2024-09-24 05:45:20+00:00,👤 Ankara 2024-11-20
2024-09-24 05:40:40+00:00,👥 İstanbul 2024-11-01
2024-09-24 05:40:30+00:00,👤 Ankara 2025-06-17
2024-09-24 05:40:19+00:00,👤 Ankara 2024-12-05
2024-09-24 05:40:19+00:00,👤 Ankara 2024-12-02
2024-09-24 05:35:37+00:00,👤 Ankara 2025-05-30
2024-09-24 05:35:19+00:00,👤 Ankara 2025-04-22
2024-09-24 05:35:18+00:00,👤 Ankara 2024-12-05
2024-09-24 05:30:21+00:00,👤 Ankara 2025-06-12
2024-09-24 05:30:21+00:00,👤 Ankara 2025-05-08
2024-09-24 05:25:32+00:00,👤 Ankara 2025-03-07
2024-09-24 05:25:22+00:00,👤 Ankara 2024-12-11
2024-09-24 05:25:21+00:00,👤 Ankara 2024-12-10
2024-09-24 05:21:21+00:00,Posta yoluyla mülakat randevusu bekleyen bizimle iletişime geçebilir. @fastvisa24 @emtr34
2024-09-24 05:20:30+00:00,👥 İstanbul 2025-01-16
2024-09-24 05:20:19+00:00,👤 Ankara 2024-12-03
2024-09-24 05:20:19+00:00,👤 Ankara 2024-12-02
2024-09-24 05:20:18+00:00,👤 İstanbul 2025-01-16
2024-09-24 05:20:18+00:00,👤 İstanbul 2024-09-30
2024-09-24 05:15:25+00:00,👤 Ankara 2025-04-14
2024-09-24 05:15:24+00:00,👤 Ankara 2024-12-05
2024-09-24 05:06:49+00:00,👤 📩 İstanbul 2024-10-24
2024-09-24 05:05:19+00:00,👥 İstanbul 2024-10-24
2024-09-24 05:05:07+00:00,👤 İstanbul 2024-10-24
2024-09-24 05:00:28+00:00,👤 İstanbul 2025-01-02
2024-09-24 05:00:23+00:00,👤 Ankara 2024-12-03
2024-09-24 04:55:42+00:00,👤 Ankara 2025-05-05
2024-09-24 04:55:18+00:00,👤 Ankara 2025-04-14
2024-09-24 04:55:16+00:00,👤 İstanbul 2024-10-10
2024-09-24 04:53:19+00:00,👤 İstanbul 2024-10-21
2024-09-24 04:53:17+00:00,👥 İstanbul 2024-10-21
2024-09-24 04:50:58+00:00,👤 Ankara 2025-06-12
2024-09-24 04:50:41+00:00,👤 Ankara 2025-05-08
2024-09-24 04:50:27+00:00,👤 Ankara 2025-02-05
2024-09-24 04:50:22+00:00,👤 Ankara 2024-12-04
2024-09-24 04:50:22+00:00,👤 Ankara 2024-11-22
2024-09-24 04:45:50+00:00,👤 İstanbul 2025-06-16
2024-09-24 04:45:26+00:00,👤 Ankara 2025-06-12
2024-09-24 04:45:25+00:00,👤 Ankara 2025-02-19
2024-09-24 04:45:18+00:00,👤 İstanbul 2025-02-06
2024-09-24 04:45:17+00:00,👤 İstanbul 2024-12-30
2024-09-24 04:40:24+00:00,👤 Ankara 2025-06-12
2024-09-24 04:40:23+00:00,👤 Ankara 2024-12-06
2024-09-24 04:40:18+00:00,👤 İstanbul 2024-09-26
2024-09-24 04:40:16+00:00,👤 İstanbul 2025-01-16
2024-09-24 04:35:22+00:00,👤 Ankara 2025-02-12
2024-09-24 04:35:17+00:00,👤 İstanbul 2024-10-08
2024-09-24 04:30:46+00:00,👤 İstanbul 2025-06-16
2024-09-24 04:30:40+00:00,👤 İstanbul 2025-06-02
2024-09-24 04:30:21+00:00,👤 İstanbul 2025-02-10
2024-09-24 04:30:20+00:00,👤 Ankara 2025-06-03
2024-09-24 04:30:20+00:00,👤 İstanbul 2025-02-03
2024-09-24 04:30:20+00:00,👤 Ankara 2024-12-02
2024-09-24 04:25:17+00:00,👥 İstanbul 2025-01-02
2024-09-24 04:25:16+00:00,👤 Ankara 2025-01-23
2024-09-24 04:25:16+00:00,👤 İstanbul 2025-02-14
2024-09-24 04:25:15+00:00,👤 İstanbul 2025-01-02
2024-09-24 04:20:51+00:00,👤 Ankara 2025-04-11
2024-09-24 04:20:40+00:00,👤 Ankara 2024-12-11
2024-09-24 04:20:27+00:00,👤 İstanbul 2025-02-06
2024-09-24 04:20:19+00:00,👤 Ankara 2024-12-03
2024-09-24 04:20:18+00:00,👤 Ankara 2024-12-02
2024-09-24 04:15:21+00:00,👤 İstanbul 2025-02-10
2024-09-24 04:15:16+00:00,👤 İstanbul 2025-01-03
2024-09-24 04:10:25+00:00,👤 Ankara 2025-03-05
2024-09-24 04:10:19+00:00,👤 İstanbul 2025-01-06
2024-09-24 04:10:18+00:00,👤 Ankara 2025-02-28
2024-09-24 04:10:18+00:00,👤 Ankara 2024-11-05
2024-09-24 04:05:38+00:00,👤 Ankara 2025-05-15
2024-09-24 04:05:25+00:00,👤 Ankara 2025-04-14
2024-09-24 04:05:18+00:00,👤 Ankara 2025-01-10
2024-09-24 04:05:17+00:00,👤 Ankara 2024-11-08
2024-09-24 04:05:16+00:00,👤 İstanbul 2025-01-31
2024-09-24 04:00:27+00:00,👤 Ankara 2024-12-05
2024-09-24 04:00:24+00:00,👤 İstanbul 2024-10-04
2024-09-24 04:00:21+00:00,👤 Ankara 2025-04-28
2024-09-24 03:55:17+00:00,👤 Ankara 2024-12-03
2024-09-24 03:55:17+00:00,👤 İstanbul 2025-02-03
2024-09-24 03:55:17+00:00,👤 İstanbul 2024-10-04
2024-09-24 03:55:15+00:00,👤 Ankara 2024-11-12
2024-09-24 03:50:57+00:00,👤 Ankara 2025-02-07
2024-09-24 03:50:33+00:00,👤 Ankara 2025-01-28
2024-09-24 03:50:18+00:00,👤 Ankara 2024-12-12
2024-09-24 03:50:18+00:00,👤 İstanbul 2025-01-23
2024-09-24 03:50:17+00:00,👤 Ankara 2024-12-05
2024-09-24 03:50:17+00:00,👤 İstanbul 2025-01-02
2024-09-24 03:45:37+00:00,👤 Ankara 2025-06-17
2024-09-24 03:45:22+00:00,👤 Ankara 2024-12-11
2024-09-24 03:45:21+00:00,👤 Ankara 2024-12-09
2024-09-24 03:45:18+00:00,👤 İstanbul 2025-02-04
2024-09-24 03:40:48+00:00,👤 İstanbul 2025-02-06
2024-09-24 03:40:43+00:00,👤 İstanbul 2025-02-03
2024-09-24 03:40:19+00:00,👤 Ankara 2024-11-22
2024-09-24 03:40:17+00:00,👤 İstanbul 2025-01-03
2024-09-24 03:40:16+00:00,👤 İstanbul 2025-01-02
2024-09-24 03:36:53+00:00,👤 Ankara 2025-05-21
2024-09-24 03:35:55+00:00,👤 Ankara 2025-02-21
2024-09-24 03:35:22+00:00,👤 Ankara 2024-12-06
2024-09-24 03:35:21+00:00,👤 Ankara 2024-12-05
2024-09-24 03:30:46+00:00,👤 Ankara 2025-05-29
2024-09-24 03:30:38+00:00,👤 İstanbul 2025-06-03
2024-09-24 03:30:21+00:00,👤 Ankara 2025-04-22
2024-09-24 03:30:20+00:00,👤 Ankara 2024-12-09
2024-09-24 03:30:19+00:00,👤 İstanbul 2025-01-03
2024-09-24 03:30:17+00:00,👤 İstanbul 2024-12-31
2024-09-24 03:25:41+00:00,👤 Ankara 2025-04-14
2024-09-24 03:25:18+00:00,👤 İstanbul 2024-10-11
2024-09-24 03:25:18+00:00,👤 Ankara 2024-12-04
2024-09-24 03:25:17+00:00,👤 Ankara 2024-12-02
2024-09-24 03:20:26+00:00,👥 Ankara 2025-06-16
2024-09-24 03:20:18+00:00,👤 Ankara 2025-06-16
2024-09-24 03:20:17+00:00,👤 İstanbul 2025-02-03
2024-09-24 03:15:21+00:00,👤 Ankara 2025-04-28
2024-09-24 03:15:21+00:00,👤 İstanbul 2025-01-03
2024-09-24 03:15:19+00:00,👤 Ankara 2025-03-19
2024-09-24 03:11:41+00:00,👤 İstanbul 2025-06-03
2024-09-24 03:10:19+00:00,👤 İstanbul 2025-02-10
2024-09-24 03:10:19+00:00,👤 İstanbul 2025-02-06
2024-09-24 03:05:32+00:00,👤 Ankara 2025-03-24
2024-09-24 03:05:21+00:00,👤 İstanbul 2025-01-03
2024-09-24 03:05:18+00:00,👤 İstanbul 2025-02-07
2024-09-24 03:05:17+00:00,👤 İstanbul 2025-02-03
2024-09-24 03:00:28+00:00,👤 İstanbul 2025-02-10
2024-09-24 03:00:22+00:00,👤 İstanbul 2025-01-30
2024-09-24 03:00:21+00:00,👤 İstanbul 2024-10-07
2024-09-24 03:00:20+00:00,👤 Ankara 2025-04-16
2024-09-24 02:55:22+00:00,👤 Ankara 2024-12-04
2024-09-24 02:55:16+00:00,👤 İstanbul 2025-02-07
2024-09-24 02:55:15+00:00,👤 Ankara 2025-01-07
2024-09-24 02:50:26+00:00,👤 Ankara 2025-05-20
2024-09-24 02:50:18+00:00,👤 İstanbul 2025-02-06
2024-09-24 02:50:17+00:00,👤 İstanbul 2024-12-31
2024-09-24 02:45:53+00:00,👤 Ankara 2025-04-24
2024-09-24 02:45:43+00:00,👤 Ankara 2025-02-20
2024-09-24 02:45:37+00:00,👤 Ankara 2024-12-13
2024-09-24 02:45:36+00:00,👤 Ankara 2024-12-04
2024-09-24 02:45:17+00:00,👤 İstanbul 2025-01-02
2024-09-24 02:40:43+00:00,👤 Ankara 2025-05-22
2024-09-24 02:40:42+00:00,👤 Ankara 2024-12-04
2024-09-24 02:40:17+00:00,👤 İstanbul 2025-02-07
2024-09-24 02:40:16+00:00,👤 İstanbul 2024-12-30
2024-09-24 02:35:53+00:00,👤 Ankara 2025-06-17
2024-09-24 02:35:33+00:00,👥 Ankara 2024-12-03
2024-09-24 02:35:24+00:00,👤 Ankara 2025-04-25
2024-09-24 02:35:20+00:00,👤 Ankara 2025-04-07
2024-09-24 02:35:19+00:00,👤 Ankara 2024-12-03
2024-09-24 02:30:21+00:00,👤 Ankara 2024-12-03
2024-09-24 02:25:19+00:00,👤 İstanbul 2025-02-04
2024-09-24 02:25:19+00:00,👤 Ankara 2025-06-16
2024-09-24 02:25:18+00:00,👤 İstanbul 2024-10-10
2024-09-24 02:25:16+00:00,👤 İstanbul 2025-02-10
2024-09-24 02:20:22+00:00,👤 Ankara 2025-06-17
2024-09-24 02:20:19+00:00,👥 Ankara 2025-06-17
2024-09-24 02:20:17+00:00,👤 Ankara 2025-06-18
2024-09-24 02:15:49+00:00,👤 Ankara 2025-06-17
2024-09-24 02:15:23+00:00,👤 Ankara 2025-06-13
2024-09-24 02:15:22+00:00,👤 Ankara 2024-12-03
2024-09-24 02:05:17+00:00,👤 İstanbul 2025-02-04
2024-09-24 02:05:17+00:00,👤 Ankara 2025-02-25
2024-09-24 02:05:17+00:00,👤 İstanbul 2025-01-03
2024-09-24 02:00:35+00:00,👤 İstanbul 2025-02-03
2024-09-24 02:00:34+00:00,👤 İstanbul 2025-01-27
2024-09-24 02:00:25+00:00,👤 Ankara 2025-04-17
2024-09-24 01:55:30+00:00,👤 İstanbul 2025-02-10
2024-09-24 01:55:22+00:00,👥 İstanbul 2025-02-06
2024-09-24 01:55:19+00:00,👤 Ankara 2025-05-07
2024-09-24 01:55:18+00:00,👤 İstanbul 2024-11-04
2024-09-24 01:55:18+00:00,👤 İstanbul 2024-10-10
2024-09-24 01:50:21+00:00,👤 İstanbul 2025-01-16
2024-09-24 01:50:18+00:00,👤 Ankara 2025-06-13
2024-09-24 01:50:18+00:00,👤 Ankara 2024-12-09
2024-09-24 01:45:30+00:00,👤 Ankara 2025-02-12
2024-09-24 01:45:22+00:00,👤 Ankara 2024-12-11
2024-09-24 01:45:21+00:00,👤 Ankara 2024-12-03
2024-09-24 01:45:20+00:00,👥 Ankara 2025-02-12
2024-09-24 01:40:51+00:00,👤 İstanbul 2025-01-27
2024-09-24 01:40:27+00:00,👤 Ankara 2025-06-10
2024-09-24 01:40:22+00:00,👤 İstanbul 2025-01-21
2024-09-24 01:40:21+00:00,👤 İstanbul 2024-12-30
2024-09-24 01:40:21+00:00,👤 Ankara 2025-04-16
2024-09-24 01:40:20+00:00,👤 Ankara 2024-12-09
2024-09-24 01:40:17+00:00,👥 Ankara 2025-06-10
2024-09-24 01:36:45+00:00,👤 Ankara 2025-06-02
2024-09-24 01:35:45+00:00,👤 Ankara 2025-05-07
2024-09-24 01:35:28+00:00,👤 Ankara 2024-12-05
2024-09-24 01:35:22+00:00,👤 Ankara 2024-12-04
2024-09-24 01:35:22+00:00,👤 Ankara 2024-12-03
2024-09-24 01:35:20+00:00,👤 İstanbul 2025-03-28
2024-09-24 01:30:20+00:00,👤 İstanbul 2025-01-02
2024-09-24 01:25:24+00:00,👤 İstanbul 2024-10-10
2024-09-24 01:25:21+00:00,👤 Ankara 2024-12-02
2024-09-24 01:15:56+00:00,👤 Ankara 2024-12-11
2024-09-24 01:15:36+00:00,👤 İstanbul 2024-10-04
2024-09-24 01:15:33+00:00,👤 İstanbul 2025-01-27
2024-09-24 01:10:20+00:00,👤 İstanbul 2025-01-02
2024-09-24 01:05:25+00:00,👤 İstanbul 2025-02-07
2024-09-24 01:05:23+00:00,👤 İstanbul 2025-02-04
2024-09-24 01:00:43+00:00,👤 İstanbul 2025-01-06
2024-09-24 01:00:26+00:00,👤 İstanbul 2025-01-02
2024-09-24 01:00:25+00:00,👤 İstanbul 2024-12-31
2024-09-24 00:50:18+00:00,👤 İstanbul 2025-02-06
2024-09-24 00:50:18+00:00,👤 İstanbul 2024-10-10
2024-09-24 00:30:24+00:00,👤 İstanbul 2024-12-31
2024-09-24 00:30:18+00:00,👤 Ankara 2025-03-24
2024-09-24 00:25:19+00:00,👤 İstanbul 2025-02-10
2024-09-24 00:25:17+00:00,👤 Ankara 2024-12-10
2024-09-24 00:20:27+00:00,👤 Ankara 2024-12-06
2024-09-24 00:20:24+00:00,👤 Ankara 2024-12-04
2024-09-24 00:20:23+00:00,👤 Ankara 2024-12-02
2024-09-24 00:20:19+00:00,👤 İstanbul 2025-01-02
2024-09-24 00:20:17+00:00,👤 İstanbul 2024-10-10
2024-09-24 00:20:16+00:00,👤 İstanbul 2025-02-07
2024-09-24 00:15:19+00:00,👤 Ankara 2025-04-22
2024-09-24 00:15:18+00:00,👤 Ankara 2024-12-05
2024-09-24 00:15:18+00:00,👤 İstanbul 2025-06-03
2024-09-24 00:10:22+00:00,👤 Ankara 2025-05-30
2024-09-24 00:10:21+00:00,👤 Ankara 2025-04-07
2024-09-24 00:05:23+00:00,👤 İstanbul 2025-02-03
2024-09-24 00:00:43+00:00,👤 Ankara 2025-06-03
2024-09-24 00:00:27+00:00,👤 Ankara 2024-12-06
2024-09-24 00:00:26+00:00,👤 İstanbul 2025-02-10
2024-09-24 00:00:24+00:00,👤 Ankara 2025-06-12
2024-09-24 00:00:23+00:00,👤 Ankara 2025-05-12
2024-09-23 23:55:25+00:00,👤 Ankara 2024-12-11
2024-09-23 23:50:31+00:00,👤 Ankara 2025-06-17
2024-09-23 23:50:22+00:00,👤 İstanbul 2025-02-18
2024-09-23 23:50:21+00:00,👤 İstanbul 2024-12-30
2024-09-23 23:50:21+00:00,👤 İstanbul 2024-10-01
2024-09-23 23:50:18+00:00,👤 Ankara 2025-02-28
2024-09-23 23:50:17+00:00,👤 Ankara 2024-12-11
2024-09-23 23:40:30+00:00,👤 İstanbul 2024-10-04
2024-09-23 23:40:19+00:00,👤 Ankara 2025-06-12
2024-09-23 23:40:19+00:00,👤 Ankara 2024-12-03
2024-09-23 23:35:46+00:00,👤 Ankara 2025-06-02
2024-09-23 23:35:19+00:00,👤 Ankara 2025-04-29
2024-09-23 23:35:18+00:00,👤 Ankara 2024-12-06
2024-09-23 23:25:32+00:00,👤 Ankara 2025-06-03
2024-09-23 23:25:21+00:00,👤 Ankara 2024-12-09
2024-09-23 23:25:20+00:00,👤 Ankara 2024-12-06
2024-09-23 23:25:19+00:00,👤 İstanbul 2024-10-07
2024-09-23 23:20:18+00:00,👤 Ankara 2025-01-28
2024-09-23 23:20:17+00:00,👤 Ankara 2024-11-06
2024-09-23 23:20:17+00:00,👤 ❌ İstanbul 2025-03-24
2024-09-23 23:15:30+00:00,👤 İstanbul 2025-06-16
2024-09-23 23:15:26+00:00,👤 İstanbul 2025-02-04
2024-09-23 23:15:26+00:00,👤 İstanbul 2025-01-02
2024-09-23 23:10:25+00:00,👤 İstanbul 2024-12-31
2024-09-23 23:10:24+00:00,👤 İstanbul 2024-10-10
2024-09-23 23:05:30+00:00,👤 İstanbul 2025-01-16
2024-09-23 23:05:22+00:00,👤 İstanbul 2025-01-03
2024-09-23 23:05:21+00:00,👤 İstanbul 2024-11-18
2024-09-23 23:05:20+00:00,👤 Ankara 2025-02-12
2024-09-23 23:00:51+00:00,👤 Ankara 2025-06-16
2024-09-23 23:00:26+00:00,👤 Ankara 2024-12-11
2024-09-23 23:00:26+00:00,👤 Ankara 2024-12-02
2024-09-23 23:00:24+00:00,👤 İstanbul 2025-02-10
2024-09-23 22:55:21+00:00,👤 İstanbul 2025-01-03
2024-09-23 22:55:20+00:00,👤 İstanbul 2024-12-30
2024-09-23 22:50:23+00:00,👤 Ankara 2024-12-10
2024-09-23 22:50:22+00:00,👤 Ankara 2024-12-09
2024-09-23 22:45:53+00:00,👤 Ankara 2025-06-16
2024-09-23 22:45:21+00:00,👤 Ankara 2025-05-20
2024-09-23 22:45:20+00:00,👤 Ankara 2025-04-24
2024-09-23 22:45:17+00:00,👤 İstanbul 2025-01-03
2024-09-23 22:45:16+00:00,👤 İstanbul 2024-10-10
2024-09-23 22:40:25+00:00,👤 Ankara 2024-12-11
2024-09-23 22:40:18+00:00,👤 İstanbul 2025-02-03
2024-09-23 22:40:16+00:00,👤 İstanbul 2025-01-03
2024-09-23 22:35:18+00:00,👤 İstanbul 2024-12-30
2024-09-23 22:35:16+00:00,👤 Ankara 2025-05-27
2024-09-23 22:30:44+00:00,👤 Ankara 2025-03-17
2024-09-23 22:30:33+00:00,👤 Ankara 2024-12-10
2024-09-23 22:30:21+00:00,👤 İstanbul 2025-02-14
2024-09-23 22:30:21+00:00,👤 Ankara 2024-12-05
2024-09-23 22:30:20+00:00,👤 Ankara 2024-12-04
2024-09-23 22:26:03+00:00,👤 Ankara 2025-06-17
2024-09-23 22:26:02+00:00,👤 Ankara 2025-06-10
2024-09-23 22:25:27+00:00,👤 Ankara 2024-12-10
2024-09-23 22:25:18+00:00,👤 Ankara 2024-12-04
2024-09-23 22:25:18+00:00,👤 İstanbul 2025-02-10
2024-09-23 22:25:16+00:00,👤 Ankara 2025-05-15
2024-09-23 22:25:16+00:00,👤 Ankara 2024-11-12
2024-09-23 22:20:17+00:00,👤 Ankara 2024-12-10
2024-09-23 22:15:31+00:00,👤 İstanbul 2025-02-14
2024-09-23 22:15:21+00:00,👤 İstanbul 2025-02-03
2024-09-23 22:15:20+00:00,👤 Ankara 2025-06-04
2024-09-23 22:15:20+00:00,👤 Ankara 2025-05-29
2024-09-23 22:15:19+00:00,👤 İstanbul 2025-01-03
2024-09-23 22:15:18+00:00,👤 İstanbul 2024-10-07
2024-09-23 22:10:39+00:00,👤 İstanbul 2025-03-03
2024-09-23 22:10:33+00:00,👤 Ankara 2025-04-17
2024-09-23 22:10:28+00:00,👤 Ankara 2025-03-07
2024-09-23 22:10:27+00:00,👤 Ankara 2024-12-02
2024-09-23 22:10:19+00:00,👤 İstanbul 2025-02-03
2024-09-23 22:10:19+00:00,👤 İstanbul 2025-01-06
2024-09-23 22:05:25+00:00,👤 İstanbul 2025-02-04
2024-09-23 22:05:20+00:00,👤 İstanbul 2025-01-16
2024-09-23 22:05:19+00:00,👤 İstanbul 2025-01-03
2024-09-23 22:00:54+00:00,👤 Ankara 2025-05-15
2024-09-23 22:00:51+00:00,👤 Ankara 2025-02-24
2024-09-23 22:00:31+00:00,👤 Ankara 2025-01-10
2024-09-23 22:00:26+00:00,👤 Ankara 2024-12-06
2024-09-23 22:00:25+00:00,👤 Ankara 2024-12-02
2024-09-23 22:00:23+00:00,👤 İstanbul 2025-01-03
2024-09-23 21:55:48+00:00,👤 Ankara 2025-06-03
2024-09-23 21:55:38+00:00,👤 Ankara 2024-10-09
2024-09-23 21:55:19+00:00,👤 İstanbul 2025-02-03
2024-09-23 21:55:18+00:00,👤 İstanbul 2025-01-02
2024-09-23 21:55:15+00:00,👤 İstanbul 2025-02-04
2024-09-23 21:50:26+00:00,👤 Ankara 2025-04-14
2024-09-23 21:50:21+00:00,👤 Ankara 2024-12-05
2024-09-23 21:50:19+00:00,👤 Ankara 2024-12-03
2024-09-23 21:50:16+00:00,👤 İstanbul 2025-02-06
2024-09-23 21:50:16+00:00,👤 İstanbul 2025-01-16
2024-09-23 21:45:35+00:00,👤 Ankara 2025-04-22
2024-09-23 21:45:32+00:00,👤 Ankara 2024-12-05
2024-09-23 21:45:30+00:00,👤 Ankara 2024-12-04
2024-09-23 21:45:29+00:00,👤 Ankara 2024-12-03
2024-09-23 21:45:20+00:00,👤 İstanbul 2025-03-10
2024-09-23 21:40:51+00:00,👤 Ankara 2025-06-03
2024-09-23 21:40:39+00:00,👤 Ankara 2025-06-02
2024-09-23 21:40:38+00:00,👤 İstanbul 2025-06-10
2024-09-23 21:40:35+00:00,👤 Ankara 2025-05-28
2024-09-23 21:40:34+00:00,👤 İstanbul 2025-02-10
2024-09-23 21:40:28+00:00,👤 İstanbul 2025-02-03
2024-09-23 21:40:21+00:00,👤 Ankara 2024-12-02
2024-09-23 21:40:18+00:00,👤 İstanbul 2025-01-02
2024-09-23 21:40:17+00:00,👤 Ankara 2025-02-24
2024-09-23 21:40:16+00:00,👤 İstanbul 2024-12-31
2024-09-23 21:40:16+00:00,👤 Ankara 2024-12-04
2024-09-23 21:35:47+00:00,👤 Ankara 2024-12-13
2024-09-23 21:35:37+00:00,👤 Ankara 2024-12-11
2024-09-23 21:35:33+00:00,👤 Ankara 2024-12-05
2024-09-23 21:35:22+00:00,👤 Ankara 2024-12-03
2024-09-23 21:35:18+00:00,👤 Ankara 2024-12-02
2024-09-23 21:35:17+00:00,👤 Ankara 2024-10-24
2024-09-23 21:35:16+00:00,👤 İstanbul 2025-02-14
2024-09-23 21:35:15+00:00,👤 İstanbul 2025-01-03
2024-09-23 21:30:31+00:00,👤 Ankara 2024-10-07
2024-09-23 21:30:17+00:00,👤 İstanbul 2025-02-10
2024-09-23 21:25:21+00:00,👤 İstanbul 2025-02-10
2024-09-23 21:25:19+00:00,👤 Ankara 2025-06-17
2024-09-23 21:25:18+00:00,👤 Ankara 2024-12-02
2024-09-23 21:20:30+00:00,👤 İstanbul 2025-01-03
2024-09-23 21:20:23+00:00,👤 İstanbul 2024-11-04
2024-09-23 21:20:23+00:00,👤 Ankara 2025-02-25
2024-09-23 21:20:22+00:00,👤 İstanbul 2024-10-08
2024-09-23 21:20:22+00:00,👤 Ankara 2024-12-02
2024-09-23 21:10:27+00:00,👤 İstanbul 2025-02-07
2024-09-23 21:10:25+00:00,👤 İstanbul 2025-02-06
2024-09-23 21:10:21+00:00,👤 İstanbul 2025-02-04
2024-09-23 21:10:21+00:00,👤 İstanbul 2024-10-03
2024-09-23 21:05:27+00:00,👤 Ankara 2025-05-15
2024-09-23 21:05:23+00:00,👤 Ankara 2024-12-03
2024-09-23 21:05:22+00:00,👤 Ankara 2024-12-02
2024-09-23 21:00:37+00:00,👤 Ankara 2025-06-17
2024-09-23 21:00:31+00:00,👤 Ankara 2025-04-18
2024-09-23 21:00:31+00:00,👤 Ankara 2025-01-16
2024-09-23 21:00:28+00:00,👤 İstanbul 2025-02-10
2024-09-23 21:00:28+00:00,👤 İstanbul 2024-12-30
2024-09-23 21:00:20+00:00,👥 İstanbul 2025-02-10
2024-09-23 20:55:55+00:00,👥 Ankara 2024-12-02
2024-09-23 20:55:33+00:00,👤 Ankara 2024-11-08
2024-09-23 20:50:38+00:00,👤 Ankara 2025-06-10
2024-09-23 20:50:38+00:00,👤 Ankara 2025-01-28
2024-09-23 20:50:21+00:00,👥 Ankara 2025-01-28
2024-09-23 20:50:20+00:00,👥 Ankara 2024-12-05
2024-09-23 20:45:36+00:00,👤 İstanbul 2025-02-10
2024-09-23 20:45:29+00:00,👤 Ankara 2024-12-06
2024-09-23 20:45:24+00:00,👤 İstanbul 2024-11-15
2024-09-23 20:45:19+00:00,👤 İstanbul 2025-01-27
2024-09-23 20:45:19+00:00,👤 İstanbul 2025-01-03
2024-09-23 20:40:23+00:00,👤 Ankara 2024-12-11
2024-09-23 20:40:22+00:00,👤 Ankara 2024-12-06
2024-09-23 20:40:18+00:00,👤 İstanbul 2025-06-02
2024-09-23 20:40:17+00:00,👤 İstanbul 2024-11-01
2024-09-23 20:35:31+00:00,👤 Ankara 2025-05-20
2024-09-23 20:35:25+00:00,👤 Ankara 2025-04-16
2024-09-23 20:35:18+00:00,👤 Ankara 2024-12-04
2024-09-23 20:35:18+00:00,👤 Ankara 2024-12-03
2024-09-23 20:35:16+00:00,👤 İstanbul 2025-01-03
2024-09-23 20:30:34+00:00,👤 Ankara 2025-06-12
2024-09-23 20:30:28+00:00,👤 Ankara 2024-12-12
2024-09-23 20:30:26+00:00,👤 Ankara 2024-12-05
2024-09-23 20:30:25+00:00,👤 Ankara 2024-12-03
2024-09-23 20:30:20+00:00,👤 İstanbul 2024-10-08
2024-09-23 20:30:18+00:00,👤 İstanbul 2024-10-01
2024-09-23 20:25:35+00:00,👤 Ankara 2025-06-16
2024-09-23 20:25:28+00:00,👤 Ankara 2025-02-12
2024-09-23 20:25:23+00:00,👤 Ankara 2024-12-13
2024-09-23 20:25:22+00:00,👤 Ankara 2024-12-09
2024-09-23 20:25:20+00:00,👤 İstanbul 2025-02-03
2024-09-23 20:20:33+00:00,👤 İstanbul 2025-06-03
2024-09-23 20:20:27+00:00,👤 Ankara 2025-03-19
2024-09-23 20:20:23+00:00,👤 İstanbul 2025-01-03
2024-09-23 20:20:22+00:00,👤 Ankara 2024-12-06
2024-09-23 20:20:22+00:00,👤 İstanbul 2025-01-02
2024-09-23 20:20:22+00:00,👤 Ankara 2024-12-04
2024-09-23 20:15:33+00:00,👤 Ankara 2024-12-05
2024-09-23 20:15:26+00:00,👤 İstanbul 2025-02-04
2024-09-23 20:15:25+00:00,👤 İstanbul 2025-01-02
2024-09-23 20:15:22+00:00,👤 Ankara 2024-12-03
2024-09-23 20:15:21+00:00,👤 Ankara 2024-12-02
2024-09-23 20:10:25+00:00,👤 Ankara 2024-12-06
2024-09-23 20:10:24+00:00,👤 Ankara 2024-12-04
2024-09-23 20:10:22+00:00,👤 İstanbul 2025-01-03
2024-09-23 20:10:21+00:00,👤 İstanbul 2025-01-02
2024-09-23 20:05:22+00:00,👤 Ankara 2025-02-05
2024-09-23 20:05:20+00:00,👤 Ankara 2024-12-02
2024-09-23 20:05:19+00:00,👤 Ankara 2024-10-22
2024-09-23 20:05:18+00:00,👤 İstanbul 2025-06-16
2024-09-23 20:05:17+00:00,👤 İstanbul 2024-12-31
2024-09-23 20:00:41+00:00,👤 Ankara 2024-12-02
2024-09-23 20:00:37+00:00,👤 İstanbul 2025-01-27
2024-09-23 20:00:36+00:00,👤 İstanbul 2025-01-03
2024-09-23 20:00:31+00:00,👤 İstanbul 2024-10-03
2024-09-23 19:55:26+00:00,👤 Ankara 2024-12-11
2024-09-23 19:55:25+00:00,👤 Ankara 2024-12-05
2024-09-23 19:55:17+00:00,👤 İstanbul 2025-02-10
2024-09-23 19:55:16+00:00,👤 İstanbul 2025-02-03
2024-09-23 19:50:37+00:00,👤 Ankara 2025-06-18
2024-09-23 19:50:21+00:00,👤 Ankara 2024-12-04
2024-09-23 19:50:20+00:00,👤 Ankara 2024-12-02
2024-09-23 19:50:18+00:00,👤 İstanbul 2024-12-30
2024-09-23 19:50:17+00:00,👤 İstanbul 2024-10-03
2024-09-23 19:50:16+00:00,👤 Ankara 2024-12-06
2024-09-23 19:45:29+00:00,👤 Ankara 2025-04-28
2024-09-23 19:45:28+00:00,👤 Ankara 2025-03-14
2024-09-23 19:45:23+00:00,👤 İstanbul 2025-02-06
2024-09-23 19:45:23+00:00,👤 İstanbul 2025-01-17
2024-09-23 19:45:23+00:00,👤 İstanbul 2025-01-17
2024-09-23 19:45:21+00:00,👥 Ankara 2025-04-28
2024-09-23 19:45:20+00:00,👤 Ankara 2025-03-05
2024-09-23 19:45:18+00:00,👤 Ankara 2024-12-10
2024-09-23 19:40:52+00:00,👤 Ankara 2025-05-22
2024-09-23 19:40:32+00:00,👤 Ankara 2024-12-11
2024-09-23 19:40:23+00:00,👥 Ankara 2025-06-12
2024-09-23 19:40:19+00:00,👥 Ankara 2025-04-21
2024-09-23 19:40:17+00:00,👤 İstanbul 2025-01-06
2024-09-23 19:40:17+00:00,👤 Ankara 2024-12-05
2024-09-23 19:40:16+00:00,👤 İstanbul 2024-12-30
2024-09-23 19:40:16+00:00,👤 Ankara 2024-12-03
2024-09-23 19:35:36+00:00,👤 Ankara 2025-05-06
2024-09-23 19:35:25+00:00,👤 İstanbul 2025-06-17
2024-09-23 19:35:24+00:00,👤 Ankara 2024-10-08
2024-09-23 19:35:22+00:00,👥 Ankara 2025-04-22
2024-09-23 19:35:18+00:00,👤 İstanbul 2025-02-03
2024-09-23 19:35:17+00:00,👤 İstanbul 2024-10-08
2024-09-23 19:30:27+00:00,👤 İstanbul 2024-11-12
2024-09-23 19:30:25+00:00,👤 Ankara 2025-06-17
2024-09-23 19:30:24+00:00,👥 İstanbul 2025-02-04
2024-09-23 19:30:24+00:00,👥 İstanbul 2025-01-16
2024-09-23 19:30:22+00:00,👤 Ankara 2025-02-18
2024-09-23 19:30:21+00:00,👤 Ankara 2024-12-03
2024-09-23 19:30:19+00:00,👤 İstanbul 2025-02-04
2024-09-23 19:30:18+00:00,👤 İstanbul 2024-11-01
2024-09-23 19:25:27+00:00,👤 İstanbul 2025-02-14
2024-09-23 19:25:22+00:00,👤 İstanbul 2025-02-04
2024-09-23 19:25:22+00:00,👥 Ankara 2025-04-14
2024-09-23 19:25:21+00:00,👤 İstanbul 2025-02-03
2024-09-23 19:25:19+00:00,👤 Ankara 2025-04-14
2024-09-23 19:25:18+00:00,👤 Ankara 2024-12-11
2024-09-23 19:25:15+00:00,👥 İstanbul 2025-02-04
2024-09-23 19:20:49+00:00,👤 Ankara 2025-06-12
2024-09-23 19:20:24+00:00,👤 İstanbul 2025-01-16
2024-09-23 19:20:21+00:00,👤 İstanbul 2024-10-10
2024-09-23 19:20:20+00:00,👤 İstanbul 2024-10-08
2024-09-23 19:20:18+00:00,👤 Ankara 2024-12-06
2024-09-23 19:20:17+00:00,👤 Ankara 2024-12-02
2024-09-23 19:15:25+00:00,👤 Ankara 2024-11-22
2024-09-23 19:15:23+00:00,👤 İstanbul 2025-01-03
2024-09-23 19:15:22+00:00,👤 İstanbul 2025-01-02
2024-09-23 19:10:36+00:00,👤 Ankara 2025-04-17
2024-09-23 19:10:36+00:00,👤 İstanbul 2025-02-14
2024-09-23 19:10:23+00:00,👥 Ankara 2025-04-17
2024-09-23 19:10:19+00:00,👤 İstanbul 2025-02-06
2024-09-23 19:10:18+00:00,👤 İstanbul 2025-01-03
2024-09-23 19:10:18+00:00,👤 İstanbul 2025-01-03
2024-09-23 19:05:40+00:00,👤 Ankara 2024-10-31
2024-09-23 19:05:28+00:00,👤 Ankara 2024-12-10
2024-09-23 19:05:26+00:00,👤 Ankara 2024-12-02
2024-09-23 19:05:24+00:00,👥 Ankara 2024-10-31
2024-09-23 19:05:23+00:00,👤 İstanbul 2025-02-07
2024-09-23 19:05:20+00:00,👤 İstanbul 2024-10-11
2024-09-23 19:05:19+00:00,👤 İstanbul 2024-09-30
2024-09-23 19:00:42+00:00,👤 Ankara 2025-06-18
2024-09-23 19:00:32+00:00,👤 İstanbul 2025-02-07
2024-09-23 19:00:30+00:00,👤 İstanbul 2025-01-16
2024-09-23 19:00:28+00:00,👤 Ankara 2025-02-13
2024-09-23 19:00:27+00:00,👤 Ankara 2025-01-31
2024-09-23 19:00:25+00:00,👥 İstanbul 2025-02-07
2024-09-23 19:00:24+00:00,👥 İstanbul 2025-01-16
2024-09-23 19:00:24+00:00,👤 İstanbul 2025-01-02
2024-09-23 19:00:23+00:00,👤 İstanbul 2024-10-07
2024-09-23 18:55:28+00:00,👤 Ankara 2025-04-21
2024-09-23 18:55:19+00:00,👤 Ankara 2025-01-24
2024-09-23 18:55:18+00:00,👤 İstanbul 2025-01-02
2024-09-23 18:55:17+00:00,👤 İstanbul 2024-10-08
2024-09-23 18:55:16+00:00,👤 Ankara 2024-12-11
2024-09-23 18:55:15+00:00,👤 Ankara 2024-12-02
2024-09-23 18:50:28+00:00,👤 Ankara 2024-12-04
2024-09-23 18:50:26+00:00,👤 Ankara 2024-12-03
2024-09-23 18:50:22+00:00,👤 Ankara 2024-10-11
2024-09-23 18:50:22+00:00,👤 Ankara 2024-12-02
2024-09-23 18:50:22+00:00,👤 İstanbul 2025-01-24
2024-09-23 18:50:18+00:00,👤 İstanbul 2024-10-03
2024-09-23 18:50:18+00:00,👤 İstanbul 2025-01-06
2024-09-23 18:50:18+00:00,👤 Ankara 2025-06-12
2024-09-23 18:50:17+00:00,👥 Ankara 2025-06-13
2024-09-23 18:50:16+00:00,👤 Ankara 2024-12-05
2024-09-23 18:49:38+00:00,"Açılan tarihlere karşın randevunuzu 2024 tarihine çekemediyseniz, randevu takip servisi için @emtr34 ile iletişime geçebilirsiniz."
2024-09-23 18:45:23+00:00,👤 Ankara 2024-12-05
2024-09-23 18:45:21+00:00,👤 Ankara 2024-12-04
2024-09-23 18:45:20+00:00,👤 Ankara 2024-12-03
2024-09-23 18:45:19+00:00,👤 Ankara 2024-12-02
2024-09-23 18:45:19+00:00,👤 İstanbul 2025-01-21
2024-09-23 18:45:16+00:00,👤 İstanbul 2024-11-01
2024-09-23 18:40:22+00:00,👤 Ankara 2024-12-04
2024-09-23 18:40:21+00:00,👤 Ankara 2024-12-03
2024-09-23 18:40:18+00:00,👥 İstanbul 2024-10-04
2024-09-23 18:40:16+00:00,👤 İstanbul 2024-12-30
2024-09-23 18:40:16+00:00,👤 İstanbul 2024-10-04
2024-09-23 18:35:44+00:00,👤 İstanbul 2025-02-04
2024-09-23 18:35:43+00:00,👤 İstanbul 2025-02-03
2024-09-23 18:35:39+00:00,👤 İstanbul 2025-01-27
2024-09-23 18:35:29+00:00,👤 İstanbul 2025-01-16
2024-09-23 18:35:29+00:00,👥 İstanbul 2025-02-10
2024-09-23 18:35:27+00:00,👤 İstanbul 2025-01-03
2024-09-23 18:35:23+00:00,👥 Ankara 2025-04-10
2024-09-23 18:35:22+00:00,👤 İstanbul 2025-01-02
2024-09-23 18:35:21+00:00,👥 İstanbul 2025-02-07
2024-09-23 18:35:20+00:00,👤 Ankara 2025-04-10
2024-09-23 18:35:20+00:00,👥 İstanbul 2025-01-03
2024-09-23 18:35:17+00:00,👤 İstanbul 2024-12-31
2024-09-23 18:35:17+00:00,👤 İstanbul 2024-10-04
2024-09-23 18:30:40+00:00,👤 İstanbul 2025-02-07
2024-09-23 18:30:29+00:00,👤 Ankara 2024-12-05
2024-09-23 18:30:27+00:00,👤 Ankara 2024-11-04
2024-09-23 18:30:25+00:00,👤 İstanbul 2025-01-23
2024-09-23 18:30:25+00:00,👤 ❌ İstanbul 2025-01-21
2024-09-23 18:30:20+00:00,👤 İstanbul 2025-01-02
2024-09-23 18:30:19+00:00,👤 İstanbul 2024-10-01
2024-09-23 18:25:28+00:00,👤 Ankara 2024-12-04
2024-09-23 18:25:27+00:00,👤 Ankara 2024-12-03
2024-09-23 18:25:27+00:00,👤 Ankara 2024-11-19
2024-09-23 18:25:19+00:00,👥 Ankara 2024-12-05
2024-09-23 18:25:17+00:00,👤 İstanbul 2024-10-10
2024-09-23 18:25:17+00:00,👤 İstanbul 2024-09-27
2024-09-23 18:25:15+00:00,👤 İstanbul 2025-02-07
2024-09-23 18:20:25+00:00,👤 İstanbul 2025-02-07
2024-09-23 18:20:23+00:00,👤 Ankara 2024-12-05
2024-09-23 18:20:21+00:00,👤 İstanbul 2025-01-03
2024-09-23 18:20:20+00:00,👤 İstanbul 2024-10-01
2024-09-23 18:20:19+00:00,👥 İstanbul 2025-02-07
2024-09-23 18:15:19+00:00,👤 İstanbul 2025-02-03
2024-09-23 18:15:18+00:00,👤 Ankara 2025-06-13
2024-09-23 18:15:18+00:00,👤 İstanbul 2025-01-03
2024-09-23 18:15:17+00:00,👤 Ankara 2024-12-05
2024-09-23 18:10:37+00:00,👤 İstanbul 2025-06-03
2024-09-23 18:10:27+00:00,👤 Ankara 2025-05-13
2024-09-23 18:10:25+00:00,👤 Ankara 2024-12-09
2024-09-23 18:10:24+00:00,👤 Ankara 2024-12-05
2024-09-23 18:10:24+00:00,👤 Ankara 2024-11-12
2024-09-23 18:10:22+00:00,👥 İstanbul 2025-06-03
2024-09-23 18:10:19+00:00,👥 Ankara 2024-12-09
2024-09-23 18:10:18+00:00,👥 Ankara 2024-12-05
2024-09-23 18:10:18+00:00,👤 İstanbul 2025-02-06
2024-09-23 18:10:17+00:00,👤 İstanbul 2025-02-04
2024-09-23 18:05:28+00:00,👤 İstanbul 2025-01-06
2024-09-23 18:05:25+00:00,👤 Ankara 2024-10-07
2024-09-23 18:05:24+00:00,👤 İstanbul 2025-01-02
2024-09-23 18:05:23+00:00,👤 Ankara 2024-12-09
2024-09-23 18:05:23+00:00,👤 İstanbul 2024-12-31
2024-09-23 18:05:22+00:00,👤 Ankara 2024-12-03
2024-09-23 18:00:28+00:00,👤 Ankara 2024-12-04
2024-09-23 18:00:24+00:00,👤 İstanbul 2025-02-04
2024-09-23 18:00:23+00:00,👤 İstanbul 2024-10-03
2024-09-23 17:55:28+00:00,👤 Ankara 2024-12-20
2024-09-23 17:55:28+00:00,👤 Ankara 2024-10-09
2024-09-23 17:55:27+00:00,👤 Ankara 2024-12-02
2024-09-23 17:55:26+00:00,👤 Ankara 2024-10-04
2024-09-23 17:55:19+00:00,👤 İstanbul 2025-01-03
2024-09-23 17:55:18+00:00,👤 İstanbul 2025-01-02
2024-09-23 17:50:36+00:00,👤 Ankara 2024-11-05
2024-09-23 17:50:27+00:00,👤 İstanbul 2025-01-02
2024-09-23 17:50:21+00:00,👤 İstanbul 2024-12-31
2024-09-23 17:50:18+00:00,👤 İstanbul 2024-10-03
2024-09-23 17:50:17+00:00,👤 İstanbul 2024-09-30
2024-09-23 17:50:17+00:00,👤 Ankara 2025-05-06
2024-09-23 17:50:16+00:00,👤 Ankara 2024-12-10
2024-09-23 17:45:41+00:00,👤 İstanbul 2025-02-14
2024-09-23 17:45:36+00:00,👤 İstanbul 2025-01-16
2024-09-23 17:45:27+00:00,👤 Ankara 2025-06-12
2024-09-23 17:45:27+00:00,👥 Ankara 2024-12-04
2024-09-23 17:45:27+00:00,👤 Ankara 2024-10-22
2024-09-23 17:45:26+00:00,👤 Ankara 2024-12-06
2024-09-23 17:45:24+00:00,👤 İstanbul 2025-01-03
2024-09-23 17:45:22+00:00,👤 İstanbul 2025-01-02
2024-09-23 17:45:19+00:00,👤 İstanbul 2024-12-30
2024-09-23 17:45:19+00:00,👤 İstanbul 2024-10-04
2024-09-23 17:40:45+00:00,👤 İstanbul 2025-06-02
2024-09-23 17:40:36+00:00,👤 Ankara 2024-12-13
2024-09-23 17:40:35+00:00,👤 İstanbul 2025-02-10
2024-09-23 17:40:31+00:00,👤 Ankara 2024-12-10
2024-09-23 17:40:27+00:00,👤 Ankara 2024-12-05
2024-09-23 17:40:25+00:00,👤 İstanbul 2025-01-03
2024-09-23 17:40:22+00:00,👤 Ankara 2024-12-04
2024-09-23 17:40:21+00:00,👤 Ankara 2024-12-03
2024-09-23 17:40:19+00:00,👤 Ankara 2024-10-08
2024-09-23 17:40:16+00:00,👤 İstanbul 2025-01-02
2024-09-23 17:40:16+00:00,👤 İstanbul 2024-10-03
2024-09-23 17:35:43+00:00,👤 Ankara 2025-05-27
2024-09-23 17:35:38+00:00,👤 Ankara 2025-04-10
2024-09-23 17:35:34+00:00,👤 Ankara 2025-04-07
2024-09-23 17:35:26+00:00,👤 Ankara 2024-12-12
2024-09-23 17:35:21+00:00,👤 Ankara 2024-12-09
2024-09-23 17:35:19+00:00,👤 Ankara 2024-12-06
2024-09-23 17:30:29+00:00,👤 Ankara 2024-11-20
2024-09-23 17:30:27+00:00,👤 Ankara 2025-05-28
2024-09-23 17:30:26+00:00,👤 Ankara 2024-12-05
2024-09-23 17:25:20+00:00,👤 İstanbul 2025-01-03
2024-09-23 17:25:18+00:00,👤 Ankara 2025-04-14
2024-09-23 17:20:25+00:00,👤 İstanbul 2025-02-10
2024-09-23 17:20:24+00:00,👤 İstanbul 2025-02-04
2024-09-23 17:20:18+00:00,👤 Ankara 2025-05-22
2024-09-23 17:15:24+00:00,👤 Ankara 2025-04-22
2024-09-23 17:15:22+00:00,👤 İstanbul 2025-02-03
2024-09-23 17:15:20+00:00,👤 Ankara 2024-12-13
2024-09-23 17:15:19+00:00,👤 Ankara 2024-12-04
2024-09-23 17:10:28+00:00,👤 İstanbul 2025-06-10
2024-09-23 17:10:27+00:00,👤 İstanbul 2025-02-03
2024-09-23 17:10:25+00:00,👤 Ankara 2024-10-16
2024-09-23 17:05:25+00:00,👤 Ankara 2025-03-11
2024-09-23 17:05:24+00:00,👤 Ankara 2025-01-16
2024-09-23 17:05:21+00:00,👤 İstanbul 2025-06-02
2024-09-23 17:05:20+00:00,👤 İstanbul 2025-01-02
2024-09-23 17:00:28+00:00,👤 Ankara 2024-12-02
2024-09-23 17:00:25+00:00,👤 İstanbul 2025-01-03
2024-09-23 17:00:24+00:00,👤 İstanbul 2024-12-31
2024-09-23 17:00:24+00:00,👤 İstanbul 2024-12-30
2024-09-23 17:00:23+00:00,👤 Ankara 2024-12-02
2024-09-23 16:55:44+00:00,👤 Ankara 2025-05-15
2024-09-23 16:55:39+00:00,👤 Ankara 2025-04-14
2024-09-23 16:55:33+00:00,👤 Ankara 2024-12-12
2024-09-23 16:55:32+00:00,👤 Ankara 2024-12-05
2024-09-23 16:50:24+00:00,👤 İstanbul 2025-01-02
2024-09-23 16:50:18+00:00,👤 Ankara 2024-12-09
2024-09-23 16:45:27+00:00,👤 İstanbul 2025-02-10
2024-09-23 16:45:24+00:00,👤 İstanbul 2025-02-03
2024-09-23 16:45:20+00:00,👤 İstanbul 2025-01-10
2024-09-23 16:45:19+00:00,👤 Ankara 2024-12-05
2024-09-23 16:45:19+00:00,👤 Ankara 2024-12-03
2024-09-23 16:45:19+00:00,👤 Ankara 2024-12-02
2024-09-23 16:45:18+00:00,👥 Ankara 2024-12-05
2024-09-23 16:40:19+00:00,👤 İstanbul 2025-01-02
2024-09-23 16:40:17+00:00,👤 İstanbul 2024-10-07
2024-09-23 16:40:16+00:00,👤 Ankara 2024-12-11
2024-09-23 16:40:16+00:00,👤 İstanbul 2024-09-30
2024-09-23 16:35:27+00:00,👤 İstanbul 2025-02-10
2024-09-23 16:35:20+00:00,👤 Ankara 2025-06-02
2024-09-23 16:35:17+00:00,👤 İstanbul 2025-01-03
2024-09-23 16:35:16+00:00,👤 İstanbul 2024-12-31
2024-09-23 16:30:29+00:00,👤 Ankara 2025-01-13
2024-09-23 16:30:23+00:00,👤 İstanbul 2025-06-16
2024-09-23 16:30:21+00:00,👤 Ankara 2024-12-04
2024-09-23 16:30:20+00:00,👤 İstanbul 2024-10-03
2024-09-23 16:30:20+00:00,👤 İstanbul 2024-09-27
2024-09-23 16:30:18+00:00,👤 Ankara 2024-12-03
2024-09-23 16:25:25+00:00,👤 Ankara 2025-04-25
2024-09-23 16:25:24+00:00,👥 Ankara 2025-03-19
2024-09-23 16:25:23+00:00,👥 Ankara 2024-12-11
2024-09-23 16:25:22+00:00,👤 Ankara 2025-03-19
2024-09-23 16:25:22+00:00,👤 Ankara 2024-12-11
2024-09-23 16:25:19+00:00,👤 Ankara 2024-12-10
2024-09-23 16:25:19+00:00,👤 Ankara 2024-12-10
2024-09-23 16:25:18+00:00,👤 Ankara 2024-12-09
2024-09-23 16:25:16+00:00,👤 İstanbul 2025-01-02
2024-09-23 16:20:26+00:00,👤 Ankara 2025-05-12
2024-09-23 16:20:25+00:00,👥 İstanbul 2025-01-03
2024-09-23 16:20:20+00:00,👤 Ankara 2024-12-03
2024-09-23 16:20:19+00:00,👤 Ankara 2024-12-02
2024-09-23 16:20:17+00:00,👤 İstanbul 2025-01-03
2024-09-23 16:20:17+00:00,👤 Ankara 2025-05-07
2024-09-23 16:20:17+00:00,👤 Ankara 2024-12-06
2024-09-23 16:15:24+00:00,👤 Ankara 2025-04-07
2024-09-23 16:15:23+00:00,👤 Ankara 2024-09-26
2024-09-23 16:15:23+00:00,👤 Ankara 2024-12-10
2024-09-23 16:15:20+00:00,👥 Ankara 2024-12-10
2024-09-23 16:15:19+00:00,👤 İstanbul 2025-02-10
2024-09-23 16:10:24+00:00,👤 İstanbul 2025-06-10
2024-09-23 16:10:24+00:00,👤 İstanbul 2025-01-03
2024-09-23 16:10:20+00:00,👤 Ankara 2025-05-15
2024-09-23 16:10:18+00:00,👤 İstanbul 2024-10-03
2024-09-23 16:10:17+00:00,👤 Ankara 2024-12-05
2024-09-23 16:10:17+00:00,👤 İstanbul 2024-10-01
2024-09-23 16:10:17+00:00,👤 Ankara 2024-12-02
2024-09-23 16:05:18+00:00,👤 İstanbul 2024-10-08
2024-09-23 16:05:18+00:00,👤 İstanbul 2024-10-01
2024-09-23 16:05:17+00:00,👤 Ankara 2024-12-04
2024-09-23 16:00:30+00:00,👤 İstanbul 2025-06-10
2024-09-23 16:00:28+00:00,👤 İstanbul 2025-02-07
2024-09-23 16:00:26+00:00,👤 İstanbul 2024-10-03
2024-09-23 16:00:22+00:00,👤 Ankara 2025-05-12
2024-09-23 16:00:21+00:00,👤 Ankara 2024-10-11
2024-09-23 15:55:27+00:00,👥 Ankara 2025-06-12
2024-09-23 15:55:25+00:00,👤 İstanbul 2025-06-10
2024-09-23 15:55:24+00:00,👥 İstanbul 2025-02-14
2024-09-23 15:55:17+00:00,👤 İstanbul 2025-02-14
2024-09-23 15:55:16+00:00,👤 Ankara 2024-12-03
2024-09-23 15:55:16+00:00,👤 İstanbul 2025-01-02
2024-09-23 15:55:15+00:00,👤 Ankara 2025-06-12
2024-09-23 15:50:31+00:00,👤 İstanbul 2025-02-04
2024-09-23 15:50:24+00:00,👥 İstanbul 2025-02-04
2024-09-23 15:50:23+00:00,👤 İstanbul 2025-01-31
2024-09-23 15:50:23+00:00,👤 Ankara 2024-12-09
2024-09-23 15:50:23+00:00,👥 İstanbul 2025-01-31
2024-09-23 15:50:23+00:00,👤 Ankara 2024-12-06
2024-09-23 15:50:16+00:00,👤 İstanbul 2024-09-27
2024-09-23 15:50:16+00:00,👤 Ankara 2024-12-03
2024-09-23 15:50:16+00:00,👤 İstanbul 2024-12-31
2024-09-23 15:50:16+00:00,👤 Ankara 2024-12-02
2024-09-23 15:50:15+00:00,👤 İstanbul 2024-12-30
2024-09-23 15:45:23+00:00,👥 Ankara 2025-06-16
2024-09-23 15:45:18+00:00,👤 Ankara 2025-06-16
2024-09-23 15:45:18+00:00,👤 Ankara 2024-12-05
2024-09-23 15:45:17+00:00,👤 İstanbul 2024-10-04
2024-09-23 15:45:15+00:00,👤 İstanbul 2025-03-04
2024-09-23 15:40:24+00:00,👤 Ankara 2025-04-17
2024-09-23 15:40:24+00:00,👤 Ankara 2025-04-17
2024-09-23 15:40:23+00:00,👤 Ankara 2025-04-17
2024-09-23 15:40:20+00:00,👤 Ankara 2025-03-17
2024-09-23 15:40:19+00:00,👤 Ankara 2025-03-14
2024-09-23 15:40:18+00:00,👤 Ankara 2024-12-06
2024-09-23 15:35:17+00:00,👤 Ankara 2024-12-12
2024-09-23 15:35:17+00:00,👤 İstanbul 2025-01-02
2024-09-23 15:35:16+00:00,👤 Ankara 2024-12-06
2024-09-23 15:30:25+00:00,👥 Ankara 2025-01-15
2024-09-23 15:30:19+00:00,👤 İstanbul 2025-02-03
2024-09-23 15:30:19+00:00,👤 Ankara 2025-01-15
2024-09-23 15:30:18+00:00,👤 İstanbul 2024-11-18
2024-09-23 15:30:18+00:00,👤 Ankara 2024-12-04
2024-09-23 15:25:19+00:00,👤 İstanbul 2025-02-10
2024-09-23 15:25:15+00:00,👥 İstanbul 2025-02-10
2024-09-23 15:20:24+00:00,👥 Ankara 2024-12-06
2024-09-23 15:20:19+00:00,👤 İstanbul 2025-02-03
2024-09-23 15:20:19+00:00,👤 İstanbul 2024-10-07
2024-09-23 15:20:16+00:00,👤 Ankara 2024-12-05
2024-09-23 15:20:15+00:00,👤 Ankara 2024-12-06
2024-09-23 15:15:20+00:00,👤 Ankara 2025-05-28
2024-09-23 15:15:19+00:00,👤 Ankara 2025-01-28
2024-09-23 15:15:18+00:00,👤 İstanbul 2024-10-07
2024-09-23 15:15:16+00:00,👤 İstanbul 2024-09-30
2024-09-23 15:10:19+00:00,👤 İstanbul 2025-02-10
2024-09-23 15:10:19+00:00,👤 Ankara 2025-04-17
2024-09-23 15:10:18+00:00,👤 İstanbul 2024-10-01
2024-09-23 15:10:18+00:00,👤 Ankara 2024-12-06
2024-09-23 15:05:23+00:00,👤 İstanbul 2025-02-14
2024-09-23 15:05:22+00:00,👤 İstanbul 2025-02-10
2024-09-23 15:05:22+00:00,👤 Ankara 2024-11-21
2024-09-23 15:00:28+00:00,👤 Ankara 2025-01-13
2024-09-23 15:00:26+00:00,👤 İstanbul 2025-02-04
2024-09-23 15:00:25+00:00,👤 Ankara 2024-12-03
2024-09-23 15:00:24+00:00,👤 Ankara 2024-12-02
2024-09-23 15:00:22+00:00,👤 İstanbul 2025-01-02
2024-09-23 15:00:22+00:00,👤 İstanbul 2024-10-01
2024-09-23 14:55:20+00:00,👤 İstanbul 2025-02-04
2024-09-23 14:55:17+00:00,👤 Ankara 2025-04-17
2024-09-23 14:55:16+00:00,👤 Ankara 2024-12-05
2024-09-23 14:50:28+00:00,👤 İstanbul 2025-02-10
2024-09-23 14:50:26+00:00,👤 İstanbul 2024-10-01
2024-09-23 14:50:18+00:00,👤 Ankara 2025-04-16
2024-09-23 14:45:25+00:00,👤 İstanbul 2025-02-06
2024-09-23 14:45:24+00:00,👤 Ankara 2025-04-16
2024-09-23 14:45:23+00:00,👤 İstanbul 2025-01-03
2024-09-23 14:45:21+00:00,👤 Ankara 2025-04-15
2024-09-23 14:45:16+00:00,👤 Ankara 2024-12-11
2024-09-23 14:45:16+00:00,👤 Ankara 2024-12-09
2024-09-23 14:40:34+00:00,👤 Ankara 2025-05-29
2024-09-23 14:40:30+00:00,👤 Ankara 2024-12-12
2024-09-23 14:40:24+00:00,👤 İstanbul 2025-06-17
2024-09-23 14:40:21+00:00,👤 Ankara 2024-12-04
2024-09-23 14:40:21+00:00,👤 Ankara 2024-12-03
2024-09-23 14:40:19+00:00,👤 Ankara 2024-12-02
2024-09-23 14:40:18+00:00,👤 Ankara 2024-10-10
2024-09-23 14:35:27+00:00,👤 İstanbul 2025-02-06
2024-09-23 14:35:19+00:00,👤 İstanbul 2025-01-30
2024-09-23 14:35:19+00:00,👤 İstanbul 2025-01-02
2024-09-23 14:35:19+00:00,👤 Ankara 2025-03-04
2024-09-23 14:35:18+00:00,👤 Ankara 2025-02-12
2024-09-23 14:30:55+00:00,👤 Ankara 2024-10-09
2024-09-23 14:25:17+00:00,👤 Ankara 2025-02-18
2024-09-23 14:20:19+00:00,👤 İstanbul 2025-06-10
2024-09-23 14:20:18+00:00,👤 İstanbul 2025-01-03
2024-09-23 14:20:17+00:00,👤 Ankara 2024-12-02
2024-09-23 14:15:22+00:00,👤 İstanbul 2025-02-03
2024-09-23 14:15:21+00:00,👤 İstanbul 2025-01-02
2024-09-23 14:15:18+00:00,👥 İstanbul 2025-02-03
2024-09-23 14:10:35+00:00,👤 İstanbul 2025-02-14
2024-09-23 14:10:25+00:00,👤 İstanbul 2025-02-03
2024-09-23 14:10:23+00:00,👥 İstanbul 2025-02-03
2024-09-23 14:10:19+00:00,👤 İstanbul 2024-12-31
2024-09-23 14:10:19+00:00,👤 İstanbul 2024-12-30
2024-09-23 14:00:23+00:00,👤 İstanbul 2025-02-06
2024-09-23 14:00:22+00:00,👤 İstanbul 2025-01-03
2024-09-23 14:00:21+00:00,👥 İstanbul 2025-01-03
2024-09-23 13:55:24+00:00,👥 İstanbul 2024-12-31
2024-09-23 13:55:23+00:00,👤 İstanbul 2025-01-03
2024-09-23 13:55:22+00:00,👤 İstanbul 2024-12-31
2024-09-23 13:55:16+00:00,👥 İstanbul 2025-01-03
2024-09-23 13:55:09+00:00,👥 İstanbul 2025-02-10
2024-09-23 13:51:02+00:00,👤 İstanbul 2024-10-18
2024-09-23 13:50:19+00:00,👤 İstanbul 2024-10-03
2024-09-23 13:45:32+00:00,👥 İstanbul 2024-10-08
2024-09-23 13:45:19+00:00,👤 İstanbul 2024-10-08
2024-09-23 13:44:04+00:00,👤 İstanbul 2024-10-10
2024-09-23 13:40:30+00:00,👤 İstanbul 2025-02-10
2024-09-23 13:40:25+00:00,👥 Ankara 2024-11-21
2024-09-23 13:40:22+00:00,👤 İstanbul 2024-10-11
2024-09-23 13:40:21+00:00,👤 İstanbul 2024-10-10
2024-09-23 13:40:19+00:00,👤 İstanbul 2025-01-02
2024-09-23 13:40:18+00:00,👤 İstanbul 2024-12-31
2024-09-23 13:40:18+00:00,👤 Ankara 2024-11-21
2024-09-23 13:35:40+00:00,👥 Ankara 2024-12-09
2024-09-23 13:35:37+00:00,👤 Ankara 2024-12-09
2024-09-23 13:35:26+00:00,👤 Ankara 2024-12-12
2024-09-23 13:35:24+00:00,👥 Ankara 2024-12-10
2024-09-23 13:35:21+00:00,👤 İstanbul 2025-06-16
2024-09-23 13:35:18+00:00,👤 Ankara 2024-12-11
2024-09-23 13:35:17+00:00,👤 Ankara 2024-12-10
2024-09-23 13:35:17+00:00,👤 İstanbul 2024-10-04
2024-09-23 13:35:16+00:00,👤 İstanbul 2024-10-01
2024-09-23 13:35:14+00:00,👥 Ankara 2024-12-06
2024-09-23 13:35:13+00:00,👥 Ankara 2024-12-05
2024-09-23 13:35:11+00:00,👤 Ankara 2024-12-06
2024-09-23 13:35:10+00:00,👤 Ankara 2024-12-05
2024-09-23 13:30:45+00:00,👥 İstanbul 2025-02-10
2024-09-23 13:30:18+00:00,👤 İstanbul 2024-12-31
2024-09-23 13:30:16+00:00,👤 Ankara 2024-12-06
2024-09-23 13:30:15+00:00,👤 Ankara 2024-12-05
2024-09-23 13:30:12+00:00,👥 Ankara 2024-12-06
2024-09-23 13:30:11+00:00,👥 Ankara 2024-12-05
2024-09-23 13:25:28+00:00,👤 İstanbul 2024-10-07
2024-09-23 13:25:24+00:00,👤 İstanbul 2024-12-30
2024-09-23 13:25:18+00:00,👥 İstanbul 2024-10-07
2024-09-23 13:20:26+00:00,👤 Ankara 2025-03-05
2024-09-23 13:20:25+00:00,👥 İstanbul 2024-12-31
2024-09-23 13:20:20+00:00,👤 İstanbul 2024-12-31
2024-09-23 13:20:18+00:00,👤 Ankara 2025-01-14
2024-09-23 13:20:18+00:00,👤 Ankara 2024-10-11
2024-09-23 13:20:17+00:00,👤 Ankara 2024-10-07
2024-09-23 13:18:19+00:00,👤 Ankara 2024-12-12
2024-09-23 13:18:18+00:00,👤 Ankara 2024-12-11
2024-09-23 13:17:30+00:00,👤 Ankara 2024-12-05
2024-09-23 13:15:14+00:00,👥 İstanbul 2024-09-30
2024-09-23 13:15:13+00:00,👤 İstanbul 2024-09-30
2024-09-23 13:05:18+00:00,👤 İstanbul 2025-01-03
2024-09-23 13:05:18+00:00,👤 İstanbul 2024-10-03
2024-09-23 13:05:18+00:00,👤 İstanbul 2024-12-31
2024-09-23 13:05:15+00:00,👥 İstanbul 2024-10-03
2024-09-23 13:00:25+00:00,👤 İstanbul 2025-02-10
2024-09-23 13:00:23+00:00,👥 İstanbul 2025-02-10
2024-09-23 13:00:23+00:00,👤 Ankara 2024-10-15
2024-09-23 12:55:23+00:00,👤 İstanbul 2024-12-30
2024-09-23 12:55:19+00:00,👤 İstanbul 2024-12-31
2024-09-23 12:50:17+00:00,👤 İstanbul 2024-10-01
2024-09-23 12:40:20+00:00,👤 İstanbul 2025-01-16
2024-09-23 12:40:20+00:00,👤 İstanbul 2024-12-31
2024-09-23 12:33:14+00:00,👤 İstanbul 2024-10-18
2024-09-23 12:20:29+00:00,👤 İstanbul 2024-10-11
2024-09-23 12:20:03+00:00,👤 İstanbul 2024-10-10
2024-09-23 12:10:22+00:00,👤 İstanbul 2025-01-03
2024-09-23 12:01:37+00:00,👥 İstanbul 2024-10-08
2024-09-23 11:56:47+00:00,👤 İstanbul 2024-10-08
2024-09-23 11:50:20+00:00,👤 İstanbul 2024-12-31
2024-09-23 10:42:28+00:00,👤 Ankara 2024-12-13
2024-09-23 10:42:03+00:00,👥 Ankara 2024-12-13
2024-09-23 10:42:02+00:00,👥 Ankara 2024-12-12
2024-09-23 10:41:48+00:00,👤 Ankara 2024-12-12
2024-09-23 10:40:16+00:00,👤 Ankara 2024-12-11
2024-09-23 10:40:06+00:00,👥 Ankara 2024-12-11
2024-09-23 10:37:15+00:00,👤 Ankara 2024-12-10
2024-09-23 10:35:47+00:00,👥 Ankara 2024-12-10
2024-09-23 10:35:44+00:00,👤 Ankara 2024-12-09
2024-09-23 10:35:44+00:00,👤 Ankara 2024-12-06
2024-09-23 10:35:43+00:00,👥 Ankara 2024-12-09
2024-09-23 10:35:11+00:00,👥 Ankara 2024-12-06
2024-09-23 10:30:34+00:00,👥 Ankara 2024-12-05
2024-09-23 10:25:23+00:00,👤 Ankara 2024-12-04
2024-09-23 10:25:07+00:00,👥 Ankara 2024-12-04
2024-09-23 10:20:32+00:00,👥 Ankara 2024-12-02
2024-09-23 10:20:27+00:00,👤 Ankara 2024-12-02
2024-09-23 09:00:23+00:00,👤 İstanbul 2024-10-07
2024-09-23 09:00:06+00:00,👥 İstanbul 2024-10-07
2024-09-23 08:30:11+00:00,👥 İstanbul 2024-10-04
2024-09-23 08:30:08+00:00,👤 İstanbul 2024-10-04
2024-09-23 08:23:43+00:00,👤 İstanbul 2024-10-03
2024-09-23 08:15:24+00:00,👥 İstanbul 2024-10-03
2024-09-23 08:15:13+00:00,👤 İstanbul 2024-10-03
2024-09-23 07:20:14+00:00,👤 İstanbul 2024-09-27
2024-09-22 10:50:16+00:00,👤 Ankara 2025-05-29
2024-09-22 06:45:14+00:00,👤 İstanbul 2025-01-02
2024-09-22 04:05:37+00:00,👤 İstanbul 2024-10-07
2024-09-22 01:15:16+00:00,👤 İstanbul 2025-01-27
2024-09-21 22:15:16+00:00,👥 Ankara 2025-04-30
2024-09-21 22:15:16+00:00,👤 Ankara 2025-04-30
2024-09-21 21:40:16+00:00,👤 İstanbul 2024-10-25
2024-09-21 21:15:16+00:00,👤 İstanbul 2025-01-06
2024-09-21 17:50:16+00:00,👤 Ankara 2024-10-31
2024-09-21 17:20:21+00:00,👤 Ankara 2024-10-03
2024-09-21 16:45:15+00:00,👤 Ankara 2024-11-05
2024-09-21 11:35:15+00:00,👤 İstanbul 2025-01-06
2024-09-21 03:05:39+00:00,👤 Ankara 2024-10-21
2024-09-21 03:05:18+00:00,👤 Ankara 2025-04-14
2024-09-20 22:50:18+00:00,👤 Ankara 2025-02-07
2024-09-20 18:40:17+00:00,👤 İstanbul 2025-02-10
2024-09-20 13:05:21+00:00,👤 Ankara 2024-11-07
2024-09-20 11:00:21+00:00,👤 İstanbul 2025-02-10
2024-09-20 05:35:17+00:00,👤 Ankara 2024-10-17
2024-09-20 05:15:16+00:00,👤 İstanbul 2024-11-21
2024-09-20 01:30:18+00:00,👤 Ankara 2024-11-04
2024-09-19 19:45:20+00:00,👤 İstanbul 2024-09-26
2024-09-19 18:15:21+00:00,👤 Ankara 2024-09-26
2024-09-19 14:10:17+00:00,👤 Ankara 2024-11-20
2024-09-19 12:00:27+00:00,👤 Ankara 2024-09-30
2024-09-19 07:00:20+00:00,👤 İstanbul 2025-01-03
2024-09-19 05:30:17+00:00,👤 Ankara 2025-05-08
2024-09-19 03:10:18+00:00,👤 İstanbul 2025-02-06
2024-09-19 01:00:20+00:00,👤 Ankara 2025-05-23
2024-09-18 23:30:17+00:00,👤 Ankara 2025-05-30
2024-09-18 22:45:16+00:00,👤 Ankara 2025-04-18
2024-09-18 21:00:28+00:00,👤 Ankara 2024-09-23
2024-09-18 19:20:15+00:00,👤 Ankara 2025-05-29
2024-09-18 18:05:16+00:00,👤 İstanbul 2025-01-03
2024-09-18 17:40:15+00:00,👤 Ankara 2025-05-20
2024-09-18 16:10:17+00:00,👤 Ankara 2024-11-07
2024-09-18 15:10:17+00:00,👤 İstanbul 2025-06-02
2024-09-18 14:45:14+00:00,👤 Ankara 2025-04-28
2024-09-18 14:40:18+00:00,👤 Ankara 2025-01-09
2024-09-18 13:30:19+00:00,👤 İstanbul 2025-01-16
2024-09-18 11:30:18+00:00,👤 İstanbul 2025-02-03
2024-09-18 11:25:20+00:00,👤 ❌ İstanbul 2025-06-30
2024-09-18 10:45:18+00:00,👤 İstanbul 2025-06-10
2024-09-18 09:00:19+00:00,👤 Ankara 2025-05-07
2024-09-18 07:55:14+00:00,👤 Ankara 2025-05-15
2024-09-18 07:50:14+00:00,👤 İstanbul 2025-06-10
2024-09-18 07:05:17+00:00,👤 İstanbul 2025-01-02
2024-09-18 07:00:22+00:00,👤 İstanbul 2025-06-12
2024-09-18 06:40:15+00:00,👤 İstanbul 2025-02-10
2024-09-18 06:05:15+00:00,👤 İstanbul 2025-01-02
2024-09-18 05:35:15+00:00,👤 İstanbul 2025-02-10
2024-09-18 05:10:16+00:00,👤 İstanbul 2025-02-07
2024-09-18 05:10:15+00:00,👤 İstanbul 2025-02-06
2024-09-18 05:10:15+00:00,👥 İstanbul 2025-02-07
2024-09-18 04:35:16+00:00,👤 İstanbul 2025-01-03
2024-09-18 04:30:20+00:00,👤 İstanbul 2025-03-25
2024-09-18 04:25:15+00:00,👤 Ankara 2025-04-16
2024-09-18 04:20:16+00:00,👤 Ankara 2025-04-14
2024-09-18 04:15:17+00:00,👤 Ankara 2025-05-29
2024-09-18 03:25:15+00:00,👤 Ankara 2025-02-06
2024-09-18 03:15:14+00:00,👤 İstanbul 2025-06-12
2024-09-18 03:05:15+00:00,👤 İstanbul 2025-02-04
2024-09-18 01:50:17+00:00,👤 İstanbul 2025-02-04
2024-09-18 01:15:16+00:00,👤 İstanbul 2025-02-10
2024-09-18 00:50:15+00:00,👤 Ankara 2025-05-28
2024-09-18 00:25:16+00:00,👤 İstanbul 2025-06-02
2024-09-18 00:25:15+00:00,👤 İstanbul 2025-02-07
2024-09-18 00:10:17+00:00,👤 İstanbul 2025-02-07
2024-09-18 00:10:17+00:00,👤 İstanbul 2025-02-06
2024-09-18 00:05:16+00:00,👤 İstanbul 2025-03-25
2024-09-18 00:00:29+00:00,👤 Ankara 2024-10-30
2024-09-17 23:55:16+00:00,👤 İstanbul 2025-06-10
2024-09-17 23:40:20+00:00,👤 Ankara 2024-10-11
2024-09-17 23:35:15+00:00,👤 İstanbul 2025-06-10
2024-09-17 23:30:19+00:00,👤 İstanbul 2025-02-06
2024-09-17 23:25:16+00:00,👤 İstanbul 2025-02-07
2024-09-17 23:25:14+00:00,👤 İstanbul 2025-01-10
2024-09-17 23:15:15+00:00,👤 İstanbul 2025-02-10
2024-09-17 22:35:20+00:00,👤 Ankara 2024-10-01
2024-09-17 22:20:24+00:00,👤 İstanbul 2024-09-26
2024-09-17 22:05:16+00:00,👤 İstanbul 2025-02-10
2024-09-17 21:55:19+00:00,👤 İstanbul 2025-03-06
2024-09-17 21:55:19+00:00,👤 İstanbul 2025-03-06
2024-09-17 21:35:16+00:00,👤 İstanbul 2025-03-03
2024-09-17 21:35:15+00:00,👤 İstanbul 2025-02-06
2024-09-17 21:30:27+00:00,👥 Ankara 2025-02-05
2024-09-17 21:30:18+00:00,👤 Ankara 2025-02-05
2024-09-17 21:10:17+00:00,👤 İstanbul 2025-03-18
2024-09-17 21:10:16+00:00,👤 İstanbul 2025-02-10
2024-09-17 21:00:21+00:00,👤 İstanbul 2025-01-16
2024-09-17 20:55:25+00:00,👥 İstanbul 2025-02-07
2024-09-17 20:55:22+00:00,👤 İstanbul 2025-02-07
2024-09-17 20:55:18+00:00,👤 İstanbul 2025-02-03
2024-09-17 20:55:18+00:00,👤 İstanbul 2025-01-27
2024-09-17 20:50:15+00:00,👤 İstanbul 2025-02-10
2024-09-17 20:50:15+00:00,👤 Ankara 2024-11-20
2024-09-17 20:45:17+00:00,👤 İstanbul 2025-01-16
2024-09-17 20:35:14+00:00,👤 Ankara 2025-05-30
2024-09-17 20:30:18+00:00,👥 İstanbul 2025-02-06
2024-09-17 20:30:17+00:00,👤 İstanbul 2025-02-06
2024-09-17 20:25:14+00:00,👤 İstanbul 2025-06-12
2024-09-17 20:20:17+00:00,👤 Ankara 2024-11-21
2024-09-17 20:05:19+00:00,👤 İstanbul 2025-01-02
2024-09-17 20:00:25+00:00,👤 İstanbul 2024-12-30
2024-09-17 19:50:15+00:00,👤 İstanbul 2025-02-06
2024-09-17 19:45:21+00:00,👤 İstanbul 2025-02-10
2024-09-17 19:45:14+00:00,👤 Ankara 2025-04-17
2024-09-17 19:35:16+00:00,👤 İstanbul 2025-02-04
2024-09-17 19:00:20+00:00,👤 İstanbul 2025-02-03
2024-09-17 18:50:16+00:00,👤 Ankara 2025-05-08
2024-09-17 18:50:15+00:00,👤 Ankara 2024-11-12
2024-09-17 18:45:36+00:00,👥 İstanbul 2025-01-03
2024-09-17 18:45:22+00:00,👤 İstanbul 2024-10-11
2024-09-17 18:45:18+00:00,👤 İstanbul 2025-01-03
2024-09-17 18:30:17+00:00,👤 İstanbul 2025-02-18
2024-09-17 18:05:18+00:00,👤 İstanbul 2025-02-06
2024-09-17 18:05:16+00:00,👤 Ankara 2025-05-28
2024-09-17 17:55:16+00:00,👤 İstanbul 2025-02-03
2024-09-17 17:55:16+00:00,👥 İstanbul 2025-02-03
2024-09-17 17:55:15+00:00,👤 İstanbul 2025-01-02
2024-09-17 17:45:17+00:00,👤 İstanbul 2025-02-10
2024-09-17 17:40:17+00:00,👤 İstanbul 2025-01-16
2024-09-17 17:40:16+00:00,👤 İstanbul 2025-01-02
2024-09-17 17:35:20+00:00,👤 İstanbul 2025-06-10
2024-09-17 17:35:17+00:00,👤 İstanbul 2025-02-10
2024-09-17 17:35:17+00:00,👥 İstanbul 2025-02-10
2024-09-17 17:35:16+00:00,👤 İstanbul 2025-02-06
2024-09-17 17:20:16+00:00,👤 İstanbul 2025-02-06
2024-09-17 17:15:16+00:00,👤 İstanbul 2025-01-03
2024-09-17 17:10:21+00:00,👥 İstanbul 2025-02-10
2024-09-17 17:10:19+00:00,👤 İstanbul 2025-02-10
2024-09-17 17:05:15+00:00,👤 Ankara 2025-02-27
2024-09-17 16:55:17+00:00,👤 İstanbul 2025-02-06
2024-09-17 16:55:17+00:00,👤 İstanbul 2025-02-06
2024-09-17 16:50:19+00:00,👤 İstanbul 2025-02-07
2024-09-17 16:50:15+00:00,👥 İstanbul 2025-02-07
2024-09-17 16:45:16+00:00,👤 İstanbul 2025-02-10
2024-09-17 16:00:32+00:00,👤 İstanbul 2025-02-10
2024-09-17 14:30:20+00:00,👤 İstanbul 2025-02-18
2024-09-17 14:05:20+00:00,👤 Ankara 2025-04-16
2024-09-17 13:40:17+00:00,👤 İstanbul 2025-01-07
2024-09-17 13:35:16+00:00,👤 İstanbul 2025-01-03
2024-09-17 12:27:07+00:00,👤 İstanbul 2025-02-14
2024-09-17 12:25:19+00:00,👥 İstanbul 2025-02-07
2024-09-17 12:25:05+00:00,👤 İstanbul 2025-02-07
2024-09-17 12:20:15+00:00,👤 Ankara 2025-04-28
2024-09-17 12:20:10+00:00,👥 İstanbul 2025-02-06
2024-09-17 12:20:02+00:00,👤 İstanbul 2025-02-06
2024-09-17 11:20:17+00:00,👤 Ankara 2025-04-21
2024-09-17 11:20:17+00:00,👤 Ankara 2024-11-20
2024-09-17 11:10:15+00:00,👤 İstanbul 2024-12-31
2024-09-17 10:45:16+00:00,👤 İstanbul 2025-01-10
2024-09-17 10:40:14+00:00,👤 Ankara 2025-04-14
2024-09-17 10:10:19+00:00,👤 İstanbul 2025-01-03
2024-09-17 10:00:13+00:00,👥 İstanbul 2025-02-10
2024-09-17 10:00:12+00:00,👤 İstanbul 2025-02-10
2024-09-17 09:57:51+00:00,👤 İstanbul 2025-02-03
2024-09-17 09:54:09+00:00,👤 İstanbul 2025-01-16
2024-09-17 09:50:15+00:00,👤 Ankara 2025-05-07
2024-09-17 09:35:14+00:00,👤 Ankara 2025-05-22
2024-09-17 09:15:16+00:00,👤 Ankara 2025-05-28
2024-09-17 08:50:15+00:00,👤 İstanbul 2025-01-28
2024-09-17 08:25:17+00:00,👤 İstanbul 2025-06-02
2024-09-17 08:25:16+00:00,👤 İstanbul 2025-01-02
2024-09-17 08:20:16+00:00,👤 Ankara 2025-02-12
2024-09-17 08:15:16+00:00,👤 Ankara 2025-05-08
2024-09-17 07:30:19+00:00,👤 Ankara 2025-06-13
2024-09-17 07:30:17+00:00,👤 İstanbul 2025-01-03
2024-09-17 07:10:17+00:00,👤 Ankara 2025-06-12
2024-09-17 07:05:22+00:00,👤 İstanbul 2025-01-03
2024-09-17 07:05:18+00:00,👤 Ankara 2025-04-17
2024-09-17 06:35:16+00:00,👤 İstanbul 2025-01-10
2024-09-17 05:35:16+00:00,👤 Ankara 2025-04-28
2024-09-17 05:30:21+00:00,👤 İstanbul 2025-01-03
2024-09-17 05:30:20+00:00,👤 İstanbul 2025-01-02
2024-09-17 05:25:18+00:00,👤 İstanbul 2025-01-14
2024-09-17 05:15:16+00:00,👤 İstanbul 2025-01-02
2024-09-17 05:10:16+00:00,👤 İstanbul 2025-01-03
2024-09-17 05:05:21+00:00,👤 İstanbul 2025-01-02
2024-09-17 04:55:17+00:00,👤 İstanbul 2025-01-27
2024-09-17 04:50:39+00:00,👤 İstanbul 2024-12-30
2024-09-17 04:45:16+00:00,👤 Ankara 2025-03-11
2024-09-17 04:20:22+00:00,👤 İstanbul 2025-01-02
2024-09-17 04:15:25+00:00,👤 İstanbul 2025-01-03
2024-09-17 04:15:16+00:00,👤 Ankara 2025-04-22
2024-09-17 04:15:15+00:00,👤 Ankara 2025-05-08
2024-09-17 04:00:28+00:00,👤 Ankara 2024-11-05
2024-09-17 04:00:22+00:00,👤 İstanbul 2025-06-02
2024-09-17 04:00:21+00:00,👤 İstanbul 2025-03-03
2024-09-17 03:50:20+00:00,👤 İstanbul 2025-01-02
2024-09-17 03:45:16+00:00,👤 Ankara 2025-05-07
2024-09-17 03:40:16+00:00,👤 Ankara 2025-04-14
2024-09-17 03:35:20+00:00,👤 İstanbul 2025-01-02
2024-09-17 03:30:18+00:00,👤 Ankara 2025-04-15
2024-09-17 03:20:16+00:00,👤 İstanbul 2025-01-03
2024-09-17 03:15:19+00:00,👤 İstanbul 2025-01-02
2024-09-17 03:10:18+00:00,👤 Ankara 2025-02-27
2024-09-17 03:00:22+00:00,👤 İstanbul 2025-01-02
2024-09-17 02:45:20+00:00,👤 İstanbul 2025-02-18
2024-09-17 02:45:19+00:00,👤 İstanbul 2025-01-03
2024-09-17 02:25:24+00:00,👤 İstanbul 2025-01-28
2024-09-17 02:25:24+00:00,👤 İstanbul 2025-01-13
2024-09-17 02:10:26+00:00,👤 İstanbul 2024-10-03
2024-09-17 01:50:15+00:00,👤 Ankara 2025-01-23
2024-09-17 00:35:17+00:00,👤 İstanbul 2025-03-06
2024-09-17 00:10:18+00:00,👤 İstanbul 2025-01-03
2024-09-16 23:50:16+00:00,👤 Ankara 2025-05-30
2024-09-16 23:30:19+00:00,👤 Ankara 2025-03-24
2024-09-16 23:15:22+00:00,👤 İstanbul 2025-06-02
2024-09-16 23:10:20+00:00,👤 İstanbul 2025-01-03
2024-09-16 23:10:19+00:00,👤 İstanbul 2025-01-02
2024-09-16 23:05:16+00:00,👤 İstanbul 2025-01-03
2024-09-16 22:55:15+00:00,👤 İstanbul 2025-03-06
2024-09-16 22:40:25+00:00,"Randevusunu çekemeyen, zaman ayıramayan varsa randevu takip hizmeti için @emtr34 iletişime geçebilirsiniz. Mülakata gireceklere başarılar, randevu kovalayanlara kolaylıklar."
2024-09-16 22:35:17+00:00,👤 İstanbul 2025-01-03
2024-09-16 22:35:16+00:00,👤 İstanbul 2025-01-02
2024-09-16 22:35:15+00:00,👤 Ankara 2025-02-12
2024-09-16 22:20:17+00:00,👤 İstanbul 2025-06-02
2024-09-16 22:20:16+00:00,👤 İstanbul 2025-01-02
2024-09-16 22:15:15+00:00,👤 İstanbul 2025-01-02
2024-09-16 22:15:15+00:00,👤 Ankara 2024-10-30
2024-09-16 22:10:20+00:00,👥 Ankara 2025-02-25
2024-09-16 22:10:16+00:00,👤 İstanbul 2025-01-02
2024-09-16 22:10:16+00:00,👤 Ankara 2025-02-25
2024-09-16 22:05:17+00:00,👤 İstanbul 2025-01-02
2024-09-16 21:55:14+00:00,👤 Ankara 2025-05-23
2024-09-16 21:45:15+00:00,👤 Ankara 2025-05-22
2024-09-16 21:40:16+00:00,👤 İstanbul 2025-01-02
2024-09-16 21:25:18+00:00,👤 İstanbul 2024-12-30
2024-09-16 21:20:18+00:00,👤 İstanbul 2025-01-21
2024-09-16 21:20:17+00:00,👤 İstanbul 2025-01-02
2024-09-16 21:10:16+00:00,👤 Ankara 2025-04-15
2024-09-16 20:55:16+00:00,👤 Ankara 2025-04-28
2024-09-16 20:25:17+00:00,👤 İstanbul 2025-01-21
2024-09-16 20:20:16+00:00,👤 İstanbul 2025-01-02
2024-09-16 20:15:20+00:00,👤 İstanbul 2025-01-02
2024-09-16 20:00:20+00:00,👤 İstanbul 2025-01-02
2024-09-16 19:40:18+00:00,👤 İstanbul 2025-01-03
2024-09-16 18:15:18+00:00,👤 İstanbul 2024-12-30
2024-09-16 18:10:18+00:00,👤 İstanbul 2025-01-02
2024-09-16 18:00:20+00:00,👤 İstanbul 2025-01-28
2024-09-16 18:00:19+00:00,👤 İstanbul 2025-01-10
2024-09-16 17:45:21+00:00,👤 Ankara 2025-05-15
2024-09-16 17:30:21+00:00,👤 İstanbul 2025-01-03
2024-09-16 17:30:18+00:00,👤 İstanbul 2025-06-02
2024-09-16 17:20:19+00:00,👤 İstanbul 2025-06-12
2024-09-16 17:20:17+00:00,👤 İstanbul 2025-01-02
2024-09-16 17:20:16+00:00,👤 İstanbul 2024-12-31
2024-09-16 17:05:17+00:00,👥 İstanbul 2025-01-03
2024-09-16 17:05:17+00:00,👤 İstanbul 2025-02-18
2024-09-16 17:05:16+00:00,👤 İstanbul 2025-01-03
2024-09-16 17:00:20+00:00,👤 İstanbul 2024-12-30
2024-09-16 17:00:20+00:00,👤 İstanbul 2025-06-12
2024-09-16 12:40:18+00:00,👤 İstanbul 2024-09-24
2024-09-16 12:28:09+00:00,👤 İstanbul 2024-12-31
2024-09-16 11:58:50+00:00,👤 İstanbul 2025-01-03
2024-09-16 11:52:13+00:00,👤 İstanbul 2025-01-02
2024-09-16 10:30:19+00:00,👤 İstanbul 2024-09-24
2024-09-16 04:25:27+00:00,👤 İstanbul 2025-02-24
2024-09-16 00:00:23+00:00,👤 Ankara 2024-10-10
2024-09-15 15:10:15+00:00,👤 Ankara 2024-10-24
2024-09-15 14:05:16+00:00,👤 ❌ İstanbul 2025-01-28
2024-09-15 04:00:21+00:00,👤 Ankara 2025-05-07
2024-09-13 22:20:16+00:00,👤 Ankara 2025-01-09
2024-09-13 05:50:18+00:00,👤 Ankara 2025-05-06
2024-09-12 17:55:14+00:00,👤 Ankara 2025-04-21
2024-09-12 05:20:16+00:00,👤 Ankara 2025-05-22
2024-09-12 04:20:33+00:00,👤 Ankara 2025-05-06
2024-09-11 14:55:16+00:00,👤 Ankara 2025-05-28
2024-09-11 13:55:15+00:00,👤 İstanbul 2024-09-17
2024-09-11 11:10:17+00:00,👤 İstanbul 2024-09-24
2024-09-11 07:45:18+00:00,👤 Ankara 2024-11-04
2024-09-11 02:25:15+00:00,👤 Ankara 2025-04-18
2024-09-11 02:05:17+00:00,👤 İstanbul 2024-09-13
2024-09-11 01:25:16+00:00,👤 Ankara 2024-09-13
2024-09-10 23:00:20+00:00,👤 Ankara 2025-02-12
2024-09-10 17:30:17+00:00,👤 Ankara 2025-02-21
2024-09-10 14:20:18+00:00,👤 Ankara 2025-05-30
2024-09-10 11:05:17+00:00,👤 Ankara 2024-10-01
2024-09-09 22:30:21+00:00,👤 Ankara 2024-10-04
2024-09-09 21:35:16+00:00,👤 Ankara 2025-04-18
2024-09-09 19:00:24+00:00,👤 Ankara 2025-07-08
2024-09-09 16:15:19+00:00,👥 Ankara 2025-04-22
2024-09-09 16:15:17+00:00,👤 Ankara 2025-04-22
2024-09-09 13:30:16+00:00,👤 Ankara 2024-09-18
2024-09-09 13:25:18+00:00,👤 Ankara 2025-09-25
2024-09-08 03:55:24+00:00,👤 Ankara 2025-04-28
2024-09-07 16:40:16+00:00,👤 Ankara 2025-04-15
2024-09-07 16:17:57+00:00,👤 Ankara 2025-04-14
2024-09-07 11:15:26+00:00,👤 Ankara 2025-07-17
2024-09-07 09:40:18+00:00,👤 Ankara 2025-04-14
2024-09-07 07:26:14+00:00,👤 Ankara 2025-04-07
2024-09-07 07:20:23+00:00,👤 Ankara 2025-04-07
2024-09-07 06:10:26+00:00,👤 Ankara 2025-05-15
2024-09-07 04:45:41+00:00,👤 Ankara 2025-02-27
2024-09-07 01:45:20+00:00,👤 Ankara 2025-05-13
2024-09-07 00:40:17+00:00,👤 Ankara 2025-05-15
2024-09-06 23:20:19+00:00,👤 Ankara 2025-04-15
2024-09-06 22:30:19+00:00,👥 Ankara 2024-09-12
2024-09-06 22:30:19+00:00,👤 Ankara 2024-09-12
2024-09-06 22:30:19+00:00,👤 Ankara 2024-09-12
2024-09-06 22:30:18+00:00,👤 Ankara 2024-09-12
2024-09-06 16:25:27+00:00,👤 Ankara 2025-04-17
2024-09-06 12:35:15+00:00,👤 Ankara 2025-04-07
2024-09-06 10:15:16+00:00,👤 Ankara 2024-09-17
2024-09-06 07:55:13+00:00,👤 Ankara 2024-09-12
2024-09-06 07:40:15+00:00,👤 Ankara 2024-10-18
2024-09-06 06:50:18+00:00,👤 Ankara 2024-11-20
2024-09-06 05:15:17+00:00,👤 Ankara 2024-11-19
2024-09-06 03:45:17+00:00,👤 Ankara 2024-10-10
2024-09-05 22:10:16+00:00,👤 Ankara 2025-04-28
2024-09-05 17:45:15+00:00,👤 Ankara 2024-11-13
2024-09-05 15:20:15+00:00,👤 Ankara 2025-05-28
2024-09-05 07:50:29+00:00,👤 Ankara 2024-11-19
2024-09-05 04:16:03+00:00,👤 Ankara 2025-04-17
2024-09-05 04:00:23+00:00,👤 Ankara 2025-04-17
2024-09-05 04:00:20+00:00,👥 Ankara 2025-04-17
2024-09-04 23:40:20+00:00,👤 Ankara 2024-10-07
2024-09-04 15:30:18+00:00,👤 Ankara 2024-10-07
2024-09-04 14:05:18+00:00,👤 Ankara 2024-11-19
2024-09-04 14:00:20+00:00,👤 Ankara 2024-11-21
2024-09-04 11:25:18+00:00,👤 Ankara 2024-11-20
2024-09-04 09:20:18+00:00,👤 İstanbul 2024-09-13
2024-09-04 08:30:23+00:00,👥 Ankara 2025-04-14
2024-09-04 08:30:19+00:00,👤 Ankara 2025-04-14
2024-09-04 07:50:17+00:00,👤 Ankara 2025-04-28
2024-09-04 05:10:17+00:00,👤 Ankara 2025-05-28
2024-09-04 05:10:16+00:00,👤 Ankara 2024-10-11
2024-09-04 04:15:48+00:00,👤 ❌ İstanbul 2024-09-10
2024-09-04 00:25:37+00:00,👤 Ankara 2025-04-14
2024-09-03 23:10:35+00:00,👤 Toronto 2025-02-10
2024-09-03 21:45:15+00:00,👤 Ankara 2024-10-11
2024-09-03 18:30:21+00:00,👤 İstanbul 2024-09-10
2024-09-03 16:40:19+00:00,👤 Ankara 2024-10-22
2024-09-03 12:20:16+00:00,👤 Ankara 2025-04-22
2024-09-03 11:25:15+00:00,👤 Ankara 2025-04-17
2024-09-03 02:55:17+00:00,👤 Ankara 2025-04-28
2024-09-03 01:20:16+00:00,👤 Ankara 2025-05-08
2024-09-03 00:40:46+00:00,👤 Ankara 2025-04-07
2024-09-03 00:40:21+00:00,👥 Ankara 2025-04-07
2024-09-02 22:30:19+00:00,👤 İstanbul 2024-11-01
2024-09-02 19:00:22+00:00,👤 Ankara 2025-04-15
2024-09-02 18:35:17+00:00,👤 Ankara 2025-04-17
2024-09-02 18:35:15+00:00,👥 Ankara 2025-04-17
2024-09-02 17:30:20+00:00,👤 Ankara 2025-05-08
2024-09-02 17:30:18+00:00,👤 Ankara 2024-10-18
2024-09-02 07:40:21+00:00,👤 İstanbul 2025-06-12
2024-09-02 04:00:18+00:00,👤 Ankara 2025-05-29
2024-09-01 22:05:16+00:00,👤 Ankara 2025-04-28
2024-09-01 20:35:17+00:00,👤 Ankara 2025-02-28
2024-08-31 21:30:19+00:00,👤 Ankara 2024-09-17
2024-08-30 20:15:29+00:00,👤 Ankara 2025-04-07
2024-08-30 10:11:02+00:00,👤 Ankara 2025-05-29
2024-08-30 09:38:03+00:00,❤️
2024-08-30 05:30:28+00:00,👤 İstanbul 2025-01-17
2024-08-30 04:35:39+00:00,👤 İstanbul 2025-06-03
2024-08-30 01:50:39+00:00,👥 Ankara 2025-04-21
2024-08-30 01:50:21+00:00,👤 Ankara 2025-04-21
2024-08-30 01:10:41+00:00,👤 Ankara 2024-10-11
2024-08-29 23:35:19+00:00,👤 Ankara 2024-09-06
2024-08-29 22:20:18+00:00,👤 Ankara 2024-11-04
2024-08-29 20:10:16+00:00,👤 Ankara 2024-11-20
2024-08-29 19:55:20+00:00,👤 Ankara 2025-06-12
2024-08-29 18:00:21+00:00,👤 İstanbul 2024-09-06
2024-08-29 16:30:30+00:00,👤 İstanbul 2025-06-23
2024-08-29 14:20:23+00:00,👤 Ankara 2025-05-06
2024-08-29 13:45:22+00:00,👤 Ankara 2025-04-17
2024-08-29 10:40:21+00:00,👤 Ankara 2025-04-14
2024-08-29 04:35:19+00:00,👤 Ankara 2025-04-14
2024-08-29 03:20:30+00:00,👤 İstanbul 2025-03-03
2024-08-29 02:01:01+00:00,👤 Toronto 2025-07-01
2024-08-29 01:15:21+00:00,👤 Ankara 2025-02-27
2024-08-29 00:50:19+00:00,👤 İstanbul 2024-09-20
2024-08-29 00:30:27+00:00,👤 Toronto 2025-07-07
2024-08-29 00:10:27+00:00,👤 Ankara 2025-05-05
2024-08-28 23:00:39+00:00,👤 Toronto 2025-08-01
2024-08-28 23:00:31+00:00,👤 Toronto 2025-07-09
2024-08-28 22:50:24+00:00,👤 İstanbul 2024-11-14
2024-08-28 22:45:19+00:00,👤 Ankara 2025-01-16
2024-08-28 19:20:19+00:00,👤 Ankara 2025-01-03
2024-08-28 19:15:18+00:00,👤 Ankara 2025-04-28
2024-08-28 18:15:18+00:00,👤 Ankara 2025-04-28
2024-08-28 18:15:17+00:00,👤 Ankara 2024-11-05
2024-08-28 16:35:17+00:00,👤 İstanbul 2024-09-09
2024-08-28 16:30:18+00:00,👤 Ankara 2025-02-20
2024-08-28 15:30:21+00:00,👤 Ankara 2025-04-14
2024-08-28 15:10:17+00:00,👤 Ankara 2024-10-15
2024-08-28 13:50:16+00:00,👤 Ankara 2025-05-20
2024-08-28 13:25:32+00:00,👤 Ankara 2025-04-18
2024-08-28 11:35:21+00:00,👤 Ankara 2025-04-28
2024-08-28 11:25:17+00:00,👤 İstanbul 2025-03-06
2024-08-28 10:35:28+00:00,👤 Ankara 2025-02-14
2024-08-28 10:35:18+00:00,👤 İstanbul 2024-11-19
2024-08-28 08:30:18+00:00,👤 Ankara 2024-11-21
2024-08-28 08:20:21+00:00,👤 Ankara 2024-10-18
2024-08-28 07:15:20+00:00,👤 Ankara 2025-04-16
2024-08-28 06:55:18+00:00,👤 Ankara 2025-02-27
2024-08-28 06:35:19+00:00,👤 Ankara 2025-02-27
2024-08-28 06:30:27+00:00,👤 Toronto 2025-08-05
2024-08-28 06:15:21+00:00,👥 Ankara 2025-03-17
2024-08-28 05:55:22+00:00,👤 İstanbul 2024-09-24
2024-08-28 05:35:44+00:00,👤 Ankara 2025-04-10
2024-08-28 05:35:36+00:00,👤 İstanbul 2025-01-13
2024-08-28 05:25:54+00:00,👤 Ankara 2025-01-16
2024-08-28 04:55:34+00:00,👤 Ankara 2025-01-16
2024-08-28 04:50:40+00:00,👤 Ankara 2025-04-14
2024-08-28 04:50:39+00:00,👤 Ankara 2024-10-04
2024-08-28 04:35:18+00:00,👤 İstanbul 2024-09-23
2024-08-28 04:05:19+00:00,👤 Ankara 2024-12-10
2024-08-28 04:00:50+00:00,👤 İstanbul 2024-09-17
2024-08-28 03:40:18+00:00,👤 İstanbul 2024-09-17
2024-08-28 01:50:26+00:00,👤 Ankara 2025-02-14
2024-08-28 00:50:21+00:00,👤 Ankara 2024-10-15
2024-08-28 00:35:23+00:00,👤 Ankara 2024-12-20
2024-08-28 00:15:28+00:00,👤 Ankara 2025-02-18
2024-08-28 00:10:27+00:00,👤 Ankara 2024-11-21
2024-08-28 00:00:27+00:00,👤 Ankara 2024-12-18
2024-08-27 23:45:21+00:00,👤 İstanbul 2024-09-17
2024-08-27 23:20:24+00:00,👤 Toronto 2025-08-07
2024-08-27 23:15:18+00:00,👤 Ankara 2025-04-18
2024-08-27 22:45:19+00:00,👤 İstanbul 2025-01-27
2024-08-27 21:50:21+00:00,👥 Ankara 2025-04-25
2024-08-27 21:25:21+00:00,👤 İstanbul 2024-09-20
2024-08-27 21:20:21+00:00,👤 İstanbul 2024-09-20
2024-08-27 21:20:20+00:00,👤 İstanbul 2024-09-13
2024-08-27 21:00:21+00:00,👤 Ankara 2025-02-06
2024-08-27 21:00:20+00:00,👤 Ankara 2024-10-15
2024-08-27 20:45:22+00:00,👤 Ankara 2024-10-16
2024-08-27 20:25:29+00:00,👤 İstanbul 2024-09-20
2024-08-27 20:25:25+00:00,👥 Ankara 2024-11-20
2024-08-27 20:20:28+00:00,👤 İstanbul 2024-09-10
2024-08-27 20:00:27+00:00,👤 İstanbul 2025-06-02
2024-08-27 19:55:22+00:00,👤 İstanbul 2024-09-20
2024-08-27 19:05:22+00:00,👤 Ankara 2024-10-21
2024-08-27 18:55:20+00:00,👤 İstanbul 2024-09-24
2024-08-27 18:35:20+00:00,👤 İstanbul 2024-09-16
2024-08-27 18:25:21+00:00,👤 İstanbul 2024-09-17
2024-08-27 17:45:26+00:00,👥 İstanbul 2025-01-31
2024-08-27 17:45:22+00:00,👤 İstanbul 2025-01-31
2024-08-27 17:45:21+00:00,👤 İstanbul 2025-01-10
2024-08-27 17:35:32+00:00,👥 İstanbul 2024-09-24
2024-08-27 17:30:25+00:00,👤 İstanbul 2024-09-20
2024-08-27 17:25:16+00:00,👤 İstanbul 2024-09-13
2024-08-27 17:20:24+00:00,👤 İstanbul 2024-09-17
2024-08-27 17:00:21+00:00,👤 İstanbul 2024-09-16
2024-08-27 16:55:21+00:00,👤 İstanbul 2024-09-16
2024-08-27 16:50:26+00:00,👤 İstanbul 2024-09-17
2024-08-27 16:50:23+00:00,👤 İstanbul 2024-09-20
2024-08-27 16:35:19+00:00,👤 İstanbul 2024-09-20
2024-08-27 16:05:25+00:00,👤 İstanbul 2025-01-27
2024-08-27 15:45:19+00:00,👤 Ankara 2025-02-27
2024-08-27 15:40:18+00:00,👤 İstanbul 2024-09-20
2024-08-27 15:35:22+00:00,👤 İstanbul 2024-09-13
2024-08-27 15:30:20+00:00,👤 İstanbul 2024-09-13
2024-08-27 15:05:19+00:00,👤 İstanbul 2024-09-16
2024-08-27 14:55:20+00:00,👤 İstanbul 2024-09-17
2024-08-27 14:55:19+00:00,👤 İstanbul 2024-09-16
2024-08-27 14:40:20+00:00,👤 Ankara 2024-12-16
2024-08-27 14:35:18+00:00,👤 Ankara 2024-12-18
2024-08-27 14:25:23+00:00,👤 Ankara 2025-02-27
2024-08-27 14:20:24+00:00,👥 İstanbul 2025-03-03
2024-08-27 14:20:18+00:00,👤 İstanbul 2025-03-03
2024-08-27 14:15:21+00:00,👤 Ankara 2025-02-18
2024-08-27 14:15:20+00:00,👤 Ankara 2024-12-20
2024-08-27 14:05:21+00:00,👤 İstanbul 2025-01-14
2024-08-27 13:45:26+00:00,👤 Ankara 2025-04-16
2024-08-27 13:40:21+00:00,👥 Ankara 2025-03-17
2024-08-27 13:40:16+00:00,👤 İstanbul 2024-09-16
2024-08-27 11:40:17+00:00,👤 Ankara 2025-04-28
2024-08-27 11:00:34+00:00,👤 Ankara 2024-09-06
2024-08-27 11:00:30+00:00,👥 Ankara 2024-09-06
2024-08-27 09:35:56+00:00,👤 İstanbul 2024-09-16
2024-08-27 09:35:25+00:00,👥 İstanbul 2024-09-13
2024-08-27 08:05:40+00:00,👤 Toronto 2025-07-24
2024-08-27 02:40:41+00:00,👥 Ankara 2025-07-07
2024-08-26 23:35:25+00:00,👤 Ankara 2025-04-28
2024-08-26 19:30:22+00:00,👤 Ankara 2024-11-07
2024-08-26 17:15:20+00:00,👤 Ankara 2024-11-21
2024-08-26 15:05:26+00:00,👤 Ankara 2024-12-09
2024-08-26 14:50:23+00:00,👤 Ankara 2024-11-20
2024-08-26 10:10:39+00:00,👤 Ankara 2025-02-20
2024-08-23 12:05:37+00:00,👤 Ankara 2025-01-24
2024-08-23 06:20:17+00:00,👤 Ankara 2024-10-31
2024-08-23 04:10:21+00:00,👤 İstanbul 2025-03-06
2024-08-23 00:20:17+00:00,👤 Ankara 2025-02-18
2024-08-22 22:20:58+00:00,👤 Ankara 2024-09-30
2024-08-22 22:05:17+00:00,👤 Ankara 2025-03-24
2024-08-22 20:40:41+00:00,👥 İstanbul 2024-09-06
2024-08-22 18:10:57+00:00,👤 Ankara 2024-11-18
2024-08-22 13:50:40+00:00,👤 Ankara 2025-01-24
2024-08-22 09:15:17+00:00,👤 Ankara 2024-10-18
2024-08-22 05:40:47+00:00,👤 Ankara 2024-09-23
2024-08-22 00:00:28+00:00,👤 Ankara 2025-04-18
2024-08-21 23:35:23+00:00,👤 Ankara 2024-10-07
2024-08-21 23:15:17+00:00,👤 Ankara 2025-01-24
2024-08-21 22:50:26+00:00,👤 Ankara 2025-04-15
2024-08-21 14:00:24+00:00,👤 Ankara 2024-12-10
2024-08-21 11:35:24+00:00,👤 Ankara 2025-04-11
2024-08-21 02:35:17+00:00,👤 İstanbul 2025-01-27
2024-08-20 18:50:19+00:00,👤 Ankara 2025-04-29
2024-08-20 13:00:25+00:00,👤 Ankara 2025-04-15
2024-08-20 10:45:21+00:00,👤 Ankara 2025-04-07
2024-08-20 08:55:18+00:00,👤 Ankara 2025-03-03
2024-08-20 02:20:18+00:00,👤 İstanbul 2025-01-27
2024-08-20 02:15:23+00:00,👤 İstanbul 2025-03-06
2024-08-19 21:45:18+00:00,👤 İstanbul 2025-01-17
2024-08-19 04:10:28+00:00,👤 Ankara 2025-04-08
2024-08-19 03:25:28+00:00,👤 Ankara 2025-02-10
2024-08-19 02:10:17+00:00,👤 Ankara 2025-04-07
2024-08-18 23:45:25+00:00,👤 Ankara 2025-04-28
2024-08-18 23:35:17+00:00,👤 Ankara 2024-12-11
2024-08-18 23:35:16+00:00,👤 Ankara 2024-11-05
2024-08-18 21:25:27+00:00,👤 İstanbul 2024-09-10
2024-08-18 19:35:24+00:00,👤 Ankara 2025-03-19
2024-08-18 19:30:18+00:00,👤 Ankara 2025-01-31
2024-08-18 17:55:16+00:00,👤 Ankara 2025-02-10
2024-08-18 16:45:18+00:00,👤 Ankara 2025-04-28
2024-08-18 16:45:17+00:00,👤 Ankara 2025-04-08
2024-08-18 15:30:25+00:00,👤 Ankara 2025-02-21
2024-08-18 15:25:26+00:00,👤 Ankara 2024-11-21
2024-08-18 15:05:21+00:00,👤 Ankara 2025-02-19
2024-08-18 14:15:17+00:00,👤 Ankara 2025-04-11
2024-08-18 14:10:17+00:00,👤 Ankara 2025-03-06
2024-08-18 13:55:19+00:00,👤 Ankara 2025-05-13
2024-08-18 13:50:17+00:00,👤 Ankara 2025-01-23
2024-08-18 13:25:21+00:00,👤 Ankara 2025-04-22
2024-08-18 12:15:26+00:00,👤 Ankara 2025-04-30
2024-08-18 12:05:21+00:00,👤 Ankara 2025-04-28
2024-08-18 12:05:20+00:00,👤 Ankara 2024-12-18
2024-08-18 11:25:17+00:00,👤 Ankara 2025-01-27
2024-08-18 10:55:17+00:00,👤 Ankara 2025-04-16
2024-08-18 09:40:23+00:00,👤 Ankara 2024-11-12
2024-08-18 09:30:21+00:00,👤 Ankara 2025-04-08
2024-08-18 08:55:17+00:00,👤 Ankara 2024-12-17
2024-08-18 08:25:17+00:00,👤 Ankara 2025-04-28
2024-08-18 08:20:32+00:00,👤 Ankara 2025-04-22
2024-08-18 07:40:30+00:00,👤 Ankara 2025-02-27
2024-08-18 07:40:19+00:00,👤 Ankara 2025-02-24
2024-08-18 07:40:18+00:00,👤 Ankara 2024-11-20
2024-08-18 07:36:55+00:00,👤 Ankara 2025-04-14
2024-08-18 07:10:20+00:00,👤 Ankara 2025-05-06
2024-08-18 07:05:24+00:00,👤 Ankara 2025-03-10
2024-08-18 06:10:23+00:00,👤 Ankara 2025-04-07
2024-08-18 06:00:22+00:00,👤 Ankara 2025-04-16
2024-08-18 06:00:18+00:00,👤 İstanbul 2025-01-30
2024-08-18 05:50:17+00:00,👤 Ankara 2025-03-05
2024-08-18 05:40:22+00:00,👤 Ankara 2025-04-22
2024-08-18 05:25:22+00:00,👤 Ankara 2025-04-30
2024-08-18 05:15:21+00:00,👤 Ankara 2025-05-05
2024-08-18 05:15:21+00:00,👤 Ankara 2025-03-06
2024-08-18 04:55:22+00:00,👤 Ankara 2025-03-24
2024-08-18 04:25:24+00:00,👤 Ankara 2025-04-11
2024-08-18 04:00:21+00:00,👤 Ankara 2025-04-16
2024-08-18 03:20:16+00:00,👤 Ankara 2024-12-17
2024-08-18 03:15:18+00:00,👤 Ankara 2024-11-12
2024-08-18 03:05:17+00:00,👤 Ankara 2025-04-11
2024-08-18 02:45:20+00:00,👤 Ankara 2024-12-18
2024-08-18 02:35:26+00:00,👤 Ankara 2024-11-01
2024-08-18 02:20:17+00:00,👤 İstanbul 2025-02-25
2024-08-18 02:10:21+00:00,👤 Ankara 2025-04-17
2024-08-18 01:45:18+00:00,👤 Ankara 2025-02-24
2024-08-18 01:40:17+00:00,👤 Ankara 2025-04-15
2024-08-18 01:10:20+00:00,👤 Ankara 2025-02-28
2024-08-18 01:10:19+00:00,👤 Ankara 2024-11-04
2024-08-18 00:50:21+00:00,👤 Ankara 2024-11-18
2024-08-18 00:40:18+00:00,👤 Ankara 2025-04-17
2024-08-18 00:40:17+00:00,👤 Ankara 2025-02-24
2024-08-18 00:15:17+00:00,👤 Ankara 2024-11-08
2024-08-18 00:00:23+00:00,👤 Ankara 2025-04-22
2024-08-17 23:50:18+00:00,👤 Ankara 2025-03-20
2024-08-17 23:50:17+00:00,👤 Ankara 2025-03-10
2024-08-17 23:10:17+00:00,👤 Ankara 2025-04-21
2024-08-17 23:10:16+00:00,👤 Ankara 2025-04-07
2024-08-17 23:00:21+00:00,👤 Ankara 2025-03-11
2024-08-17 22:55:22+00:00,👤 Ankara 2025-04-22
2024-08-17 22:30:17+00:00,👤 Ankara 2025-01-27
2024-08-17 22:25:21+00:00,👤 Ankara 2025-05-08
2024-08-17 22:05:18+00:00,👤 Ankara 2025-02-21
2024-08-17 22:05:18+00:00,👤 Ankara 2024-11-20
2024-08-17 21:55:17+00:00,👤 Ankara 2025-05-13
2024-08-17 21:50:19+00:00,👤 Ankara 2024-11-12
2024-08-17 21:35:19+00:00,👤 Ankara 2025-03-10
2024-08-17 21:25:17+00:00,👤 Ankara 2025-05-06
2024-08-17 21:20:16+00:00,👤 Ankara 2025-04-07
2024-08-17 21:15:24+00:00,👤 Ankara 2025-04-07
2024-08-17 21:15:23+00:00,👤 Ankara 2025-03-19
2024-08-17 21:10:24+00:00,👤 Ankara 2025-04-08
2024-08-17 21:10:24+00:00,👤 Ankara 2025-03-24
2024-08-17 20:55:19+00:00,👤 Ankara 2025-04-08
2024-08-17 20:40:20+00:00,👤 Ankara 2025-04-11
2024-08-17 20:40:19+00:00,👤 Ankara 2024-11-06
2024-08-17 20:10:24+00:00,👤 Ankara 2024-11-13
2024-08-17 20:00:24+00:00,👤 İstanbul 2025-01-27
2024-08-17 19:55:17+00:00,👤 Ankara 2025-03-10
2024-08-17 19:50:26+00:00,👤 Ankara 2025-04-18
2024-08-17 19:50:25+00:00,👤 Ankara 2025-01-31
2024-08-17 19:10:22+00:00,👤 Ankara 2025-03-05
2024-08-17 19:10:21+00:00,👤 İstanbul 2025-03-18
2024-08-17 19:00:25+00:00,👤 Ankara 2025-04-11
2024-08-17 19:00:19+00:00,👤 Ankara 2025-03-05
2024-08-17 18:50:22+00:00,👤 Ankara 2025-04-30
2024-08-17 18:50:22+00:00,👤 Ankara 2025-02-27
2024-08-17 18:45:19+00:00,👤 Ankara 2025-04-16
2024-08-17 18:35:17+00:00,👤 Ankara 2025-03-21
2024-08-17 18:30:18+00:00,👤 Ankara 2025-01-16
2024-08-17 18:25:23+00:00,👤 Ankara 2024-10-18
2024-08-17 18:20:22+00:00,👤 Ankara 2025-04-22
2024-08-17 18:20:19+00:00,👤 Ankara 2025-03-24
2024-08-17 18:15:20+00:00,👤 İstanbul 2025-02-18
2024-08-17 18:15:19+00:00,👤 Ankara 2025-02-25
2024-08-17 18:15:19+00:00,👤 Ankara 2025-01-16
2024-08-17 18:05:25+00:00,👤 Ankara 2025-04-17
2024-08-17 17:55:17+00:00,👤 Ankara 2025-05-05
2024-08-17 17:50:34+00:00,👤 Ankara 2025-04-22
2024-08-17 17:30:22+00:00,👤 Ankara 2025-05-07
2024-08-17 17:25:53+00:00,👤 Ankara 2025-04-18
2024-08-17 17:25:33+00:00,👤 Ankara 2025-05-08
2024-08-17 17:20:33+00:00,👤 Ankara 2025-04-16
2024-08-17 17:10:28+00:00,👤 Ankara 2025-04-28
2024-08-17 17:10:27+00:00,👤 Ankara 2024-11-12
2024-08-17 17:05:29+00:00,👤 Ankara 2025-04-21
2024-08-17 16:45:23+00:00,👤 Ankara 2025-04-22
2024-08-17 16:40:38+00:00,👤 Ankara 2025-05-13
2024-08-17 16:25:22+00:00,👤 Ankara 2025-04-21
2024-08-17 16:20:27+00:00,👤 Ankara 2025-04-21
2024-08-17 16:20:23+00:00,👤 Ankara 2025-05-05
2024-08-17 16:15:18+00:00,👤 Ankara 2025-05-05
2024-08-17 16:15:17+00:00,👤 Ankara 2025-01-27
2024-08-17 16:10:19+00:00,👤 Ankara 2025-02-10
2024-08-17 15:40:16+00:00,👤 Ankara 2024-10-25
2024-08-17 15:35:17+00:00,👤 İstanbul 2024-11-01
2024-08-17 15:30:21+00:00,👤 Ankara 2025-04-17
2024-08-17 15:20:17+00:00,👤 Ankara 2025-04-18
2024-08-17 15:20:16+00:00,👤 Ankara 2025-03-14
2024-08-17 15:10:31+00:00,👤 Ankara 2025-05-05
2024-08-17 15:10:18+00:00,👤 Ankara 2025-01-24
2024-08-17 15:10:17+00:00,👤 Ankara 2024-11-07
2024-08-17 15:00:20+00:00,👤 Ankara 2025-04-17
2024-08-17 15:00:19+00:00,👤 Ankara 2024-12-17
2024-08-17 14:55:17+00:00,👤 Ankara 2025-05-09
2024-08-17 14:50:24+00:00,👤 Ankara 2025-05-08
2024-08-17 14:50:24+00:00,👤 Ankara 2025-02-25
2024-08-17 14:45:17+00:00,👤 Ankara 2025-02-25
2024-08-17 14:40:17+00:00,👤 Ankara 2025-02-27
2024-08-17 14:35:28+00:00,👤 Ankara 2025-04-25
2024-08-17 14:35:27+00:00,👤 Ankara 2025-03-10
2024-08-17 14:30:21+00:00,👤 Ankara 2025-02-07
2024-08-17 14:30:21+00:00,👤 Ankara 2024-11-15
2024-08-17 14:25:23+00:00,👤 Ankara 2025-05-08
2024-08-17 14:20:34+00:00,👤 İstanbul 2025-03-06
2024-08-17 14:10:25+00:00,👤 Ankara 2025-04-07
2024-08-17 14:00:23+00:00,👤 Ankara 2025-05-06
2024-08-17 13:50:22+00:00,👤 Ankara 2025-05-08
2024-08-17 13:50:21+00:00,👤 Ankara 2025-01-09
2024-08-17 13:40:18+00:00,👤 Ankara 2024-11-04
2024-08-17 13:35:16+00:00,👤 Ankara 2025-03-06
2024-08-17 13:30:20+00:00,👤 Ankara 2025-04-15
2024-08-17 13:30:19+00:00,👤 Ankara 2024-11-04
2024-08-17 13:25:21+00:00,👤 Ankara 2025-04-08
2024-08-17 13:15:19+00:00,👤 Ankara 2025-03-03
2024-08-17 13:15:18+00:00,👤 Ankara 2024-10-09
2024-08-17 13:10:17+00:00,👤 Ankara 2024-10-04
2024-08-17 13:05:22+00:00,👤 Ankara 2024-10-17
2024-08-17 13:00:24+00:00,👤 Ankara 2025-04-22
2024-08-17 13:00:23+00:00,👤 Ankara 2025-03-13
2024-08-17 12:55:17+00:00,👤 Ankara 2025-04-21
2024-08-17 12:50:17+00:00,👤 Ankara 2025-04-11
2024-08-17 12:45:20+00:00,👤 Ankara 2025-02-19
2024-08-17 12:45:20+00:00,👤 Ankara 2024-11-07
2024-08-17 12:35:37+00:00,👤 Ankara 2025-04-16
2024-08-17 12:35:18+00:00,👤 Ankara 2025-04-15
2024-08-17 12:35:18+00:00,👤 Ankara 2025-02-20
2024-08-17 12:30:57+00:00,👤 Ankara 2025-05-07
2024-08-17 12:30:26+00:00,👤 Ankara 2025-03-24
2024-08-17 12:30:25+00:00,👤 Ankara 2025-01-09
2024-08-17 12:25:58+00:00,👤 Ankara 2025-02-21
2024-08-17 12:25:18+00:00,👤 Ankara 2025-01-09
2024-08-17 12:25:17+00:00,👤 Ankara 2024-11-05
2024-08-17 12:00:20+00:00,👤 Ankara 2024-11-04
2024-08-17 11:55:28+00:00,👤 Ankara 2025-02-24
2024-08-17 11:55:21+00:00,👤 İstanbul 2025-03-27
2024-08-17 11:55:18+00:00,👤 Ankara 2025-01-21
2024-08-17 11:55:18+00:00,👤 Ankara 2024-12-11
2024-08-17 11:50:20+00:00,👤 Ankara 2025-02-27
2024-08-17 11:50:16+00:00,👤 Ankara 2025-04-10
2024-08-17 11:30:55+00:00,👤 Ankara 2025-04-24
2024-08-17 11:30:30+00:00,👤 Ankara 2025-04-08
2024-08-17 11:30:29+00:00,👤 Ankara 2025-03-06
2024-08-17 11:25:29+00:00,👤 Ankara 2025-04-24
2024-08-17 11:20:26+00:00,👤 Ankara 2025-04-08
2024-08-17 11:20:18+00:00,👤 Ankara 2025-04-29
2024-08-17 11:15:21+00:00,👤 Ankara 2025-04-07
2024-08-17 11:10:20+00:00,👤 İstanbul 2025-01-30
2024-08-17 11:05:41+00:00,👤 Ankara 2025-03-24
2024-08-17 11:05:21+00:00,👤 Ankara 2025-03-03
2024-08-17 11:05:21+00:00,👤 Ankara 2025-01-09
2024-08-17 10:50:17+00:00,👤 Ankara 2025-04-08
2024-08-17 10:45:19+00:00,👤 Ankara 2025-01-24
2024-08-17 10:45:18+00:00,👤 Ankara 2025-01-07
2024-08-17 10:40:24+00:00,👤 Ankara 2025-05-08
2024-08-17 10:40:23+00:00,👤 Ankara 2025-04-15
2024-08-17 10:35:24+00:00,👤 Ankara 2024-11-12
2024-08-17 10:30:21+00:00,👤 Ankara 2025-04-18
2024-08-17 10:26:19+00:00,👤 Ankara 2025-04-18
2024-08-17 10:25:41+00:00,👤 Ankara 2025-04-08
2024-08-17 10:25:18+00:00,👤 Ankara 2025-03-05
2024-08-17 10:25:17+00:00,👤 Ankara 2024-12-17
2024-08-17 10:20:27+00:00,👤 Ankara 2025-03-13
2024-08-17 10:20:21+00:00,👤 Ankara 2025-02-28
2024-08-17 10:20:20+00:00,👤 Ankara 2024-12-04
2024-08-17 10:20:16+00:00,👤 Ankara 2025-04-10
2024-08-17 10:15:23+00:00,👤 Ankara 2025-05-05
2024-08-17 10:15:22+00:00,👤 Ankara 2025-02-28
2024-08-17 10:10:24+00:00,👤 Ankara 2025-04-22
2024-08-17 09:55:30+00:00,👤 Ankara 2025-04-22
2024-08-17 09:55:28+00:00,👤 Ankara 2025-03-10
2024-08-17 09:55:27+00:00,👤 Ankara 2025-01-28
2024-08-17 09:50:26+00:00,👤 Ankara 2025-04-28
2024-08-17 09:45:19+00:00,👤 Ankara 2025-05-06
2024-08-17 09:45:19+00:00,👤 Ankara 2025-04-08
2024-08-17 09:40:25+00:00,👤 Ankara 2025-04-07
2024-08-17 09:40:25+00:00,👤 Ankara 2025-03-05
2024-08-17 09:30:23+00:00,👤 Ankara 2025-04-21
2024-08-17 09:30:22+00:00,👤 Ankara 2025-02-18
2024-08-17 09:20:17+00:00,👤 Ankara 2025-02-25
2024-08-17 09:10:20+00:00,👤 Ankara 2025-04-21
2024-08-17 09:10:17+00:00,👤 Ankara 2025-04-25
2024-08-17 09:00:31+00:00,👤 Ankara 2024-11-05
2024-08-17 09:00:23+00:00,👤 Ankara 2025-04-30
2024-08-17 09:00:21+00:00,👤 İstanbul 2025-03-06
2024-08-17 08:55:26+00:00,👤 Ankara 2025-03-25
2024-08-17 08:55:26+00:00,👤 Ankara 2024-10-15
2024-08-17 08:50:23+00:00,👤 Ankara 2025-04-17
2024-08-17 08:50:22+00:00,👤 Ankara 2025-02-25
2024-08-17 08:45:41+00:00,👤 Ankara 2025-01-31
2024-08-17 08:35:26+00:00,👤 Ankara 2025-04-21
2024-08-17 08:30:51+00:00,👤 Ankara 2025-04-21
2024-08-17 08:30:37+00:00,👤 Ankara 2025-03-24
2024-08-17 08:30:37+00:00,👤 Ankara 2024-11-12
2024-08-17 08:25:40+00:00,👤 Ankara 2025-04-28
2024-08-17 08:20:29+00:00,👤 Ankara 2025-04-10
2024-08-17 08:15:20+00:00,👤 Ankara 2025-04-30
2024-08-17 08:05:22+00:00,👤 Ankara 2025-03-27
2024-08-17 07:55:17+00:00,👤 Ankara 2025-04-28
2024-08-17 07:50:18+00:00,👤 Ankara 2025-04-07
2024-08-17 07:50:17+00:00,👤 Ankara 2024-12-13
2024-08-17 07:40:20+00:00,👤 Ankara 2025-04-08
2024-08-17 07:35:19+00:00,👤 Ankara 2025-04-16
2024-08-17 07:35:16+00:00,👤 Ankara 2025-05-13
2024-08-17 07:15:17+00:00,👤 Ankara 2025-04-21
2024-08-17 07:15:17+00:00,👤 Ankara 2024-11-22
2024-08-17 07:10:19+00:00,👤 Ankara 2025-04-25
2024-08-17 07:10:18+00:00,👤 Ankara 2024-11-13
2024-08-17 07:06:51+00:00,👤 Ankara 2025-04-30
2024-08-17 07:05:22+00:00,👤 Ankara 2025-04-24
2024-08-17 07:05:21+00:00,👤 Ankara 2025-04-15
2024-08-17 07:00:22+00:00,👤 Ankara 2025-03-25
2024-08-17 06:55:21+00:00,👤 Ankara 2025-05-06
2024-08-17 06:51:25+00:00,👤 Ankara 2025-05-12
2024-08-17 06:51:24+00:00,👤 Ankara 2025-04-11
2024-08-17 06:50:39+00:00,👤 Ankara 2025-03-14
2024-08-17 06:50:26+00:00,👤 Ankara 2025-02-28
2024-08-17 06:50:25+00:00,👤 Ankara 2024-11-05
2024-08-17 06:45:18+00:00,👤 Ankara 2025-03-19
2024-08-17 06:37:07+00:00,👤 Ankara 2025-05-08
2024-08-17 06:35:17+00:00,👤 Ankara 2025-05-05
2024-08-17 06:35:17+00:00,👤 Ankara 2025-01-03
2024-08-17 06:30:20+00:00,👤 Ankara 2025-04-11
2024-08-17 06:27:18+00:00,👤 Ankara 2025-03-24
2024-08-17 06:25:20+00:00,👤 Ankara 2025-03-20
2024-08-17 06:25:19+00:00,👤 Ankara 2025-01-08
2024-08-17 06:20:34+00:00,👤 Ankara 2025-04-29
2024-08-17 06:20:34+00:00,👤 Ankara 2025-04-22
2024-08-17 06:10:43+00:00,👤 Ankara 2025-04-15
2024-08-17 06:10:18+00:00,👤 Ankara 2025-03-24
2024-08-17 06:10:18+00:00,👤 Ankara 2025-02-25
2024-08-17 05:30:22+00:00,👤 İstanbul 2025-01-10
2024-08-17 05:10:18+00:00,👤 Ankara 2025-04-24
2024-08-17 05:10:17+00:00,👤 Ankara 2025-03-18
2024-08-17 05:00:24+00:00,👤 Ankara 2025-02-21
2024-08-17 05:00:23+00:00,👤 İstanbul 2025-03-27
2024-08-17 04:55:17+00:00,👤 Ankara 2025-04-28
2024-08-17 04:55:16+00:00,👤 Ankara 2024-10-17
2024-08-17 04:50:17+00:00,👤 Ankara 2025-04-21
2024-08-17 04:45:18+00:00,👤 Ankara 2025-04-22
2024-08-17 04:45:17+00:00,👤 Ankara 2025-04-07
2024-08-17 04:36:38+00:00,👤 Ankara 2025-04-22
2024-08-17 04:35:22+00:00,👤 Ankara 2024-11-19
2024-08-17 04:35:21+00:00,👤 Ankara 2024-10-18
2024-08-17 04:30:25+00:00,👤 Ankara 2025-04-16
2024-08-17 04:30:24+00:00,👤 Ankara 2024-11-20
2024-08-17 04:23:32+00:00,👤 Ankara 2025-04-22
2024-08-17 04:23:31+00:00,👤 Ankara 2025-03-19
2024-08-17 04:20:23+00:00,👤 Ankara 2025-04-22
2024-08-17 04:20:23+00:00,👤 Ankara 2025-03-19
2024-08-17 04:20:20+00:00,👤 Ankara 2025-04-17
2024-08-17 04:16:52+00:00,👤 Ankara 2025-04-17
2024-08-17 04:15:23+00:00,👤 Ankara 2025-03-17
2024-08-17 04:15:23+00:00,👤 Ankara 2025-02-10
2024-08-17 04:10:35+00:00,👤 Ankara 2025-01-10
2024-08-17 04:05:24+00:00,👤 Ankara 2025-02-28
2024-08-17 04:05:23+00:00,👤 Ankara 2024-12-17
2024-08-17 04:05:17+00:00,👤 Ankara 2025-03-11
2024-08-17 04:05:16+00:00,👤 İstanbul 2025-01-27
2024-08-17 04:00:27+00:00,👤 Ankara 2024-11-13
2024-08-17 04:00:19+00:00,👤 Ankara 2025-02-05
2024-08-17 04:00:18+00:00,👤 Ankara 2024-11-18
2024-08-17 03:55:46+00:00,👤 Ankara 2025-04-28
2024-08-17 03:55:17+00:00,👤 Ankara 2025-03-13
2024-08-17 03:55:17+00:00,👤 Ankara 2025-01-27
2024-08-17 03:50:17+00:00,👤 Ankara 2025-05-08
2024-08-17 03:46:45+00:00,👤 Ankara 2025-05-08
2024-08-17 03:45:25+00:00,👤 Ankara 2025-02-24
2024-08-17 03:45:24+00:00,👤 Ankara 2025-01-21
2024-08-17 03:40:21+00:00,👤 İstanbul 2025-03-06
2024-08-17 03:40:20+00:00,👤 Ankara 2025-04-14
2024-08-17 03:40:18+00:00,👤 Ankara 2025-03-17
2024-08-17 03:40:17+00:00,👤 Ankara 2025-01-21
2024-08-17 03:36:34+00:00,👤 Ankara 2025-02-20
2024-08-17 03:35:25+00:00,👤 Ankara 2025-01-06
2024-08-17 03:35:24+00:00,👤 Ankara 2024-11-15
2024-08-17 03:30:26+00:00,👤 Ankara 2025-05-05
2024-08-17 03:25:19+00:00,👤 Ankara 2025-03-13
2024-08-17 03:21:42+00:00,👤 Ankara 2025-04-29
2024-08-17 03:20:21+00:00,👤 Ankara 2024-11-21
2024-08-17 03:20:20+00:00,👤 Ankara 2024-11-06
2024-08-17 03:15:27+00:00,👤 Ankara 2025-03-25
2024-08-17 03:10:36+00:00,👤 Ankara 2024-12-13
2024-08-17 03:10:35+00:00,👤 Ankara 2024-11-20
2024-08-17 03:05:18+00:00,👤 Ankara 2025-04-17
2024-08-17 03:05:18+00:00,👤 Ankara 2025-01-10
2024-08-17 02:21:42+00:00,👤 Ankara 2025-05-05
2024-08-17 02:20:41+00:00,👤 Ankara 2025-04-08
2024-08-17 02:20:19+00:00,👤 Ankara 2025-03-25
2024-08-17 02:20:19+00:00,👤 Ankara 2024-10-15
2024-08-17 02:15:25+00:00,👤 Ankara 2025-04-28
2024-08-17 02:10:29+00:00,👤 Ankara 2025-04-28
2024-08-17 02:10:17+00:00,👤 Ankara 2024-11-05
2024-08-17 02:08:28+00:00,👤 Ankara 2025-04-16
2024-08-17 02:05:19+00:00,👤 Ankara 2025-04-16
2024-08-17 02:05:16+00:00,👤 Ankara 2025-04-08
2024-08-17 02:00:23+00:00,👤 Ankara 2025-04-16
2024-08-17 02:00:22+00:00,👤 Ankara 2024-11-22
2024-08-17 01:56:37+00:00,👤 Ankara 2025-04-16
2024-08-17 01:55:18+00:00,👤 Ankara 2025-04-07
2024-08-17 01:55:17+00:00,👤 Ankara 2025-03-03
2024-08-17 01:50:38+00:00,👤 Ankara 2025-04-21
2024-08-17 01:50:23+00:00,👤 Ankara 2025-03-05
2024-08-17 01:50:23+00:00,👤 Ankara 2025-02-11
2024-08-17 01:50:22+00:00,👤 Ankara 2024-09-19
2024-08-17 01:50:16+00:00,👤 İstanbul 2025-02-18
2024-08-17 01:50:16+00:00,👥 İstanbul 2025-02-18
2024-08-17 01:45:19+00:00,👤 Ankara 2025-02-11
2024-08-17 01:45:18+00:00,👤 Ankara 2025-01-31
2024-08-17 01:35:19+00:00,👤 Ankara 2025-02-25
2024-08-17 01:35:18+00:00,👤 Ankara 2025-01-28
2024-08-17 01:35:15+00:00,👥 Ankara 2025-01-28
2024-08-17 01:32:04+00:00,👤 Ankara 2025-05-12
2024-08-17 01:32:03+00:00,👤 Ankara 2025-04-25
2024-08-17 01:30:20+00:00,👤 Ankara 2024-11-20
2024-08-17 01:30:18+00:00,👤 Ankara 2025-04-21
2024-08-17 01:30:17+00:00,👤 Ankara 2025-02-28
2024-08-17 01:26:38+00:00,👤 Ankara 2025-04-24
2024-08-17 01:25:18+00:00,👤 Ankara 2024-11-19
2024-08-17 01:25:17+00:00,👤 Ankara 2024-11-07
2024-08-17 01:22:42+00:00,👤 Ankara 2025-05-12
2024-08-17 01:20:22+00:00,👥 Ankara 2025-01-27
2024-08-17 01:20:17+00:00,👤 Ankara 2025-02-27
2024-08-17 01:20:16+00:00,👤 Ankara 2025-01-27
2024-08-17 01:18:15+00:00,👤 Ankara 2025-04-15
2024-08-17 01:15:22+00:00,👤 Ankara 2025-02-28
2024-08-17 01:15:17+00:00,👤 Ankara 2025-03-03
2024-08-17 01:15:16+00:00,👤 Ankara 2024-12-17
2024-08-17 01:10:18+00:00,👤 Ankara 2025-04-24
2024-08-17 01:10:17+00:00,👤 Ankara 2025-01-13
2024-08-17 01:06:52+00:00,👤 Ankara 2025-04-24
2024-08-17 01:05:43+00:00,👤 Ankara 2025-04-17
2024-08-17 01:05:33+00:00,👤 Ankara 2025-03-25
2024-08-17 01:05:20+00:00,👥 Ankara 2024-11-13
2024-08-17 01:05:19+00:00,👤 Ankara 2025-02-05
2024-08-17 01:05:18+00:00,👤 Ankara 2024-11-13
2024-08-17 01:00:42+00:00,👤 Ankara 2025-03-24
2024-08-17 01:00:22+00:00,👤 Ankara 2025-02-27
2024-08-17 01:00:21+00:00,👤 Ankara 2025-02-07
2024-08-17 00:55:43+00:00,👤 Ankara 2025-04-24
2024-08-17 00:55:29+00:00,👤 Ankara 2025-04-10
2024-08-17 00:55:20+00:00,👤 Ankara 2025-03-19
2024-08-17 00:55:20+00:00,👤 Ankara 2024-11-07
2024-08-17 00:55:16+00:00,👥 Ankara 2025-03-19
2024-08-17 00:50:48+00:00,👤 Ankara 2025-05-08
2024-08-17 00:50:18+00:00,👤 Ankara 2025-04-07
2024-08-17 00:50:18+00:00,👤 Ankara 2024-10-21
2024-08-17 00:48:25+00:00,👤 Ankara 2025-04-16
2024-08-17 00:47:27+00:00,👤 Ankara 2025-04-11
2024-08-17 00:45:38+00:00,👤 Ankara 2025-04-08
2024-08-17 00:45:20+00:00,👤 Ankara 2025-01-31
2024-08-17 00:45:19+00:00,👤 Ankara 2024-10-18
2024-08-17 00:40:52+00:00,👤 Ankara 2025-04-18
2024-08-17 00:40:47+00:00,👤 Ankara 2025-04-07
2024-08-17 00:40:20+00:00,👤 Ankara 2025-02-25
2024-08-17 00:40:20+00:00,👤 Ankara 2024-11-19
2024-08-17 00:40:18+00:00,👤 İstanbul 2025-03-28
2024-08-17 00:35:23+00:00,👤 Ankara 2025-01-28
2024-08-17 00:25:21+00:00,👤 Ankara 2025-04-08
2024-08-17 00:25:20+00:00,👤 Ankara 2025-01-28
2024-08-17 00:20:23+00:00,👤 Ankara 2025-05-12
2024-08-17 00:20:22+00:00,👤 Ankara 2025-01-31
2024-08-17 00:15:45+00:00,👤 Ankara 2025-04-08
2024-08-17 00:15:40+00:00,👤 Ankara 2025-03-11
2024-08-17 00:15:35+00:00,👤 Ankara 2025-03-05
2024-08-17 00:15:35+00:00,👤 Ankara 2025-01-13
2024-08-17 00:15:22+00:00,👥 Ankara 2025-03-05
2024-08-17 00:07:00+00:00,👤 Ankara 2025-04-29
2024-08-17 00:05:46+00:00,👤 Ankara 2025-04-15
2024-08-17 00:05:46+00:00,👤 Ankara 2025-04-10
2024-08-17 00:00:30+00:00,👤 Ankara 2025-04-18
2024-08-17 00:00:29+00:00,👤 Ankara 2024-10-08
2024-08-16 23:57:06+00:00,👤 Ankara 2025-04-25
2024-08-16 23:55:42+00:00,👤 Ankara 2025-04-16
2024-08-16 23:55:22+00:00,👤 Ankara 2025-03-25
2024-08-16 23:55:21+00:00,👤 Ankara 2025-03-17
2024-08-16 23:50:21+00:00,👤 Ankara 2025-03-27
2024-08-16 23:50:21+00:00,👤 Ankara 2025-02-24
2024-08-16 23:50:17+00:00,👤 İstanbul 2025-02-25
2024-08-16 23:45:18+00:00,👤 Ankara 2025-04-28
2024-08-16 23:40:18+00:00,👤 Ankara 2025-04-30
2024-08-16 23:40:17+00:00,👤 İstanbul 2025-01-23
2024-08-16 23:40:17+00:00,👤 Ankara 2024-11-04
2024-08-16 23:35:16+00:00,👤 Ankara 2025-02-27
2024-08-16 23:30:50+00:00,👤 Ankara 2025-04-10
2024-08-16 23:30:19+00:00,👤 Ankara 2025-03-25
2024-08-16 23:30:18+00:00,👤 Ankara 2025-03-13
2024-08-16 23:25:18+00:00,👤 Ankara 2025-04-16
2024-08-16 23:25:18+00:00,👤 Ankara 2025-03-17
2024-08-16 23:20:30+00:00,👤 Ankara 2025-04-22
2024-08-16 23:20:19+00:00,👤 İstanbul 2025-01-06
2024-08-16 23:20:18+00:00,👤 Ankara 2025-02-10
2024-08-16 23:20:17+00:00,👤 Ankara 2024-11-07
2024-08-16 23:15:17+00:00,👤 Ankara 2025-05-08
2024-08-16 23:15:17+00:00,👤 İstanbul 2025-01-14
2024-08-16 23:05:26+00:00,👤 Ankara 2025-04-29
2024-08-16 23:05:21+00:00,👤 Ankara 2025-02-07
2024-08-16 23:05:21+00:00,👤 Ankara 2025-02-07
2024-08-16 23:05:20+00:00,👤 Ankara 2024-10-21
2024-08-16 23:05:20+00:00,👤 Ankara 2024-10-21
2024-08-16 23:00:49+00:00,👤 Ankara 2025-04-16
2024-08-16 23:00:25+00:00,👤 Ankara 2025-03-14
2024-08-16 23:00:24+00:00,👤 Ankara 2025-01-23
2024-08-16 22:55:16+00:00,👤 Ankara 2025-01-09
2024-08-16 22:50:19+00:00,👤 Ankara 2024-11-22
2024-08-16 22:45:29+00:00,👤 Ankara 2025-05-07
2024-08-16 22:45:17+00:00,👤 Ankara 2025-04-10
2024-08-16 22:45:17+00:00,👤 Ankara 2025-02-10
2024-08-16 22:40:31+00:00,👤 Ankara 2025-04-16
2024-08-16 22:40:17+00:00,👤 Ankara 2024-12-04
2024-08-16 22:40:16+00:00,👥 Ankara 2025-04-16
2024-08-16 22:40:16+00:00,👤 Ankara 2024-11-06
2024-08-16 22:40:14+00:00,👥 Ankara 2024-12-04
2024-08-16 22:35:43+00:00,👤 Ankara 2025-04-18
2024-08-16 22:35:31+00:00,👤 Ankara 2025-04-07
2024-08-16 22:35:22+00:00,👤 Ankara 2025-01-07
2024-08-16 22:35:21+00:00,👤 Ankara 2024-11-01
2024-08-16 22:33:09+00:00,👤 Ankara 2025-04-28
2024-08-16 22:31:45+00:00,👤 Ankara 2025-04-22
2024-08-16 22:31:44+00:00,👤 Ankara 2025-04-21
2024-08-16 22:30:33+00:00,👤 Ankara 2025-02-25
2024-08-16 22:30:20+00:00,👤 Ankara 2025-02-10
2024-08-16 22:30:19+00:00,👤 Ankara 2024-11-04
2024-08-16 22:25:18+00:00,👤 Ankara 2025-05-05
2024-08-16 22:25:17+00:00,👤 Ankara 2025-04-11
2024-08-16 22:20:18+00:00,👤 Ankara 2025-04-30
2024-08-16 22:15:21+00:00,👤 İstanbul 2024-11-15
2024-08-16 22:15:17+00:00,👤 Ankara 2025-05-12
2024-08-16 22:10:54+00:00,👤 Ankara 2025-04-28
2024-08-16 22:10:43+00:00,👤 Ankara 2025-04-14
2024-08-16 22:10:25+00:00,👤 Ankara 2025-03-27
2024-08-16 22:10:17+00:00,👤 Ankara 2025-02-19
2024-08-16 22:10:16+00:00,👤 Ankara 2024-10-21
2024-08-16 22:05:19+00:00,👤 Ankara 2025-02-20
2024-08-16 22:05:18+00:00,👤 Ankara 2025-01-28
2024-08-16 22:02:12+00:00,👤 Ankara 2025-04-25
2024-08-16 22:00:24+00:00,👤 Ankara 2025-04-17
2024-08-16 22:00:23+00:00,👤 Ankara 2025-02-05
2024-08-16 21:46:48+00:00,👤 Ankara 2025-05-08
2024-08-16 21:46:47+00:00,👤 Ankara 2025-03-19
2024-08-16 21:45:38+00:00,👤 Ankara 2025-03-03
2024-08-16 21:45:20+00:00,👤 Ankara 2025-01-27
2024-08-16 21:45:20+00:00,👤 Ankara 2025-01-24
2024-08-16 21:40:16+00:00,👤 Ankara 2025-04-18
2024-08-16 21:40:16+00:00,👥 Ankara 2025-05-08
2024-08-16 21:40:16+00:00,👤 Ankara 2025-04-15
2024-08-16 21:40:15+00:00,👥 Ankara 2025-05-07
2024-08-16 21:35:49+00:00,👤 Ankara 2025-05-12
2024-08-16 21:35:48+00:00,👤 Ankara 2025-03-10
2024-08-16 21:35:19+00:00,👤 Ankara 2025-01-09
2024-08-16 21:35:18+00:00,👤 Ankara 2024-11-12
2024-08-16 21:30:19+00:00,👥 Ankara 2025-04-22
2024-08-16 21:25:18+00:00,👥 Ankara 2025-05-06
2024-08-16 21:15:31+00:00,👤 Ankara 2025-04-29
2024-08-16 21:15:30+00:00,👤 Ankara 2024-10-25
2024-08-16 21:12:09+00:00,👤 Ankara 2025-05-12
2024-08-16 21:10:29+00:00,👤 Ankara 2025-04-18
2024-08-16 21:10:28+00:00,👤 Ankara 2025-04-17
2024-08-16 21:10:17+00:00,👤 İstanbul 2024-09-23
2024-08-16 21:06:40+00:00,👤 Ankara 2025-03-24
2024-08-16 21:05:36+00:00,👤 Ankara 2025-02-28
2024-08-16 21:05:31+00:00,👤 Ankara 2025-02-12
2024-08-16 21:05:30+00:00,👤 Ankara 2024-11-07
2024-08-16 21:00:24+00:00,👤 Ankara 2025-01-24
2024-08-16 20:55:35+00:00,👤 Ankara 2025-02-07
2024-08-16 20:50:27+00:00,👤 Ankara 2024-12-18
2024-08-16 20:41:33+00:00,👤 Ankara 2025-04-16
2024-08-16 20:40:20+00:00,👤 Ankara 2025-04-11
2024-08-16 20:40:20+00:00,👤 Ankara 2025-03-24
2024-08-16 20:35:54+00:00,👤 Ankara 2025-05-12
2024-08-16 20:35:40+00:00,👤 Ankara 2025-04-24
2024-08-16 20:35:19+00:00,👤 Ankara 2025-04-17
2024-08-16 20:35:18+00:00,👤 Ankara 2025-01-07
2024-08-16 20:30:19+00:00,👤 Ankara 2025-04-10
2024-08-16 20:30:18+00:00,👤 Ankara 2025-01-07
2024-08-16 20:25:25+00:00,👤 Ankara 2024-11-20
2024-08-16 20:25:20+00:00,👤 Ankara 2024-11-15
2024-08-16 20:25:19+00:00,👤 Ankara 2024-10-01
2024-08-16 20:20:18+00:00,👤 Ankara 2025-03-20
2024-08-16 20:20:16+00:00,👤 Ankara 2025-04-30
2024-08-16 20:15:41+00:00,👤 Ankara 2025-02-25
2024-08-16 20:15:21+00:00,👤 Ankara 2025-01-15
2024-08-16 20:15:21+00:00,👤 Ankara 2025-01-03
2024-08-16 20:15:16+00:00,👤 İstanbul 2024-11-01
2024-08-16 20:10:20+00:00,👤 Ankara 2025-05-12
2024-08-16 20:10:20+00:00,👤 Ankara 2024-10-07
2024-08-16 20:05:18+00:00,👤 Ankara 2025-02-10
2024-08-16 20:00:38+00:00,👤 Ankara 2025-04-08
2024-08-16 20:00:23+00:00,👤 Ankara 2024-12-03
2024-08-16 20:00:22+00:00,👤 Ankara 2024-11-05
2024-08-16 19:57:02+00:00,👤 Ankara 2025-04-28
2024-08-16 19:55:56+00:00,👤 Ankara 2025-03-20
2024-08-16 19:55:41+00:00,👤 Ankara 2025-03-10
2024-08-16 19:55:17+00:00,👤 Ankara 2024-11-15
2024-08-16 19:55:17+00:00,👤 Ankara 2024-11-14
2024-08-16 19:50:46+00:00,👤 Ankara 2025-05-06
2024-08-16 19:50:18+00:00,👤 Ankara 2025-04-11
2024-08-16 19:50:17+00:00,👥 Ankara 2025-03-14
2024-08-16 19:50:16+00:00,👤 Ankara 2025-03-14
2024-08-16 19:45:48+00:00,👤 Ankara 2025-04-29
2024-08-16 19:45:25+00:00,👥 Ankara 2025-04-28
2024-08-16 19:45:24+00:00,👥 Ankara 2025-02-20
2024-08-16 19:45:18+00:00,👤 Ankara 2025-04-28
2024-08-16 19:45:17+00:00,👤 Ankara 2025-02-20
2024-08-16 19:40:59+00:00,👤 Ankara 2025-04-07
2024-08-16 19:40:40+00:00,👤 Ankara 2025-03-19
2024-08-16 19:40:20+00:00,👥 Ankara 2024-11-19
2024-08-16 19:40:17+00:00,👤 Ankara 2024-11-19
2024-08-16 19:40:16+00:00,👤 Ankara 2025-02-11
2024-08-16 19:40:15+00:00,👤 Ankara 2024-10-18
2024-08-16 19:35:44+00:00,👤 Ankara 2025-04-11
2024-08-16 19:35:32+00:00,👤 Ankara 2025-04-07
2024-08-16 19:35:23+00:00,👤 Ankara 2025-01-09
2024-08-16 19:35:17+00:00,👤 Ankara 2024-11-06
2024-08-16 19:35:16+00:00,👤 Ankara 2024-10-17
2024-08-16 19:31:41+00:00,👤 Ankara 2025-04-29
2024-08-16 19:30:42+00:00,👤 Ankara 2025-01-03
2024-08-16 19:30:38+00:00,👥 Ankara 2025-04-29
2024-08-16 19:30:35+00:00,👥 Ankara 2025-04-21
2024-08-16 19:30:34+00:00,👥 Ankara 2024-11-12
2024-08-16 19:30:20+00:00,👤 Ankara 2024-12-11
2024-08-16 19:30:19+00:00,👤 Ankara 2024-11-12
2024-08-16 19:25:18+00:00,👤 Ankara 2025-04-22
2024-08-16 19:25:17+00:00,👤 Ankara 2024-11-13
2024-08-16 19:25:16+00:00,👤 İstanbul 2025-03-04
2024-08-16 19:20:44+00:00,👤 Ankara 2024-11-19
2024-08-16 19:20:28+00:00,👤 Ankara 2024-11-12
2024-08-16 19:20:22+00:00,👤 Ankara 2024-10-30
2024-08-16 19:20:21+00:00,👤 Ankara 2024-10-16
2024-08-16 19:20:19+00:00,👥 Ankara 2025-02-25
2024-08-16 19:20:18+00:00,👥 Ankara 2024-11-13
2024-08-16 19:15:22+00:00,👤 Ankara 2024-11-22
2024-08-16 19:15:21+00:00,👤 Ankara 2024-11-14
2024-08-16 19:15:16+00:00,👥 Ankara 2024-11-14
2024-08-16 19:13:04+00:00,👤 Ankara 2025-05-07
2024-08-16 19:10:44+00:00,👤 Ankara 2025-04-11
2024-08-16 19:10:19+00:00,👤 Ankara 2025-04-07
2024-08-16 19:10:18+00:00,👤 Ankara 2024-11-20
2024-08-16 19:10:17+00:00,👤 İstanbul 2025-03-27
2024-08-16 19:06:47+00:00,👤 Ankara 2025-04-16
2024-08-16 19:05:54+00:00,👤 Ankara 2025-03-25
2024-08-16 19:05:26+00:00,👤 Ankara 2025-02-18
2024-08-16 19:05:26+00:00,👤 Ankara 2025-01-15
2024-08-16 19:05:17+00:00,👥 Ankara 2025-03-25
2024-08-16 19:05:16+00:00,👥 Ankara 2025-01-15
2024-08-16 19:02:05+00:00,👤 Ankara 2025-05-05
2024-08-16 19:00:50+00:00,👤 Ankara 2025-04-21
2024-08-16 19:00:33+00:00,👤 Ankara 2024-11-14
2024-08-16 19:00:27+00:00,👤 Ankara 2024-11-07
2024-08-16 19:00:26+00:00,👤 Ankara 2024-10-31
2024-08-16 19:00:23+00:00,👥 Ankara 2024-11-14
2024-08-16 19:00:22+00:00,👥 Ankara 2024-11-07
2024-08-16 18:55:44+00:00,👤 Ankara 2025-04-10
2024-08-16 18:55:18+00:00,👤 Ankara 2025-03-21
2024-08-16 18:55:17+00:00,👤 Ankara 2024-11-18
2024-08-16 18:50:56+00:00,👤 Ankara 2025-01-13
2024-08-16 18:50:38+00:00,👤 Ankara 2024-12-11
2024-08-16 18:50:33+00:00,👤 Ankara 2024-11-18
2024-08-16 18:50:25+00:00,👥 Ankara 2025-04-14
2024-08-16 18:50:22+00:00,👥 Ankara 2025-04-10
2024-08-16 18:50:22+00:00,👥 Ankara 2024-10-22
2024-08-16 18:50:17+00:00,👤 Ankara 2024-11-12
2024-08-16 18:50:17+00:00,👤 Ankara 2024-10-22
2024-08-16 18:45:29+00:00,👥 Ankara 2025-02-07
2024-08-16 18:28:54+00:00,👤 ❌ İstanbul 2025-02-04
2024-08-16 18:25:29+00:00,👤 Ankara 2025-04-22
2024-08-16 18:25:28+00:00,👤 Ankara 2024-12-18
2024-08-16 18:25:26+00:00,👤 ❌ İstanbul 2025-02-04
2024-08-16 18:20:35+00:00,👤 Ankara 2025-03-25
2024-08-16 18:20:34+00:00,👤 Ankara 2024-11-12
2024-08-16 18:20:17+00:00,👤 İstanbul 2025-03-06
2024-08-16 18:20:15+00:00,👤 İstanbul 2025-03-18
2024-08-16 18:15:50+00:00,👤 Ankara 2025-04-07
2024-08-16 18:15:27+00:00,👤 Ankara 2025-02-14
2024-08-16 18:15:26+00:00,👤 Ankara 2024-11-12
2024-08-16 18:15:23+00:00,👥 Ankara 2024-11-12
2024-08-16 18:11:15+00:00,👤 Ankara 2025-05-05
2024-08-16 18:11:14+00:00,👤 Ankara 2025-04-21
2024-08-16 18:05:48+00:00,👤 Ankara 2025-02-19
2024-08-16 18:05:25+00:00,👤 Ankara 2025-01-31
2024-08-16 18:05:24+00:00,👤 Ankara 2024-11-06
2024-08-16 18:00:41+00:00,👤 Ankara 2025-03-11
2024-08-16 18:00:30+00:00,👤 Ankara 2025-02-28
2024-08-16 18:00:29+00:00,👤 Ankara 2024-11-12
2024-08-16 17:55:40+00:00,👤 Ankara 2025-02-11
2024-08-16 17:55:34+00:00,👤 Ankara 2025-01-17
2024-08-16 17:55:24+00:00,👤 Ankara 2024-12-11
2024-08-16 17:55:23+00:00,👤 Ankara 2024-11-19
2024-08-16 17:50:19+00:00,👤 Ankara 2025-04-15
2024-08-16 17:50:18+00:00,👤 Ankara 2025-03-07
2024-08-16 17:47:12+00:00,👤 Ankara 2025-04-21
2024-08-16 17:45:52+00:00,👤 Ankara 2025-02-06
2024-08-16 17:45:42+00:00,👤 Ankara 2025-01-28
2024-08-16 17:45:25+00:00,👤 Ankara 2024-11-07
2024-08-16 17:45:18+00:00,👤 Ankara 2024-10-31
2024-08-16 17:45:17+00:00,👤 Ankara 2024-10-08
2024-08-16 17:40:38+00:00,👤 Ankara 2025-03-27
2024-08-16 17:40:17+00:00,👤 Ankara 2024-11-14
2024-08-16 17:40:16+00:00,👤 Ankara 2024-10-07
2024-08-16 17:38:02+00:00,👤 Ankara 2025-04-22
2024-08-16 17:38:02+00:00,👤 Ankara 2025-04-16
2024-08-16 17:35:49+00:00,👤 Ankara 2025-03-17
2024-08-16 17:35:32+00:00,👤 Ankara 2025-02-07
2024-08-16 17:35:19+00:00,👤 Ankara 2024-11-21
2024-08-16 17:35:18+00:00,👤 Ankara 2024-11-20
2024-08-16 17:35:17+00:00,👤 İstanbul 2025-01-27
2024-08-16 17:31:35+00:00,👤 Ankara 2025-03-10
2024-08-16 17:30:47+00:00,👤 Ankara 2025-01-13
2024-08-16 17:30:26+00:00,👤 Ankara 2024-11-15
2024-08-16 17:30:19+00:00,👤 Ankara 2024-12-16
2024-08-16 17:30:18+00:00,👤 Ankara 2024-11-12
2024-08-16 17:27:05+00:00,👤 Ankara 2025-04-08
2024-08-16 17:27:04+00:00,👤 Ankara 2025-03-17
2024-08-16 17:25:42+00:00,👤 Ankara 2024-12-18
2024-08-16 17:25:28+00:00,👤 Ankara 2024-11-13
2024-08-16 17:25:18+00:00,👤 Ankara 2024-11-07
2024-08-16 17:25:18+00:00,👤 Ankara 2024-10-17
2024-08-16 17:20:43+00:00,👤 Ankara 2024-12-11
2024-08-16 17:20:22+00:00,👤 Ankara 2024-11-20
2024-08-16 17:20:21+00:00,👤 Ankara 2024-11-05
2024-08-16 17:15:30+00:00,👤 Ankara 2025-02-11
2024-08-16 17:15:22+00:00,👤 Ankara 2025-01-10
2024-08-16 17:15:18+00:00,👤 Ankara 2024-10-15
2024-08-16 17:15:17+00:00,👤 Ankara 2024-10-07
2024-08-16 17:10:25+00:00,👤 Ankara 2025-04-15
2024-08-16 17:10:22+00:00,👤 Ankara 2025-03-17
2024-08-16 17:10:21+00:00,👤 Ankara 2024-10-01
2024-08-16 17:05:22+00:00,👤 Ankara 2025-04-18
2024-08-16 17:05:22+00:00,👤 Ankara 2025-02-06
2024-08-16 17:05:19+00:00,👤 İstanbul 2025-01-21
2024-08-16 17:05:17+00:00,👥 Ankara 2025-02-06
2024-08-16 17:01:44+00:00,👤 Ankara 2025-04-24
2024-08-16 17:01:43+00:00,👤 Ankara 2025-02-07
2024-08-16 17:00:21+00:00,👤 Ankara 2025-01-13
2024-08-16 17:00:20+00:00,👤 Ankara 2024-12-17
2024-08-16 16:56:24+00:00,👤 Ankara 2025-04-18
2024-08-16 16:55:51+00:00,👤 Ankara 2025-04-14
2024-08-16 16:55:40+00:00,👤 Ankara 2025-01-24
2024-08-16 16:55:22+00:00,👤 Ankara 2025-01-23
2024-08-16 16:55:21+00:00,👤 Ankara 2025-01-21
2024-08-16 16:55:15+00:00,👥 Ankara 2025-04-14
2024-08-16 16:55:14+00:00,👥 Ankara 2025-02-05
2024-08-16 16:51:26+00:00,👤 Ankara 2025-03-18
2024-08-16 16:50:54+00:00,👤 Ankara 2025-01-23
2024-08-16 16:50:42+00:00,👤 Ankara 2025-01-13
2024-08-16 16:50:39+00:00,👤 Ankara 2024-12-16
2024-08-16 16:50:31+00:00,👤 Ankara 2024-11-22
2024-08-16 16:50:22+00:00,👤 Ankara 2024-11-12
2024-08-16 16:50:21+00:00,👤 Ankara 2024-11-01
2024-08-16 16:50:19+00:00,👥 Ankara 2024-12-16
2024-08-16 16:45:50+00:00,👤 Ankara 2025-04-16
2024-08-16 16:45:25+00:00,👥 Ankara 2025-04-16
2024-08-16 16:45:24+00:00,👥 Ankara 2025-02-28
2024-08-16 16:45:18+00:00,👤 Ankara 2025-02-28
2024-08-16 16:45:17+00:00,👤 Ankara 2024-11-19
2024-08-16 16:40:29+00:00,👥 Ankara 2025-03-13
2024-08-16 16:40:26+00:00,👤 Ankara 2024-11-19
2024-08-16 16:40:17+00:00,👤 Ankara 2024-11-12
2024-08-16 16:40:16+00:00,👤 Ankara 2024-10-22
2024-08-16 16:35:35+00:00,👤 Ankara 2024-12-09
2024-08-16 16:35:29+00:00,👤 Ankara 2024-11-21
2024-08-16 16:35:25+00:00,👤 Ankara 2024-10-25
2024-08-16 16:35:24+00:00,👤 Ankara 2024-09-26
2024-08-16 16:30:46+00:00,👤 Ankara 2024-10-21
2024-08-16 16:30:40+00:00,👤 Ankara 2025-03-14
2024-08-16 16:30:30+00:00,👤 Ankara 2024-11-13
2024-08-16 16:30:30+00:00,👤 Ankara 2024-11-12
2024-08-16 16:30:19+00:00,👤 İstanbul 2025-01-13
2024-08-16 16:30:18+00:00,👥 Ankara 2024-11-12
2024-08-16 16:25:56+00:00,👤 Ankara 2025-03-03
2024-08-16 16:25:46+00:00,👤 Ankara 2025-02-27
2024-08-16 16:25:45+00:00,👤 Ankara 2024-12-18
2024-08-16 16:25:25+00:00,👥 Ankara 2025-05-09
2024-08-16 16:25:24+00:00,👥 Ankara 2025-02-27
2024-08-16 16:25:21+00:00,👤 Ankara 2024-11-19
2024-08-16 16:25:20+00:00,👤 Ankara 2024-11-14
2024-08-16 16:20:44+00:00,👤 Ankara 2025-04-08
2024-08-16 16:20:43+00:00,👤 Ankara 2025-02-18
2024-08-16 16:20:18+00:00,👤 Ankara 2025-02-06
2024-08-16 16:20:17+00:00,👤 Ankara 2024-11-07
2024-08-16 16:15:40+00:00,👤 Ankara 2025-02-14
2024-08-16 16:15:32+00:00,👤 Ankara 2025-01-13
2024-08-16 16:15:19+00:00,👤 Ankara 2025-01-09
2024-08-16 16:15:18+00:00,👤 Ankara 2024-11-04
2024-08-16 16:11:53+00:00,👤 Ankara 2025-05-12
2024-08-16 16:11:53+00:00,👤 Ankara 2025-05-08
2024-08-16 16:10:48+00:00,👤 Ankara 2025-04-07
2024-08-16 16:10:35+00:00,👤 Ankara 2025-03-20
2024-08-16 16:10:21+00:00,👥 Ankara 2025-05-08
2024-08-16 16:10:20+00:00,👤 Ankara 2025-02-06
2024-08-16 16:10:20+00:00,👥 Ankara 2024-11-07
2024-08-16 16:10:20+00:00,👤 Ankara 2024-11-07
2024-08-16 16:05:35+00:00,👤 Ankara 2025-03-19
2024-08-16 16:05:21+00:00,👤 Ankara 2025-01-27
2024-08-16 16:05:20+00:00,👤 Ankara 2024-11-22
2024-08-16 16:05:16+00:00,👥 Ankara 2025-01-27
2024-08-16 15:40:28+00:00,👥 Ankara 2024-12-13
2024-08-16 15:40:24+00:00,👥 Ankara 2025-02-27
2024-08-16 15:40:24+00:00,👥 Ankara 2025-02-10
2024-08-16 15:40:18+00:00,👤 İstanbul 2025-01-24
2024-08-16 15:35:53+00:00,👤 Ankara 2025-04-22
2024-08-16 15:35:37+00:00,👤 Ankara 2025-01-21
2024-08-16 15:35:30+00:00,👤 Ankara 2024-11-18
2024-08-16 15:35:30+00:00,👤 Ankara 2024-11-13
2024-08-16 15:35:17+00:00,👥 Ankara 2024-11-13
2024-08-16 15:30:56+00:00,👤 Ankara 2025-05-12
2024-08-16 15:30:33+00:00,👤 Ankara 2025-05-06
2024-08-16 15:30:19+00:00,👤 Ankara 2025-01-16
2024-08-16 15:30:18+00:00,👤 Ankara 2024-11-15
2024-08-16 15:25:54+00:00,👤 Ankara 2025-04-10
2024-08-16 15:25:21+00:00,👤 Ankara 2025-04-08
2024-08-16 15:25:21+00:00,👤 Ankara 2025-04-07
2024-08-16 15:25:19+00:00,👥 Ankara 2025-04-24
2024-08-16 15:20:46+00:00,👤 Ankara 2025-02-28
2024-08-16 15:20:39+00:00,👤 Ankara 2025-01-31
2024-08-16 15:20:20+00:00,👥 Ankara 2025-05-05
2024-08-16 15:20:18+00:00,👤 Ankara 2024-11-14
2024-08-16 15:20:18+00:00,👤 Ankara 2024-11-01
2024-08-16 15:15:56+00:00,👤 Ankara 2025-04-25
2024-08-16 15:15:45+00:00,👤 Ankara 2025-04-18
2024-08-16 15:15:44+00:00,👤 Ankara 2025-02-27
2024-08-16 15:15:24+00:00,👥 İstanbul 2025-01-31
2024-08-16 15:15:23+00:00,👤 Ankara 2025-02-14
2024-08-16 15:15:22+00:00,👤 Ankara 2025-01-24
2024-08-16 15:15:18+00:00,👥 Ankara 2025-01-24
2024-08-16 15:15:16+00:00,👤 İstanbul 2025-01-31
2024-08-16 15:15:15+00:00,👥 Ankara 2025-04-28
2024-08-16 15:10:43+00:00,👤 Ankara 2025-03-24
2024-08-16 15:10:18+00:00,👤 Ankara 2025-03-19
2024-08-16 15:10:17+00:00,👤 Ankara 2025-02-27
2024-08-16 15:05:47+00:00,👤 Ankara 2025-01-27
2024-08-16 15:05:46+00:00,👤 Ankara 2025-01-15
2024-08-16 15:05:24+00:00,👤 Ankara 2024-11-19
2024-08-16 15:05:24+00:00,👤 Ankara 2024-10-15
2024-08-16 15:05:17+00:00,👤 İstanbul 2025-01-24
2024-08-16 15:00:45+00:00,👤 Ankara 2025-04-18
2024-08-16 15:00:44+00:00,👤 Ankara 2025-02-24
2024-08-16 15:00:39+00:00,👤 Ankara 2025-01-15
2024-08-16 15:00:22+00:00,👤 Ankara 2025-01-13
2024-08-16 15:00:21+00:00,👤 İstanbul 2025-01-07
2024-08-16 15:00:21+00:00,👤 Ankara 2025-01-07
2024-08-16 14:55:33+00:00,👤 Ankara 2025-04-10
2024-08-16 14:55:30+00:00,👤 Ankara 2025-03-17
2024-08-16 14:55:26+00:00,👤 Ankara 2024-12-17
2024-08-16 14:55:23+00:00,👤 Ankara 2024-11-06
2024-08-16 14:55:21+00:00,👤 Ankara 2024-10-04
2024-08-16 14:52:49+00:00,👤 Ankara 2025-04-28
2024-08-16 14:52:09+00:00,👤 Ankara 2025-04-17
2024-08-16 14:52:08+00:00,👤 Ankara 2025-04-15
2024-08-16 14:51:40+00:00,👤 Ankara 2025-03-20
2024-08-16 14:50:33+00:00,👤 Ankara 2025-03-03
2024-08-16 14:50:18+00:00,👤 Ankara 2025-02-06
2024-08-16 14:50:17+00:00,👤 Ankara 2024-11-05
2024-08-16 14:45:42+00:00,👤 Ankara 2025-05-08
2024-08-16 14:45:36+00:00,👤 Ankara 2024-10-15
2024-08-16 14:45:32+00:00,👤 Ankara 2025-01-02
2024-08-16 14:45:31+00:00,👤 Ankara 2024-11-01
2024-08-16 14:40:37+00:00,👤 Ankara 2025-03-18
2024-08-16 14:40:33+00:00,👤 Ankara 2025-01-31
2024-08-16 14:40:19+00:00,👤 İstanbul 2025-01-27
2024-08-16 14:40:17+00:00,👤 Ankara 2024-11-04
2024-08-16 14:40:17+00:00,👤 Ankara 2024-10-21
2024-08-16 14:35:21+00:00,👤 Ankara 2025-02-12
2024-08-16 14:35:21+00:00,👤 Ankara 2024-12-19
2024-08-16 14:30:58+00:00,👤 Ankara 2025-04-28
2024-08-16 14:30:56+00:00,👤 Ankara 2025-04-21
2024-08-16 14:30:39+00:00,👤 Ankara 2024-11-19
2024-08-16 14:30:30+00:00,👤 Ankara 2024-11-15
2024-08-16 14:30:21+00:00,👤 Ankara 2024-11-12
2024-08-16 14:30:20+00:00,👤 Ankara 2024-11-07
2024-08-16 14:25:49+00:00,👤 Ankara 2025-01-02
2024-08-16 14:25:37+00:00,👤 Ankara 2024-12-19
2024-08-16 14:25:21+00:00,👤 Ankara 2024-11-12
2024-08-16 14:25:20+00:00,👤 Ankara 2024-11-08
2024-08-16 14:20:57+00:00,👤 Ankara 2025-03-10
2024-08-16 14:20:21+00:00,👤 Ankara 2025-02-12
2024-08-16 14:20:20+00:00,👤 Ankara 2024-11-13
2024-08-16 14:15:54+00:00,👤 Ankara 2025-04-11
2024-08-16 14:15:35+00:00,👤 Ankara 2025-04-07
2024-08-16 14:15:30+00:00,👤 Ankara 2025-03-25
2024-08-16 14:15:20+00:00,👤 Ankara 2025-01-27
2024-08-16 14:15:20+00:00,👤 Ankara 2024-11-14
2024-08-16 14:15:19+00:00,👥 Ankara 2025-04-11
2024-08-16 14:15:19+00:00,👥 Ankara 2025-01-27
2024-08-16 14:11:50+00:00,👤 Ankara 2025-04-24
2024-08-16 14:10:57+00:00,👤 Ankara 2025-04-22
2024-08-16 14:10:40+00:00,👤 Ankara 2025-02-03
2024-08-16 14:10:23+00:00,👤 Ankara 2024-09-20
2024-08-16 14:10:18+00:00,👤 Ankara 2025-01-08
2024-08-16 14:10:17+00:00,👤 Ankara 2024-12-11
2024-08-16 14:05:27+00:00,👥 Ankara 2025-03-05
2024-08-16 14:05:26+00:00,👤 Ankara 2025-03-05
2024-08-16 14:05:25+00:00,👤 Ankara 2024-12-20
2024-08-16 14:01:55+00:00,👤 Ankara 2025-05-08
2024-08-16 14:01:54+00:00,👤 Ankara 2025-04-30
2024-08-16 14:01:27+00:00,👤 Ankara 2025-04-29
2024-08-16 14:00:57+00:00,👤 Ankara 2025-04-21
2024-08-16 14:00:53+00:00,👤 Ankara 2025-02-18
2024-08-16 14:00:42+00:00,👤 Ankara 2025-01-24
2024-08-16 14:00:23+00:00,👤 Ankara 2024-11-20
2024-08-16 14:00:23+00:00,👥 Ankara 2025-03-19
2024-08-16 14:00:22+00:00,👥 Ankara 2025-01-27
2024-08-16 14:00:19+00:00,👤 Ankara 2025-03-19
2024-08-16 14:00:19+00:00,👤 Ankara 2024-11-12
2024-08-16 13:57:10+00:00,👥 Ankara 2025-04-21
2024-08-16 13:55:41+00:00,👤 Ankara 2025-01-14
2024-08-16 13:55:40+00:00,👤 Ankara 2025-01-09
2024-08-16 13:55:35+00:00,👥 Ankara 2025-04-07
2024-08-16 13:55:33+00:00,👥 Ankara 2025-03-18
2024-08-16 13:55:19+00:00,👤 Ankara 2024-11-18
2024-08-16 13:55:18+00:00,👤 Ankara 2024-10-16
2024-08-16 13:55:18+00:00,👤 İstanbul 2025-01-27
2024-08-16 13:55:17+00:00,👥 Ankara 2025-01-14
2024-08-16 13:55:16+00:00,👥 Ankara 2024-11-18
2024-08-16 13:51:26+00:00,👤 Ankara 2025-04-16
2024-08-16 13:50:51+00:00,👤 Ankara 2025-04-15
2024-08-16 13:50:40+00:00,👤 Ankara 2025-04-10
2024-08-16 13:50:34+00:00,👥 Ankara 2025-04-15
2024-08-16 13:50:34+00:00,👥 Ankara 2025-04-10
2024-08-16 13:50:17+00:00,👤 Ankara 2025-03-19
2024-08-16 13:50:17+00:00,👤 Ankara 2025-01-10
2024-08-16 13:45:49+00:00,👤 Ankara 2025-04-30
2024-08-16 13:45:35+00:00,👥 Ankara 2025-05-07
2024-08-16 13:45:24+00:00,👤 Ankara 2025-01-15
2024-08-16 13:45:23+00:00,👤 Ankara 2025-01-13
2024-08-16 13:45:21+00:00,👥 Ankara 2025-04-30
2024-08-16 13:45:20+00:00,👥 Ankara 2025-04-18
2024-08-16 13:40:26+00:00,👥 Ankara 2025-04-17
2024-08-16 13:40:19+00:00,👤 Ankara 2025-04-17
2024-08-16 13:40:18+00:00,👤 Ankara 2025-02-12
2024-08-16 13:35:24+00:00,👤 Ankara 2025-01-13
2024-08-16 13:35:23+00:00,👤 Ankara 2024-12-17
2024-08-16 13:31:47+00:00,👤 Ankara 2025-04-18
2024-08-16 13:30:43+00:00,👤 Ankara 2025-02-18
2024-08-16 13:30:32+00:00,👤 Ankara 2025-01-16
2024-08-16 13:30:24+00:00,👤 Ankara 2024-11-21
2024-08-16 13:30:23+00:00,👤 Ankara 2024-11-12
2024-08-16 13:30:18+00:00,👥 Ankara 2025-01-16
2024-08-16 13:25:25+00:00,👤 Ankara 2025-03-05
2024-08-16 13:25:18+00:00,👤 Ankara 2025-02-05
2024-08-16 13:25:17+00:00,👤 Ankara 2024-11-14
2024-08-16 13:20:55+00:00,👤 Ankara 2025-05-12
2024-08-16 13:20:47+00:00,👤 Ankara 2025-03-19
2024-08-16 13:20:21+00:00,👤 Ankara 2024-11-13
2024-08-16 13:20:20+00:00,👥 Ankara 2025-03-19
2024-08-16 13:20:19+00:00,👥 Ankara 2024-11-13
2024-08-16 13:20:17+00:00,👤 Ankara 2025-02-05
2024-08-16 13:20:16+00:00,👤 Ankara 2024-11-12
2024-08-16 13:15:56+00:00,👤 Ankara 2025-05-06
2024-08-16 13:15:44+00:00,👤 Ankara 2025-04-08
2024-08-16 13:15:28+00:00,👤 Ankara 2025-04-07
2024-08-16 13:15:26+00:00,👤 Ankara 2025-01-09
2024-08-16 13:15:25+00:00,👤 Ankara 2024-11-05
2024-08-16 13:15:18+00:00,👤 İstanbul 2025-01-27
2024-08-16 13:10:22+00:00,👤 Ankara 2024-09-13
2024-08-16 13:10:18+00:00,👤 İstanbul 2025-01-13
2024-08-16 13:05:46+00:00,👤 Ankara 2025-05-06
2024-08-16 13:05:18+00:00,👤 İstanbul 2025-01-21
2024-08-16 13:05:17+00:00,👤 Ankara 2025-05-05
2024-08-16 13:05:16+00:00,👤 Ankara 2025-04-21
2024-08-16 13:05:15+00:00,👥 Ankara 2025-04-21
2024-08-16 13:00:29+00:00,👤 Ankara 2024-12-20
2024-08-16 13:00:20+00:00,👥 Ankara 2024-12-20
2024-08-16 13:00:20+00:00,👤 Ankara 2025-03-19
2024-08-16 12:55:43+00:00,👤 Ankara 2025-03-05
2024-08-16 12:55:29+00:00,👤 Ankara 2025-01-13
2024-08-16 12:55:20+00:00,👤 Ankara 2024-11-06
2024-08-16 12:55:19+00:00,👤 Ankara 2024-11-01
2024-08-16 12:50:36+00:00,👤 Ankara 2025-01-17
2024-08-16 12:50:18+00:00,👥 Ankara 2025-01-17
2024-08-16 12:50:18+00:00,👤 Ankara 2024-12-03
2024-08-16 12:50:17+00:00,👥 Ankara 2024-12-03
2024-08-16 12:50:17+00:00,👤 Ankara 2024-11-22
2024-08-16 12:45:57+00:00,👤 Ankara 2025-04-21
2024-08-16 12:45:49+00:00,👤 Ankara 2024-12-17
2024-08-16 12:45:44+00:00,👤 Ankara 2024-12-16
2024-08-16 12:45:32+00:00,👤 Ankara 2024-12-02
2024-08-16 12:45:25+00:00,👤 Ankara 2024-10-24
2024-08-16 12:45:19+00:00,👥 Ankara 2025-02-06
2024-08-16 12:45:18+00:00,👤 Ankara 2024-10-11
2024-08-16 12:45:17+00:00,👤 İstanbul 2025-01-14
2024-08-16 12:45:17+00:00,👤 Ankara 2024-10-10
2024-08-16 12:40:36+00:00,👤 Ankara 2025-05-05
2024-08-16 12:40:18+00:00,👤 Ankara 2024-11-14
2024-08-16 12:40:17+00:00,👤 Ankara 2024-11-07
2024-08-16 12:36:30+00:00,👤 Ankara 2025-04-22
2024-08-16 12:35:41+00:00,👤 Ankara 2025-04-17
2024-08-16 12:35:22+00:00,👤 Ankara 2025-03-27
2024-08-16 12:35:21+00:00,👤 Ankara 2025-03-04
2024-08-16 12:31:46+00:00,👤 Ankara 2025-05-05
2024-08-16 12:30:58+00:00,👤 Ankara 2025-02-05
2024-08-16 12:30:43+00:00,👤 Ankara 2025-01-13
2024-08-16 12:30:41+00:00,👤 Ankara 2025-01-07
2024-08-16 12:30:31+00:00,👤 Ankara 2024-12-06
2024-08-16 12:30:26+00:00,👤 Ankara 2024-11-21
2024-08-16 12:30:20+00:00,👤 Ankara 2024-11-19
2024-08-16 12:30:19+00:00,👤 Ankara 2024-11-15
2024-08-16 12:25:53+00:00,👤 Ankara 2025-04-25
2024-08-16 12:25:44+00:00,👤 Ankara 2025-03-13
2024-08-16 12:25:26+00:00,👤 Ankara 2025-01-10
2024-08-16 12:25:20+00:00,👤 Ankara 2024-11-20
2024-08-16 12:25:19+00:00,👤 Ankara 2024-11-13
2024-08-16 12:25:18+00:00,👥 Ankara 2025-03-13
2024-08-16 12:25:18+00:00,👤 İstanbul 2025-01-27
2024-08-16 12:20:55+00:00,👤 Ankara 2025-04-21
2024-08-16 12:20:54+00:00,👤 Ankara 2025-03-13
2024-08-16 12:20:45+00:00,👤 Ankara 2025-02-11
2024-08-16 12:20:34+00:00,👤 Ankara 2024-11-15
2024-08-16 12:20:30+00:00,👤 Ankara 2024-11-01
2024-08-16 12:20:20+00:00,👤 Ankara 2024-10-22
2024-08-16 12:20:19+00:00,👤 Ankara 2024-10-17
2024-08-16 12:16:34+00:00,👤 Ankara 2025-04-18
2024-08-16 12:15:55+00:00,👤 Ankara 2025-04-08
2024-08-16 12:15:40+00:00,👤 Ankara 2025-03-13
2024-08-16 12:15:17+00:00,👤 Ankara 2025-02-06
2024-08-16 12:15:16+00:00,👤 Ankara 2024-10-30
2024-08-16 12:10:48+00:00,👤 Ankara 2025-02-07
2024-08-16 12:10:33+00:00,👤 Ankara 2025-01-27
2024-08-16 12:10:18+00:00,👤 Ankara 2024-11-19
2024-08-16 12:10:17+00:00,👤 Ankara 2024-11-01
2024-08-16 12:05:31+00:00,👤 Ankara 2025-04-15
2024-08-16 12:05:22+00:00,👤 Ankara 2024-11-05
2024-08-16 12:05:21+00:00,👤 Ankara 2024-10-21
2024-08-16 12:00:39+00:00,👤 Ankara 2025-04-08
2024-08-16 12:00:30+00:00,👤 Ankara 2025-02-06
2024-08-16 12:00:25+00:00,👤 Ankara 2025-01-09
2024-08-16 12:00:24+00:00,👤 Ankara 2024-11-14
2024-08-16 11:55:22+00:00,👤 Ankara 2025-01-30
2024-08-16 11:55:21+00:00,👤 Ankara 2024-12-18
2024-08-16 11:50:16+00:00,👤 Ankara 2024-10-30
2024-08-16 11:35:34+00:00,👤 Ankara 2025-05-06
2024-08-16 11:35:33+00:00,👤 Ankara 2025-01-27
2024-08-16 11:35:27+00:00,👤 Ankara 2024-09-26
2024-08-16 11:30:48+00:00,👤 Ankara 2025-04-28
2024-08-16 11:30:24+00:00,👤 Ankara 2025-04-24
2024-08-16 11:30:22+00:00,👤 Ankara 2025-04-21
2024-08-16 11:30:18+00:00,👤 Ankara 2024-12-09
2024-08-16 11:25:27+00:00,👤 Ankara 2025-04-25
2024-08-16 11:25:21+00:00,👤 Ankara 2025-04-11
2024-08-16 11:25:19+00:00,👤 Ankara 2024-10-30
2024-08-16 11:20:19+00:00,👤 Ankara 2024-10-24
2024-08-16 11:15:21+00:00,👤 Ankara 2025-04-07
2024-08-16 11:15:20+00:00,👤 Ankara 2025-02-25
2024-08-16 11:10:21+00:00,👤 Ankara 2025-05-12
2024-08-16 11:10:20+00:00,👤 Ankara 2024-10-09
2024-08-16 11:05:18+00:00,👤 Ankara 2025-03-18
2024-08-16 10:55:18+00:00,👤 Ankara 2025-02-28
2024-08-16 10:55:17+00:00,👤 Ankara 2024-11-07
2024-08-16 10:50:25+00:00,👤 Ankara 2025-05-08
2024-08-16 10:50:22+00:00,👥 Ankara 2025-05-08
2024-08-16 10:50:20+00:00,👤 Ankara 2025-04-22
2024-08-16 10:50:20+00:00,👤 Ankara 2024-10-25
2024-08-16 10:45:57+00:00,👤 Ankara 2025-04-29
2024-08-16 10:45:32+00:00,👤 Ankara 2025-03-27
2024-08-16 10:45:19+00:00,👤 Ankara 2025-02-20
2024-08-16 10:45:18+00:00,👤 Ankara 2024-11-14
2024-08-16 10:45:16+00:00,👥 Ankara 2025-04-29
2024-08-16 10:40:22+00:00,👤 Ankara 2024-11-05
2024-08-16 10:35:40+00:00,👤 Ankara 2025-04-17
2024-08-16 10:35:21+00:00,👤 Ankara 2025-02-12
2024-08-16 10:35:16+00:00,👤 Ankara 2024-11-01
2024-08-16 10:35:15+00:00,👤 Ankara 2024-09-23
2024-08-16 10:31:29+00:00,👤 Ankara 2025-04-08
2024-08-16 10:30:38+00:00,👤 Ankara 2025-03-19
2024-08-16 10:30:21+00:00,👤 Ankara 2025-03-13
2024-08-16 10:30:20+00:00,👤 Ankara 2025-02-11
2024-08-16 10:25:19+00:00,👤 Ankara 2025-04-28
2024-08-16 10:20:20+00:00,👤 Ankara 2025-03-11
2024-08-16 10:20:20+00:00,👤 Ankara 2024-11-18
2024-08-16 10:15:43+00:00,👤 Ankara 2025-05-06
2024-08-16 10:15:24+00:00,👤 Ankara 2025-04-22
2024-08-16 10:15:24+00:00,👤 Ankara 2025-02-28
2024-08-16 10:10:22+00:00,👤 İstanbul 2025-03-04
2024-08-16 10:10:21+00:00,👤 Ankara 2025-03-25
2024-08-16 10:05:16+00:00,👤 Ankara 2025-04-22
2024-08-16 10:05:15+00:00,👤 Ankara 2025-04-11
2024-08-16 10:01:39+00:00,👤 Ankara 2025-04-11
2024-08-16 10:00:55+00:00,👤 Ankara 2025-01-03
2024-08-16 09:55:19+00:00,👤 Ankara 2025-02-10
2024-08-16 09:50:58+00:00,👤 Ankara 2025-04-18
2024-08-16 09:50:44+00:00,👤 Ankara 2025-04-07
2024-08-16 09:50:19+00:00,👤 Ankara 2025-03-03
2024-08-16 09:50:18+00:00,👤 Ankara 2025-02-19
2024-08-16 09:45:30+00:00,👤 Ankara 2024-10-21
2024-08-16 09:40:16+00:00,👤 Ankara 2025-05-05
2024-08-16 09:35:40+00:00,👤 Ankara 2025-05-12
2024-08-16 09:35:32+00:00,👤 Ankara 2025-04-10
2024-08-16 09:35:18+00:00,👤 Ankara 2025-03-24
2024-08-16 09:35:17+00:00,👤 Ankara 2024-09-19
2024-08-16 09:30:24+00:00,👤 Ankara 2025-01-28
2024-08-16 09:25:49+00:00,👤 Ankara 2025-05-07
2024-08-16 09:25:48+00:00,👤 Ankara 2025-05-05
2024-08-16 09:25:34+00:00,👤 Ankara 2025-02-07
2024-08-16 09:25:24+00:00,👤 Ankara 2024-11-08
2024-08-16 09:25:23+00:00,👤 Ankara 2024-10-18
2024-08-16 09:25:20+00:00,👤 İstanbul 2025-02-25
2024-08-16 09:20:26+00:00,👤 İstanbul 2025-02-25
2024-08-16 09:20:17+00:00,👤 Ankara 2025-03-24
2024-08-16 09:15:20+00:00,👤 Ankara 2024-10-30
2024-08-16 09:10:49+00:00,👤 Ankara 2025-05-06
2024-08-16 09:10:37+00:00,👤 Ankara 2025-04-14
2024-08-16 09:10:33+00:00,👤 Ankara 2024-12-18
2024-08-16 09:10:18+00:00,👤 Ankara 2024-11-18
2024-08-16 09:10:17+00:00,👤 Ankara 2024-11-01
2024-08-16 09:05:16+00:00,👤 Ankara 2025-04-28
2024-08-16 09:00:24+00:00,👤 Ankara 2025-01-31
2024-08-16 09:00:23+00:00,👤 Ankara 2024-10-09
2024-08-16 08:55:21+00:00,👤 Ankara 2025-04-11
2024-08-16 08:50:21+00:00,👤 Ankara 2024-10-15
2024-08-16 08:45:57+00:00,👤 Ankara 2025-04-24
2024-08-16 08:45:51+00:00,👤 Ankara 2025-04-16
2024-08-16 08:45:25+00:00,👤 Ankara 2025-03-14
2024-08-16 08:45:24+00:00,👤 Ankara 2025-02-27
2024-08-16 08:40:19+00:00,👤 Ankara 2025-04-08
2024-08-16 08:40:18+00:00,👤 Ankara 2025-03-05
2024-08-16 08:35:15+00:00,👤 Ankara 2025-04-18
2024-08-16 08:25:18+00:00,👤 Ankara 2025-04-25
2024-08-16 08:20:21+00:00,👤 Ankara 2025-01-28
2024-08-16 08:20:20+00:00,👤 Ankara 2025-01-21
2024-08-16 08:20:18+00:00,👥 Ankara 2025-01-28
2024-08-16 08:15:39+00:00,👤 Ankara 2025-04-10
2024-08-16 08:15:17+00:00,👤 Ankara 2025-04-07
2024-08-16 08:15:17+00:00,👤 Ankara 2025-02-27
2024-08-16 08:10:31+00:00,👤 Ankara 2025-04-18
2024-08-16 08:10:19+00:00,👤 Ankara 2025-01-31
2024-08-16 08:10:19+00:00,👤 Ankara 2024-11-05
2024-08-16 08:06:41+00:00,👤 Ankara 2024-11-22
2024-08-16 08:06:37+00:00,👥 Ankara 2024-11-22
2024-08-16 08:05:19+00:00,👤 İstanbul 2025-01-14
2024-08-16 08:05:15+00:00,👤 Ankara 2024-11-21
2024-08-16 08:03:28+00:00,👥 Ankara 2024-11-21
2024-08-16 08:01:40+00:00,👥 Ankara 2024-11-20
2024-08-16 08:01:26+00:00,👤 Ankara 2024-11-20
2024-08-16 08:00:20+00:00,👤 İstanbul 2025-02-25
2024-08-16 07:58:42+00:00,👥 Ankara 2024-11-19
2024-08-16 07:57:53+00:00,👤 Ankara 2024-11-19
2024-08-16 07:57:33+00:00,👥 Ankara 2024-11-18
2024-08-16 07:57:12+00:00,👤 Ankara 2024-11-18
2024-08-16 07:55:16+00:00,👤 Ankara 2024-11-15
2024-08-16 07:55:10+00:00,👥 Ankara 2024-11-15
2024-08-16 07:55:10+00:00,👥 Ankara 2024-11-14
2024-08-16 07:53:28+00:00,👤 Ankara 2024-11-14
2024-08-16 07:53:28+00:00,👤 Ankara 2024-11-13
2024-08-16 07:50:16+00:00,👤 Ankara 2024-11-14
2024-08-16 07:50:12+00:00,👥 Ankara 2024-11-14
2024-08-16 07:47:20+00:00,👥 Ankara 2024-11-13
2024-08-16 07:47:16+00:00,👤 Ankara 2024-11-13
2024-08-16 07:47:12+00:00,👥 Ankara 2024-11-12
2024-08-16 07:47:12+00:00,👤 Ankara 2024-11-12
2024-08-16 07:45:20+00:00,👤 Ankara 2025-03-17
2024-08-16 07:45:19+00:00,👤 Ankara 2024-10-24
2024-08-16 07:45:17+00:00,👥 Ankara 2025-03-17
2024-08-16 07:45:16+00:00,👤 İstanbul 2025-01-07
2024-08-16 07:35:16+00:00,👤 Ankara 2025-03-20
2024-08-16 07:30:21+00:00,👤 İstanbul 2025-03-18
2024-08-16 07:30:18+00:00,👤 Ankara 2025-01-21
2024-08-16 07:30:17+00:00,👤 Ankara 2025-05-09
2024-08-16 07:25:40+00:00,👤 Ankara 2025-05-08
2024-08-16 07:25:21+00:00,👤 Ankara 2025-04-28
2024-08-16 07:25:18+00:00,👤 Ankara 2025-04-16
2024-08-16 07:25:17+00:00,👤 Ankara 2024-10-31
2024-08-16 07:20:22+00:00,👤 Ankara 2025-03-10
2024-08-16 07:20:20+00:00,👥 Ankara 2025-03-25
2024-08-16 07:20:16+00:00,👤 Ankara 2025-01-02
2024-08-16 07:20:16+00:00,👤 Ankara 2024-11-07
2024-08-16 07:15:55+00:00,👤 Ankara 2025-05-12
2024-08-16 07:15:21+00:00,👤 Ankara 2025-04-22
2024-08-16 07:15:21+00:00,👤 Ankara 2025-04-07
2024-08-16 07:10:42+00:00,👤 Ankara 2025-02-24
2024-08-16 07:10:27+00:00,👤 Ankara 2025-01-27
2024-08-16 07:10:26+00:00,👤 Ankara 2025-01-13
2024-08-16 07:10:21+00:00,👤 Ankara 2024-12-16
2024-08-16 07:10:20+00:00,👤 Ankara 2024-10-24
2024-08-16 07:10:18+00:00,👥 Ankara 2025-01-27
2024-08-16 07:05:22+00:00,👤 Ankara 2024-10-18
2024-08-16 06:55:20+00:00,👤 Ankara 2024-12-03
2024-08-16 06:50:18+00:00,👤 Ankara 2025-04-10
2024-08-16 06:50:09+00:00,👤 Ankara 2024-10-25
2024-08-16 06:45:23+00:00,👤 Ankara 2025-05-09
2024-08-16 06:45:17+00:00,👤 Ankara 2025-04-15
2024-08-16 06:45:16+00:00,👤 Ankara 2024-10-01
2024-08-16 06:45:15+00:00,👥 Ankara 2025-04-15
2024-08-16 06:40:49+00:00,👤 Ankara 2025-04-25
2024-08-16 06:40:31+00:00,👤 Ankara 2025-04-24
2024-08-16 06:40:23+00:00,👤 Ankara 2025-02-07
2024-08-16 06:40:17+00:00,👤 Ankara 2025-01-13
2024-08-16 06:40:17+00:00,👤 Ankara 2024-10-08
2024-08-16 06:35:17+00:00,👤 Ankara 2025-04-15
2024-08-16 06:35:17+00:00,👤 Ankara 2024-10-22
2024-08-16 06:30:40+00:00,👤 Ankara 2025-01-17
2024-08-16 06:30:31+00:00,👤 Ankara 2025-01-13
2024-08-16 06:30:23+00:00,👤 Ankara 2024-12-19
2024-08-16 06:30:23+00:00,👤 Ankara 2024-10-30
2024-08-16 06:25:19+00:00,👤 Ankara 2025-05-09
2024-08-16 06:15:40+00:00,👤 Ankara 2025-05-09
2024-08-16 06:15:36+00:00,👤 Ankara 2025-04-22
2024-08-16 06:15:26+00:00,👤 Ankara 2024-11-07
2024-08-16 06:15:20+00:00,👤 Ankara 2024-10-31
2024-08-16 06:15:19+00:00,👤 Ankara 2024-10-09
2024-08-16 06:15:17+00:00,👤 İstanbul 2025-01-21
2024-08-16 06:05:36+00:00,👤 Ankara 2025-04-21
2024-08-16 06:05:32+00:00,👤 Ankara 2025-04-18
2024-08-16 06:05:29+00:00,👤 Ankara 2025-04-16
2024-08-16 06:05:18+00:00,👤 Ankara 2024-10-25
2024-08-16 06:05:17+00:00,👤 Ankara 2024-10-24
2024-08-16 06:00:53+00:00,👤 Ankara 2025-04-17
2024-08-16 06:00:39+00:00,👤 Ankara 2025-04-07
2024-08-16 06:00:25+00:00,👤 Ankara 2025-03-06
2024-08-16 06:00:24+00:00,👤 Ankara 2025-01-13
2024-08-16 05:55:23+00:00,👤 Ankara 2025-04-14
2024-08-16 05:55:23+00:00,👤 Ankara 2025-03-19
2024-08-16 05:50:38+00:00,👤 Ankara 2025-04-15
2024-08-16 05:50:32+00:00,👤 Ankara 2025-04-10
2024-08-16 05:50:26+00:00,👤 Ankara 2025-04-08
2024-08-16 05:50:18+00:00,👤 Ankara 2024-10-24
2024-08-16 05:50:17+00:00,👤 Ankara 2024-10-16
2024-08-16 05:45:44+00:00,👤 Ankara 2025-04-10
2024-08-16 05:45:27+00:00,👤 Ankara 2025-02-25
2024-08-16 05:45:21+00:00,👤 Ankara 2024-11-05
2024-08-16 05:45:19+00:00,👤 Ankara 2024-10-18
2024-08-16 05:40:20+00:00,👤 Ankara 2025-04-21
2024-08-16 05:40:20+00:00,👤 Ankara 2024-10-22
2024-08-16 05:35:19+00:00,👤 Ankara 2025-04-17
2024-08-16 05:30:18+00:00,👤 Ankara 2025-01-07
2024-08-16 05:25:21+00:00,👤 Ankara 2025-03-24
2024-08-16 05:25:16+00:00,👤 Ankara 2025-04-28
2024-08-16 05:20:23+00:00,👤 Ankara 2025-04-16
2024-08-16 05:20:23+00:00,👤 Ankara 2025-02-27
2024-08-16 05:15:20+00:00,👤 Ankara 2024-10-30
2024-08-16 05:10:32+00:00,👤 Ankara 2025-04-16
2024-08-16 05:10:17+00:00,👤 Ankara 2024-12-10
2024-08-16 05:10:17+00:00,👤 Ankara 2024-11-06
2024-08-16 05:05:25+00:00,👤 Ankara 2025-04-08
2024-08-16 05:05:24+00:00,👤 Ankara 2025-03-18
2024-08-16 04:30:23+00:00,👥 Ankara 2025-02-27
2024-08-16 04:15:16+00:00,👥 Ankara 2024-10-10
2024-08-16 04:10:41+00:00,👤 Ankara 2025-04-10
2024-08-16 04:10:40+00:00,👤 Ankara 2025-02-28
2024-08-16 04:10:32+00:00,👤 Ankara 2025-01-23
2024-08-16 04:10:20+00:00,👤 Ankara 2024-12-18
2024-08-16 04:10:17+00:00,👤 Ankara 2024-10-08
2024-08-16 04:10:16+00:00,👤 Ankara 2024-09-24
2024-08-16 04:05:22+00:00,👤 Ankara 2024-11-01
2024-08-16 04:00:24+00:00,👤 Ankara 2025-04-22
2024-08-16 03:55:18+00:00,👤 Ankara 2025-04-08
2024-08-16 03:55:17+00:00,👤 Ankara 2025-01-13
2024-08-16 03:50:51+00:00,👤 Ankara 2025-04-08
2024-08-16 03:50:20+00:00,👤 Ankara 2025-03-11
2024-08-16 03:50:20+00:00,👤 Ankara 2024-11-01
2024-08-16 03:45:40+00:00,👤 Ankara 2025-04-07
2024-08-16 03:45:23+00:00,👤 Ankara 2025-01-27
2024-08-16 03:45:23+00:00,👤 Ankara 2024-10-21
2024-08-16 03:35:24+00:00,👤 Ankara 2024-10-30
2024-08-16 03:35:20+00:00,👤 Ankara 2024-10-18
2024-08-16 03:35:19+00:00,👤 Ankara 2024-10-01
2024-08-16 03:33:13+00:00,👤 Ankara 2025-05-07
2024-08-16 03:30:45+00:00,👤 Ankara 2025-02-21
2024-08-16 03:30:30+00:00,👤 Ankara 2025-02-04
2024-08-16 03:30:29+00:00,👤 Ankara 2025-01-09
2024-08-16 03:25:41+00:00,👤 Ankara 2025-05-05
2024-08-16 03:25:18+00:00,👤 Ankara 2025-04-15
2024-08-16 03:25:17+00:00,👤 Ankara 2025-03-13
2024-08-16 03:20:18+00:00,👤 Ankara 2025-04-10
2024-08-16 03:20:17+00:00,👤 Ankara 2024-11-07
2024-08-16 03:15:21+00:00,👤 Ankara 2025-05-05
2024-08-16 03:15:21+00:00,👤 Ankara 2024-11-06
2024-08-16 03:10:23+00:00,👤 Ankara 2025-03-05
2024-08-16 03:10:17+00:00,👤 Ankara 2025-05-12
2024-08-16 03:10:16+00:00,👤 Ankara 2025-01-27
2024-08-16 03:05:20+00:00,👤 Ankara 2025-02-12
2024-08-16 03:00:22+00:00,👤 Ankara 2025-04-24
2024-08-16 03:00:22+00:00,👤 Ankara 2025-03-07
2024-08-16 02:55:29+00:00,👤 Ankara 2024-11-06
2024-08-16 02:50:23+00:00,👤 Ankara 2025-04-24
2024-08-16 02:50:23+00:00,👤 Ankara 2025-02-25
2024-08-16 02:45:32+00:00,👤 Ankara 2025-04-17
2024-08-16 02:40:17+00:00,👤 İstanbul 2025-01-27
2024-08-16 02:35:53+00:00,👤 Ankara 2024-12-17
2024-08-16 02:35:34+00:00,👤 Ankara 2024-12-16
2024-08-16 02:35:27+00:00,👤 Ankara 2024-12-10
2024-08-16 02:35:17+00:00,👤 Ankara 2024-11-04
2024-08-16 02:35:16+00:00,👤 Ankara 2024-09-26
2024-08-16 02:30:23+00:00,👤 Ankara 2025-02-27
2024-08-16 02:25:19+00:00,👤 İstanbul 2025-01-07
2024-08-16 02:25:15+00:00,👤 Ankara 2024-11-05
2024-08-16 02:20:18+00:00,👤 Ankara 2025-03-27
2024-08-16 02:15:17+00:00,👥 Ankara 2025-03-19
2024-08-16 02:10:18+00:00,👤 İstanbul 2025-01-27
2024-08-16 02:10:18+00:00,👥 Ankara 2025-03-03
2024-08-16 02:05:21+00:00,👥 Ankara 2025-05-06
2024-08-16 01:55:18+00:00,👥 Ankara 2025-04-15
2024-08-16 01:45:17+00:00,👤 İstanbul 2025-01-31
2024-08-16 01:45:17+00:00,👤 İstanbul 2025-01-30
2024-08-16 01:40:18+00:00,👥 Ankara 2025-03-19
2024-08-16 01:25:20+00:00,👤 Ankara 2025-05-05
2024-08-16 01:25:19+00:00,👤 Ankara 2025-04-18
2024-08-16 01:20:45+00:00,👤 Ankara 2025-01-03
2024-08-16 01:20:22+00:00,👤 Ankara 2024-10-31
2024-08-16 01:20:21+00:00,👤 Ankara 2024-10-24
2024-08-16 01:20:18+00:00,👤 İstanbul 2025-03-27
2024-08-16 01:15:36+00:00,👤 Ankara 2025-01-30
2024-08-16 01:15:28+00:00,👤 Ankara 2025-01-09
2024-08-16 01:15:22+00:00,👤 Ankara 2024-12-03
2024-08-16 01:15:22+00:00,👤 Ankara 2024-11-07
2024-08-16 01:15:17+00:00,👥 Ankara 2024-11-07
2024-08-16 01:10:47+00:00,👤 Ankara 2025-02-25
2024-08-16 01:10:40+00:00,👤 Ankara 2025-02-24
2024-08-16 01:10:27+00:00,👤 Ankara 2024-10-21
2024-08-16 01:10:18+00:00,👤 Ankara 2024-10-18
2024-08-16 01:10:17+00:00,👤 Ankara 2024-10-09
2024-08-16 01:10:17+00:00,👥 Ankara 2025-02-10
2024-08-16 01:05:56+00:00,👤 Ankara 2025-05-12
2024-08-16 01:05:51+00:00,👤 Ankara 2025-05-09
2024-08-16 01:05:36+00:00,👤 Ankara 2024-11-04
2024-08-16 01:05:20+00:00,👤 Ankara 2024-11-01
2024-08-16 01:05:19+00:00,👤 Ankara 2024-10-24
2024-08-16 01:05:17+00:00,👤 İstanbul 2025-01-24
2024-08-16 01:00:38+00:00,👤 Ankara 2025-01-23
2024-08-16 01:00:28+00:00,👤 Ankara 2024-11-05
2024-08-16 01:00:27+00:00,👤 Ankara 2024-10-11
2024-08-16 00:55:43+00:00,👤 Ankara 2025-04-22
2024-08-16 00:55:28+00:00,👤 Ankara 2024-12-03
2024-08-16 00:55:24+00:00,👤 Ankara 2024-11-04
2024-08-16 00:55:23+00:00,👤 Ankara 2024-10-25
2024-08-16 00:50:19+00:00,👤 Ankara 2025-05-12
2024-08-16 00:45:44+00:00,👤 Ankara 2025-05-12
2024-08-16 00:45:36+00:00,👤 Ankara 2024-12-19
2024-08-16 00:45:36+00:00,👤 Ankara 2024-10-16
2024-08-16 00:40:49+00:00,👤 Ankara 2025-04-14
2024-08-16 00:40:35+00:00,👤 Ankara 2025-04-07
2024-08-16 00:40:27+00:00,👤 Ankara 2025-01-09
2024-08-16 00:40:27+00:00,👤 Ankara 2024-11-05
2024-08-16 00:35:52+00:00,👤 Ankara 2025-04-08
2024-08-16 00:35:42+00:00,👤 Ankara 2025-03-27
2024-08-16 00:35:29+00:00,👤 Ankara 2024-12-05
2024-08-16 00:35:18+00:00,👤 Ankara 2024-10-30
2024-08-16 00:35:18+00:00,👤 Ankara 2024-09-27
2024-08-16 00:35:17+00:00,👤 İstanbul 2025-03-06
2024-08-16 00:35:17+00:00,👤 İstanbul 2025-01-31
2024-08-16 00:35:16+00:00,👥 Ankara 2025-04-21
2024-08-16 00:30:54+00:00,👤 Ankara 2025-01-17
2024-08-16 00:30:49+00:00,👤 Ankara 2024-11-25
2024-08-16 00:30:31+00:00,👤 Ankara 2024-11-07
2024-08-16 00:30:21+00:00,👤 Ankara 2024-11-04
2024-08-16 00:30:21+00:00,👤 Ankara 2024-10-15
2024-08-16 00:25:33+00:00,👤 Ankara 2025-04-07
2024-08-16 00:25:32+00:00,👤 Ankara 2024-11-08
2024-08-16 00:25:17+00:00,👤 İstanbul 2025-03-18
2024-08-16 00:22:12+00:00,👤 Ankara 2025-04-25
2024-08-16 00:22:12+00:00,👤 Ankara 2025-04-22
2024-08-16 00:20:51+00:00,👤 Ankara 2025-02-27
2024-08-16 00:20:48+00:00,👤 Ankara 2025-01-21
2024-08-16 00:20:34+00:00,👤 Ankara 2024-12-09
2024-08-16 00:20:28+00:00,👤 Ankara 2024-10-31
2024-08-16 00:20:27+00:00,👤 Ankara 2024-10-16
2024-08-16 00:15:27+00:00,👤 Ankara 2024-11-05
2024-08-16 00:15:21+00:00,👤 Ankara 2024-10-30
2024-08-16 00:15:20+00:00,👤 Ankara 2024-09-18
2024-08-16 00:10:49+00:00,👤 Ankara 2025-02-06
2024-08-16 00:10:48+00:00,👤 Ankara 2024-11-05
2024-08-16 00:10:40+00:00,👤 Ankara 2024-10-25
2024-08-16 00:10:28+00:00,👤 Ankara 2024-10-18
2024-08-16 00:10:20+00:00,👤 Ankara 2024-10-17
2024-08-16 00:10:19+00:00,👤 Ankara 2024-09-24
2024-08-16 00:05:20+00:00,👤 Ankara 2025-02-28
2024-08-16 00:05:20+00:00,👤 Ankara 2024-09-23
2024-08-16 00:05:18+00:00,👥 Ankara 2025-02-28
2024-08-16 00:00:54+00:00,👤 Ankara 2025-05-06
2024-08-16 00:00:48+00:00,👤 Ankara 2025-03-18
2024-08-16 00:00:31+00:00,👤 Ankara 2024-11-19
2024-08-16 00:00:30+00:00,👥 Ankara 2025-05-06
2024-08-16 00:00:29+00:00,👥 Ankara 2025-03-06
2024-08-16 00:00:25+00:00,👤 Ankara 2025-03-06
2024-08-16 00:00:25+00:00,👤 Ankara 2024-10-30
2024-08-15 23:55:44+00:00,👤 Ankara 2025-04-28
2024-08-15 23:55:44+00:00,👤 Ankara 2025-04-24
2024-08-15 23:55:32+00:00,👤 Ankara 2025-01-09
2024-08-15 23:55:32+00:00,👤 Ankara 2024-12-16
2024-08-15 23:55:18+00:00,👤 Ankara 2024-10-22
2024-08-15 23:55:17+00:00,👤 Ankara 2024-10-08
2024-08-15 23:50:21+00:00,👥 Ankara 2025-01-09
2024-08-15 23:50:18+00:00,👤 Ankara 2025-01-09
2024-08-15 23:50:17+00:00,👤 Ankara 2024-10-08
2024-08-15 23:45:26+00:00,👤 Ankara 2025-03-17
2024-08-15 23:45:21+00:00,👤 Ankara 2024-11-05
2024-08-15 23:45:20+00:00,👤 Ankara 2024-10-04
2024-08-15 23:45:17+00:00,👤 İstanbul 2025-01-27
2024-08-15 23:40:43+00:00,👤 Ankara 2025-02-27
2024-08-15 23:40:38+00:00,👤 Ankara 2025-02-05
2024-08-15 23:40:29+00:00,👤 Ankara 2025-01-31
2024-08-15 23:40:24+00:00,👤 Ankara 2024-11-07
2024-08-15 23:40:23+00:00,👤 Ankara 2024-10-21
2024-08-15 23:35:50+00:00,👤 Ankara 2025-04-08
2024-08-15 23:35:33+00:00,👤 Ankara 2025-03-25
2024-08-15 23:35:21+00:00,👥 Ankara 2025-05-08
2024-08-15 23:35:20+00:00,👥 Ankara 2024-10-30
2024-08-15 23:35:19+00:00,👤 Ankara 2024-10-30
2024-08-15 23:35:18+00:00,👤 Ankara 2024-10-24
2024-08-15 23:20:17+00:00,👥 Ankara 2024-10-21
2024-08-15 23:20:17+00:00,👥 Ankara 2024-10-16
2024-08-15 23:10:18+00:00,👥 Ankara 2024-10-25
2024-08-15 23:00:21+00:00,👥 Ankara 2024-10-01
2024-08-15 22:55:16+00:00,👥 Ankara 2024-11-08
2024-08-15 22:55:14+00:00,👥 Ankara 2025-01-27
2024-08-15 22:41:24+00:00,👥 Ankara 2025-04-29
2024-08-15 22:40:58+00:00,👤 Ankara 2025-04-08
2024-08-15 22:40:54+00:00,👤 Ankara 2025-01-02
2024-08-15 22:40:49+00:00,👤 Ankara 2024-11-04
2024-08-15 22:40:48+00:00,👤 Ankara 2024-11-01
2024-08-15 22:40:41+00:00,👤 İstanbul 2024-08-20
2024-08-15 22:40:32+00:00,👥 Ankara 2024-09-26
2024-08-15 22:40:18+00:00,👥 Ankara 2025-04-17
2024-08-15 22:40:16+00:00,👥 Ankara 2024-11-04
2024-08-15 22:35:26+00:00,👤 Ankara 2025-05-06
2024-08-15 22:31:26+00:00,👥 Ankara 2024-09-26
2024-08-15 22:30:37+00:00,👤 Ankara 2025-05-09
2024-08-15 22:30:25+00:00,👤 Ankara 2025-02-12
2024-08-15 22:30:24+00:00,👤 Ankara 2024-12-10
2024-08-15 22:25:52+00:00,👤 Ankara 2025-04-10
2024-08-15 22:25:32+00:00,👤 Ankara 2024-12-17
2024-08-15 22:25:20+00:00,👤 Ankara 2024-11-04
2024-08-15 22:25:17+00:00,👤 Ankara 2025-02-07
2024-08-15 22:25:16+00:00,👤 Ankara 2024-10-24
2024-08-15 22:20:53+00:00,👤 Ankara 2025-03-27
2024-08-15 22:20:48+00:00,👤 Ankara 2025-02-07
2024-08-15 22:20:40+00:00,👤 Ankara 2025-01-31
2024-08-15 22:20:25+00:00,👤 Ankara 2024-11-20
2024-08-15 22:20:24+00:00,👤 Ankara 2024-11-01
2024-08-15 22:16:22+00:00,👤 Ankara 2025-05-07
2024-08-15 22:15:17+00:00,👥 Ankara 2025-03-05
2024-08-15 22:10:39+00:00,👤 Ankara 2025-01-13
2024-08-15 22:10:38+00:00,👤 Ankara 2025-01-10
2024-08-15 22:10:25+00:00,👤 Ankara 2024-11-05
2024-08-15 22:10:24+00:00,👤 Ankara 2024-11-01
2024-08-15 22:05:45+00:00,👤 Ankara 2025-04-16
2024-08-15 22:05:36+00:00,👤 Ankara 2025-03-13
2024-08-15 22:05:25+00:00,👤 Ankara 2025-01-27
2024-08-15 22:05:19+00:00,👤 Ankara 2025-01-13
2024-08-15 22:05:19+00:00,👤 Ankara 2024-10-21
2024-08-15 22:00:52+00:00,👤 Ankara 2025-05-05
2024-08-15 22:00:35+00:00,👤 Ankara 2025-03-18
2024-08-15 22:00:31+00:00,👤 Ankara 2025-03-03
2024-08-15 22:00:25+00:00,👤 Ankara 2024-09-30
2024-08-15 22:00:24+00:00,👤 Ankara 2024-09-24
2024-08-15 21:55:59+00:00,👤 Ankara 2025-04-16
2024-08-15 21:55:47+00:00,👤 Ankara 2025-04-11
2024-08-15 21:55:46+00:00,👤 Ankara 2025-02-27
2024-08-15 21:55:38+00:00,👤 Ankara 2025-01-13
2024-08-15 21:55:37+00:00,👤 Ankara 2024-10-21
2024-08-15 21:55:21+00:00,👤 Ankara 2024-10-15
2024-08-15 21:55:18+00:00,👥 Ankara 2025-02-27
2024-08-15 21:55:16+00:00,👤 Ankara 2024-10-08
2024-08-15 21:55:15+00:00,👤 Ankara 2024-09-24
2024-08-15 21:50:48+00:00,👤 Ankara 2025-04-11
2024-08-15 21:50:47+00:00,👤 Ankara 2024-11-06
2024-08-15 21:50:36+00:00,👤 Ankara 2024-11-05
2024-08-15 21:50:35+00:00,👤 Ankara 2024-11-01
2024-08-15 21:50:19+00:00,👤 Ankara 2024-10-21
2024-08-15 21:50:18+00:00,👤 Ankara 2024-10-08
2024-08-15 21:50:16+00:00,👤 İstanbul 2025-01-21
2024-08-15 21:45:33+00:00,👤 Ankara 2025-04-21
2024-08-15 21:45:29+00:00,👤 Ankara 2024-11-04
2024-08-15 21:45:28+00:00,👤 Ankara 2024-11-01
2024-08-15 21:40:37+00:00,👤 Ankara 2025-04-28
2024-08-15 21:40:36+00:00,👤 Ankara 2025-04-07
2024-08-15 21:40:22+00:00,👤 Ankara 2024-10-10
2024-08-15 21:40:22+00:00,👤 Ankara 2024-09-26
2024-08-15 21:35:52+00:00,👤 Ankara 2025-03-25
2024-08-15 21:35:51+00:00,👤 Ankara 2025-02-25
2024-08-15 21:35:34+00:00,👤 Ankara 2025-02-10
2024-08-15 21:35:24+00:00,👤 Ankara 2024-12-17
2024-08-15 21:35:23+00:00,👤 Ankara 2024-10-25
2024-08-15 21:30:58+00:00,👤 Ankara 2025-04-22
2024-08-15 21:30:53+00:00,👤 Ankara 2025-04-14
2024-08-15 21:30:47+00:00,👤 Ankara 2025-04-11
2024-08-15 21:30:46+00:00,👤 Ankara 2025-01-15
2024-08-15 21:30:24+00:00,👤 Ankara 2024-11-06
2024-08-15 21:30:23+00:00,👤 Ankara 2024-10-22
2024-08-15 21:25:39+00:00,👤 Ankara 2025-04-25
2024-08-15 21:25:31+00:00,👤 Ankara 2025-04-15
2024-08-15 21:25:27+00:00,👤 Ankara 2024-12-17
2024-08-15 21:25:20+00:00,👤 Ankara 2024-10-31
2024-08-15 21:25:20+00:00,👤 Ankara 2024-10-21
2024-08-15 21:20:48+00:00,👤 Ankara 2025-04-22
2024-08-15 21:20:37+00:00,👤 Ankara 2025-04-15
2024-08-15 21:20:24+00:00,👤 Ankara 2025-01-07
2024-08-15 21:20:23+00:00,👤 Ankara 2024-10-17
2024-08-15 21:20:17+00:00,👤 İstanbul 2025-02-25
2024-08-15 21:20:17+00:00,👤 İstanbul 2025-01-13
2024-08-15 21:15:43+00:00,👤 Ankara 2025-04-22
2024-08-15 21:10:59+00:00,👤 Ankara 2025-03-27
2024-08-15 21:10:44+00:00,👤 Ankara 2025-03-19
2024-08-15 21:10:35+00:00,👤 Ankara 2025-02-25
2024-08-15 21:10:27+00:00,👤 Ankara 2025-01-08
2024-08-15 21:10:23+00:00,👤 Ankara 2024-09-27
2024-08-15 21:10:21+00:00,👥 Ankara 2025-01-08
2024-08-15 21:10:17+00:00,👤 Ankara 2025-01-13
2024-08-15 21:10:16+00:00,👤 Ankara 2024-10-18
2024-08-15 21:05:47+00:00,👤 Ankara 2025-04-30
2024-08-15 21:05:38+00:00,👤 Ankara 2025-03-24
2024-08-15 21:05:29+00:00,👤 Ankara 2025-01-02
2024-08-15 21:05:25+00:00,👤 Ankara 2024-11-07
2024-08-15 21:05:24+00:00,👤 Ankara 2024-11-05
2024-08-15 21:00:47+00:00,👤 Ankara 2025-03-25
2024-08-15 21:00:41+00:00,👤 Ankara 2025-03-19
2024-08-15 21:00:40+00:00,👤 Ankara 2025-03-04
2024-08-15 21:00:24+00:00,👤 Ankara 2024-11-05
2024-08-15 21:00:24+00:00,👤 Ankara 2024-11-01
2024-08-15 20:55:50+00:00,👤 Ankara 2025-04-28
2024-08-15 20:55:43+00:00,👤 Ankara 2025-04-24
2024-08-15 20:55:42+00:00,👤 Ankara 2025-01-31
2024-08-15 20:55:27+00:00,👤 Ankara 2024-10-21
2024-08-15 20:55:21+00:00,👤 Ankara 2024-10-18
2024-08-15 20:55:21+00:00,👥 Ankara 2024-10-21
2024-08-15 20:55:20+00:00,👤 Ankara 2024-10-04
2024-08-15 20:55:14+00:00,👥 Ankara 2025-01-31
2024-08-15 20:50:54+00:00,👤 Ankara 2025-03-06
2024-08-15 20:50:41+00:00,👤 Ankara 2025-02-04
2024-08-15 20:50:40+00:00,👤 Ankara 2025-01-15
2024-08-15 20:50:20+00:00,👥 Ankara 2025-03-05
2024-08-15 20:50:19+00:00,👥 Ankara 2024-11-04
2024-08-15 20:50:17+00:00,👤 Ankara 2024-11-04
2024-08-15 20:50:17+00:00,👤 Ankara 2024-10-18
2024-08-15 20:50:16+00:00,👤 İstanbul 2024-11-01
2024-08-15 20:45:18+00:00,👥 Ankara 2025-05-07
2024-08-15 20:40:28+00:00,👤 Ankara 2025-05-08
2024-08-15 20:40:20+00:00,👤 Ankara 2024-12-17
2024-08-15 20:40:19+00:00,👤 Ankara 2024-09-27
2024-08-15 20:35:33+00:00,👤 Ankara 2024-11-01
2024-08-15 20:35:24+00:00,👤 Ankara 2024-10-30
2024-08-15 20:35:23+00:00,👤 Ankara 2024-10-18
2024-08-15 20:35:17+00:00,👥 Ankara 2025-03-17
2024-08-15 20:30:32+00:00,👤 Ankara 2025-03-21
2024-08-15 20:30:31+00:00,👤 Ankara 2025-03-13
2024-08-15 20:30:26+00:00,👥 Ankara 2024-10-18
2024-08-15 20:30:17+00:00,👤 İstanbul 2024-11-01
2024-08-15 20:25:25+00:00,👤 Ankara 2024-10-30
2024-08-15 20:25:24+00:00,👤 Ankara 2024-10-04
2024-08-15 20:25:14+00:00,👥 Ankara 2025-03-25
2024-08-15 20:20:34+00:00,👤 Ankara 2025-02-10
2024-08-15 20:20:29+00:00,👤 Ankara 2025-01-13
2024-08-15 20:20:21+00:00,👤 Ankara 2024-10-24
2024-08-15 20:20:20+00:00,👤 Ankara 2024-10-15
2024-08-15 20:20:19+00:00,👥 Ankara 2024-10-15
2024-08-15 20:20:17+00:00,👥 Ankara 2025-02-10
2024-08-15 20:20:16+00:00,👥 Ankara 2024-10-24
2024-08-15 20:15:38+00:00,👤 Ankara 2025-04-08
2024-08-15 20:15:22+00:00,👤 Ankara 2025-02-10
2024-08-15 20:15:21+00:00,👤 Ankara 2024-09-24
2024-08-15 20:10:20+00:00,👤 Ankara 2025-04-17
2024-08-15 20:10:19+00:00,👤 Ankara 2024-11-21
2024-08-15 20:05:33+00:00,👥 Ankara 2025-04-17
2024-08-15 20:05:31+00:00,👤 Ankara 2025-04-17
2024-08-15 20:05:17+00:00,👥 Ankara 2025-04-15
2024-08-15 20:05:15+00:00,👤 Ankara 2025-04-15
2024-08-15 20:00:20+00:00,👤 Ankara 2025-04-17
2024-08-15 20:00:19+00:00,👤 Ankara 2025-04-15
2024-08-15 19:55:32+00:00,👤 Ankara 2025-01-30
2024-08-15 19:55:26+00:00,👥 Ankara 2025-01-30
2024-08-15 19:55:21+00:00,👤 Ankara 2024-11-06
2024-08-15 19:55:21+00:00,👥 İstanbul 2025-02-18
2024-08-15 19:55:20+00:00,👤 Ankara 2024-10-04
2024-08-15 19:55:17+00:00,👤 İstanbul 2025-02-18
2024-08-15 19:50:32+00:00,👤 Ankara 2024-10-31
2024-08-15 19:50:20+00:00,👤 Ankara 2024-10-17
2024-08-15 19:50:20+00:00,👤 Ankara 2024-10-15
2024-08-15 19:50:18+00:00,👥 Ankara 2025-03-19
2024-08-15 19:45:38+00:00,👤 Ankara 2025-02-19
2024-08-15 19:45:21+00:00,👤 Ankara 2025-01-17
2024-08-15 19:45:20+00:00,👤 Ankara 2025-01-06
2024-08-15 19:40:33+00:00,👤 Ankara 2024-11-14
2024-08-15 19:40:27+00:00,👤 Ankara 2024-10-31
2024-08-15 19:40:26+00:00,👤 Ankara 2024-10-15
2024-08-15 19:40:18+00:00,👥 Ankara 2024-12-16
2024-08-15 19:40:17+00:00,👥 Ankara 2024-10-31
2024-08-15 19:35:24+00:00,👥 Ankara 2024-10-22
2024-08-15 19:30:18+00:00,👥 Ankara 2024-12-09
2024-08-15 19:00:21+00:00,👥 Ankara 2025-05-08
2024-08-15 18:45:28+00:00,👤 Ankara 2024-10-25
2024-08-15 18:45:23+00:00,👤 Ankara 2024-10-18
2024-08-15 18:45:17+00:00,👤 Ankara 2024-10-08
2024-08-15 18:45:16+00:00,👤 Ankara 2024-09-30
2024-08-15 18:40:25+00:00,👤 Ankara 2024-11-01
2024-08-15 18:40:18+00:00,👤 Ankara 2024-10-24
2024-08-15 18:40:17+00:00,👤 Ankara 2024-10-18
2024-08-15 18:35:34+00:00,👤 Ankara 2025-02-28
2024-08-15 18:35:32+00:00,👥 Ankara 2025-02-28
2024-08-15 18:35:28+00:00,👤 Ankara 2024-10-22
2024-08-15 18:35:27+00:00,👤 Ankara 2024-10-07
2024-08-15 18:35:16+00:00,👤 Ankara 2024-10-02
2024-08-15 18:35:16+00:00,👤 Ankara 2024-09-18
2024-08-15 18:30:35+00:00,👤 Ankara 2024-11-14
2024-08-15 18:30:34+00:00,👤 Ankara 2024-10-17
2024-08-15 18:25:25+00:00,👤 Ankara 2024-12-19
2024-08-15 18:25:25+00:00,👤 Ankara 2024-10-21
2024-08-15 18:25:17+00:00,👥 Ankara 2024-10-21
2024-08-15 18:20:25+00:00,👤 Ankara 2024-11-01
2024-08-15 18:20:19+00:00,👤 Ankara 2024-10-30
2024-08-15 18:20:18+00:00,👤 Ankara 2024-10-18
2024-08-15 18:15:21+00:00,👤 Ankara 2024-10-08
2024-08-15 18:15:20+00:00,👤 Ankara 2024-09-24
2024-08-15 18:10:33+00:00,👤 Ankara 2025-02-10
2024-08-15 18:10:23+00:00,👤 Ankara 2024-10-15
2024-08-15 18:10:23+00:00,👥 Ankara 2025-02-10
2024-08-15 18:10:16+00:00,👤 Ankara 2024-10-03
2024-08-15 18:10:15+00:00,👤 Ankara 2024-09-26
2024-08-15 18:05:26+00:00,👤 Ankara 2024-11-04
2024-08-15 18:05:26+00:00,👤 Ankara 2024-10-30
2024-08-15 18:05:21+00:00,👥 Ankara 2024-10-16
2024-08-15 18:05:15+00:00,👥 Ankara 2025-01-13
2024-08-15 18:00:36+00:00,👤 Ankara 2025-03-07
2024-08-15 18:00:35+00:00,👤 Ankara 2025-01-28
2024-08-15 18:00:25+00:00,👤 Ankara 2024-10-21
2024-08-15 18:00:25+00:00,👤 Ankara 2024-10-16
2024-08-15 18:00:22+00:00,👤 İstanbul 2025-03-18
2024-08-15 18:00:21+00:00,👥 Ankara 2025-03-07
2024-08-15 18:00:19+00:00,👥 Ankara 2025-01-28
2024-08-15 17:55:25+00:00,👤 Ankara 2024-10-22
2024-08-15 17:55:20+00:00,👤 Ankara 2024-10-10
2024-08-15 17:55:19+00:00,👤 Ankara 2024-10-07
2024-08-15 17:55:17+00:00,👤 İstanbul 2024-10-15
2024-08-15 17:50:24+00:00,👤 Ankara 2024-12-03
2024-08-15 17:50:23+00:00,👤 Ankara 2024-11-01
2024-08-15 17:50:16+00:00,👥 Ankara 2025-01-13
2024-08-15 17:45:16+00:00,👤 Ankara 2025-04-16
2024-08-15 17:45:15+00:00,👤 Ankara 2024-10-10
2024-08-15 17:40:18+00:00,👥 Ankara 2025-01-17
2024-08-15 17:40:14+00:00,👤 Ankara 2025-01-17
2024-08-15 17:35:22+00:00,👤 Ankara 2024-10-18
2024-08-15 17:30:22+00:00,👤 Ankara 2025-04-08
2024-08-15 17:25:18+00:00,👤 Ankara 2025-01-13
2024-08-15 17:25:17+00:00,👤 Ankara 2024-09-18
2024-08-15 17:20:24+00:00,👤 Ankara 2025-04-08
2024-08-15 17:20:18+00:00,👤 Ankara 2025-01-31
2024-08-15 17:20:17+00:00,👤 Ankara 2024-11-18
2024-08-15 17:15:35+00:00,👤 Ankara 2025-02-07
2024-08-15 17:15:22+00:00,👤 Ankara 2024-10-18
2024-08-15 17:15:21+00:00,👤 Ankara 2024-10-15
2024-08-15 17:15:18+00:00,👥 Ankara 2024-10-15
2024-08-15 17:15:17+00:00,👥 Ankara 2024-10-04
2024-08-15 17:15:17+00:00,👤 Ankara 2024-10-04
2024-08-15 17:15:16+00:00,👤 Ankara 2024-09-18
2024-08-15 17:10:18+00:00,👤 Ankara 2025-04-18
2024-08-15 17:05:30+00:00,👤 Ankara 2024-10-21
2024-08-15 17:05:21+00:00,👥 Ankara 2024-10-21
2024-08-15 17:05:20+00:00,👥 Ankara 2024-10-02
2024-08-15 17:00:43+00:00,👤 İstanbul 2024-09-10
2024-08-15 17:00:21+00:00,👥 Ankara 2025-04-15
2024-08-15 16:55:28+00:00,👤 Ankara 2024-12-04
2024-08-15 16:55:18+00:00,👤 Ankara 2024-10-31
2024-08-15 16:55:18+00:00,👤 Ankara 2024-09-18
2024-08-15 16:55:14+00:00,👥 Ankara 2024-12-04
2024-08-15 16:40:17+00:00,👥 Ankara 2025-02-25
2024-08-15 15:40:20+00:00,👤 Ankara 2025-04-30
2024-08-15 15:40:16+00:00,👤 Ankara 2025-03-13
2024-08-15 15:40:16+00:00,👤 Ankara 2024-10-03
2024-08-15 15:35:24+00:00,👤 Ankara 2024-10-21
2024-08-15 15:30:18+00:00,👥 Ankara 2024-10-24
2024-08-15 15:15:28+00:00,👤 Ankara 2025-01-17
2024-08-15 14:45:22+00:00,👥 Ankara 2024-11-01
2024-08-15 14:20:25+00:00,👤 Ankara 2024-12-19
2024-08-15 14:10:16+00:00,👤 Ankara 2025-04-30
2024-08-15 14:10:15+00:00,👤 Ankara 2024-10-02
2024-08-15 14:05:18+00:00,👤 Ankara 2025-04-11
2024-08-15 13:45:11+00:00,👤 Ankara 2024-11-07
2024-08-15 13:43:29+00:00,👥 Ankara 2024-11-07
2024-08-15 13:43:29+00:00,👥 Ankara 2024-11-06
2024-08-15 13:42:36+00:00,👤 Ankara 2024-11-06
2024-08-15 13:40:28+00:00,👤 Ankara 2024-10-15
2024-08-15 13:40:27+00:00,👤 Ankara 2024-10-10
2024-08-15 13:39:01+00:00,👤 Ankara 2024-11-05
2024-08-15 13:39:00+00:00,👤 Ankara 2024-11-04
2024-08-15 13:35:14+00:00,👤 Ankara 2024-11-05
2024-08-15 13:35:13+00:00,👤 Ankara 2024-11-04
2024-08-15 13:31:17+00:00,👥 Ankara 2024-09-26
2024-08-15 13:30:21+00:00,👤 Ankara 2025-04-10
2024-08-15 13:30:20+00:00,👤 Ankara 2024-10-18
2024-08-15 13:27:43+00:00,👤 Ankara 2024-09-23
2024-08-15 13:25:19+00:00,👤 Ankara 2025-01-15
2024-08-15 13:25:18+00:00,👤 Ankara 2024-09-30
2024-08-15 13:20:44+00:00,👥 Ankara 2024-10-15
2024-08-15 13:20:25+00:00,👤 Ankara 2024-10-15
2024-08-15 13:20:15+00:00,👤 Ankara 2024-12-03
2024-08-15 13:05:30+00:00,👤 Ankara 2024-11-13
2024-08-15 13:05:21+00:00,👤 Ankara 2024-10-08
2024-08-15 13:05:17+00:00,👤 Ankara 2024-10-16
2024-08-15 13:00:22+00:00,👤 Ankara 2024-10-17
2024-08-15 13:00:21+00:00,👤 Ankara 2024-09-20
2024-08-15 12:50:32+00:00,👤 İstanbul 2024-09-12
2024-08-15 11:35:26+00:00,👤 Ankara 2024-12-11
2024-08-15 11:35:26+00:00,👤 Ankara 2024-10-11
2024-08-15 11:30:20+00:00,👤 Ankara 2025-04-17
2024-08-15 11:25:13+00:00,👤 Ankara 2024-10-25
2024-08-15 11:22:35+00:00,👤 Ankara 2024-10-24
2024-08-15 11:20:26+00:00,👤 Ankara 2024-10-09
2024-08-15 11:20:22+00:00,👤 Ankara 2024-10-04
2024-08-15 11:20:22+00:00,👤 Ankara 2024-10-01
2024-08-15 11:18:59+00:00,👤 Ankara 2024-10-22
2024-08-15 11:18:58+00:00,👤 Ankara 2024-10-21
2024-08-15 11:16:44+00:00,👤 Ankara 2024-10-18
2024-08-15 11:15:18+00:00,👤 Ankara 2024-10-07
2024-08-15 11:05:19+00:00,👤 Ankara 2025-02-28
2024-08-15 11:05:18+00:00,👤 Ankara 2025-01-31
2024-08-15 11:00:29+00:00,👤 Ankara 2025-04-14
2024-08-15 10:55:20+00:00,👤 Ankara 2025-03-25
2024-08-15 10:55:18+00:00,👤 İstanbul 2024-11-01
2024-08-15 10:50:16+00:00,👤 Ankara 2024-10-11
2024-08-15 10:35:20+00:00,👤 Ankara 2025-04-18
2024-08-15 10:30:20+00:00,👤 Ankara 2024-10-15
2024-08-15 09:45:17+00:00,👤 Ankara 2025-04-28
2024-08-15 08:35:18+00:00,👤 İstanbul 2025-01-14
2024-08-15 08:20:27+00:00,👤 Ankara 2025-04-24
2024-08-15 08:20:26+00:00,👤 Ankara 2025-02-13
2024-08-15 08:00:26+00:00,👤 Ankara 2025-05-05
2024-08-15 07:55:22+00:00,👤 Ankara 2025-05-06
2024-08-15 07:20:25+00:00,👤 Ankara 2025-01-13
2024-08-15 06:20:16+00:00,👤 İstanbul 2024-10-25
2024-08-15 06:05:16+00:00,👤 Ankara 2025-03-27
2024-08-15 06:02:53+00:00,👤 Ankara 2024-10-17
2024-08-15 06:02:53+00:00,👤 Ankara 2024-10-16
2024-08-15 05:58:49+00:00,👤 Ankara 2024-10-08
2024-08-15 05:58:48+00:00,👤 Ankara 2024-10-07
2024-08-15 05:55:24+00:00,👤 Ankara 2024-10-04
2024-08-15 05:55:24+00:00,👤 Ankara 2024-10-03
2024-08-15 05:53:23+00:00,👥 Ankara 2024-10-01
2024-08-15 05:52:25+00:00,👤 Ankara 2024-09-30
2024-08-15 05:45:19+00:00,👤 Ankara 2025-04-24
2024-08-15 05:35:17+00:00,👤 Ankara 2024-11-13
2024-08-15 04:40:17+00:00,👤 Ankara 2025-04-28
2024-08-15 04:35:19+00:00,👤 Ankara 2025-03-20
2024-08-15 04:35:18+00:00,👤 Ankara 2025-03-13
2024-08-15 03:35:18+00:00,👤 Ankara 2024-08-26
2024-08-15 02:35:19+00:00,👤 Ankara 2025-01-16
2024-08-15 02:25:28+00:00,👤 Ankara 2025-02-24
2024-08-15 01:50:17+00:00,👤 İstanbul 2025-02-04
2024-08-15 01:45:23+00:00,👤 Ankara 2024-10-09
2024-08-15 01:40:22+00:00,👥 Ankara 2025-04-17
2024-08-15 01:40:18+00:00,👤 Ankara 2025-04-17
2024-08-15 01:30:23+00:00,👤 Ankara 2025-04-07
2024-08-15 01:30:20+00:00,👥 Ankara 2025-04-07
2024-08-15 00:35:19+00:00,👤 Ankara 2025-04-18
2024-08-15 00:35:19+00:00,👤 Ankara 2025-03-25
2024-08-15 00:25:23+00:00,👤 Ankara 2025-04-16
2024-08-14 23:40:28+00:00,👤 Ankara 2025-04-10
2024-08-14 23:36:02+00:00,👤 Ankara 2024-09-10
2024-08-14 23:30:22+00:00,👥 Ankara 2024-10-21
2024-08-14 23:25:23+00:00,👤 Ankara 2025-02-19
2024-08-14 23:20:21+00:00,👤 Ankara 2025-04-10
2024-08-14 23:05:19+00:00,👤 Ankara 2025-04-28
2024-08-14 23:05:18+00:00,👤 Ankara 2024-10-21
2024-08-14 22:35:30+00:00,👤 Ankara 2025-04-21
2024-08-14 22:35:21+00:00,👥 Ankara 2025-01-31
2024-08-14 22:30:25+00:00,👤 Ankara 2025-04-24
2024-08-14 22:20:18+00:00,👤 Ankara 2024-09-11
2024-08-14 21:50:25+00:00,👤 Ankara 2024-09-10
2024-08-14 21:30:29+00:00,👤 Ankara 2024-09-12
2024-08-14 21:05:19+00:00,👤 Ankara 2025-04-25
2024-08-14 20:55:16+00:00,👤 Ankara 2024-12-16
2024-08-14 20:35:15+00:00,👤 Ankara 2025-04-29
2024-08-14 20:20:15+00:00,👤 Ankara 2025-04-22
2024-08-14 20:15:16+00:00,👤 Ankara 2024-09-18
2024-08-14 19:50:25+00:00,👤 İstanbul 2024-08-19
2024-08-14 19:15:16+00:00,👤 Ankara 2024-09-10
2024-08-14 19:05:16+00:00,👤 Ankara 2024-10-11
2024-08-14 18:30:20+00:00,👤 Ankara 2025-02-03
2024-08-14 18:25:20+00:00,👤 Ankara 2025-04-08
2024-08-14 18:20:17+00:00,👤 Ankara 2024-12-11
2024-08-14 18:00:21+00:00,👤 Ankara 2025-04-21
2024-08-14 18:00:20+00:00,👤 Ankara 2025-04-15
2024-08-14 17:35:15+00:00,👤 İstanbul 2025-01-23
2024-08-14 17:30:18+00:00,👤 Ankara 2025-04-24
2024-08-14 16:55:18+00:00,👤 Ankara 2025-03-05
2024-08-14 16:30:21+00:00,👤 Ankara 2025-04-16
2024-08-14 15:25:19+00:00,👤 Ankara 2025-05-09
2024-08-14 13:48:44+00:00,👤 Ankara 2024-09-17
2024-08-14 13:47:44+00:00,👤 Ankara 2024-09-12
2024-08-14 13:47:19+00:00,👥 Ankara 2024-09-11
2024-08-14 13:46:57+00:00,👥 Ankara 2024-09-10
2024-08-14 13:46:46+00:00,👤 Ankara 2024-09-10
2024-08-14 13:46:28+00:00,👤 Ankara 2024-09-09
2024-08-14 13:20:19+00:00,👤 Ankara 2025-04-22
2024-08-14 13:11:21+00:00,👥 Ankara 2024-10-21
2024-08-14 13:00:22+00:00,👤 Ankara 2025-02-25
2024-08-14 09:50:20+00:00,👤 Ankara 2025-04-25
2024-08-14 09:10:22+00:00,👤 Ankara 2025-03-13
2024-08-14 08:15:16+00:00,👤 Ankara 2025-02-07
2024-08-14 07:40:18+00:00,👤 Ankara 2024-12-11
2024-08-14 07:25:15+00:00,👤 Ankara 2025-04-22
2024-08-14 07:05:17+00:00,👤 Ankara 2025-04-07
2024-08-14 06:20:16+00:00,👤 Ankara 2024-09-05
2024-08-14 06:00:22+00:00,👤 Ankara 2025-05-09
2024-08-14 06:00:21+00:00,👥 Ankara 2025-05-09
2024-08-14 05:40:16+00:00,👤 İstanbul 2025-01-23
2024-08-14 04:30:18+00:00,👤 Ankara 2024-11-12
2024-08-14 04:30:17+00:00,👤 Ankara 2024-12-16
2024-08-14 03:40:19+00:00,👤 Ankara 2025-05-09
2024-08-14 03:00:23+00:00,👤 Ankara 2025-04-24
2024-08-14 03:00:19+00:00,👥 Ankara 2025-04-24
2024-08-14 02:35:19+00:00,👤 Ankara 2025-03-05
2024-08-14 02:25:18+00:00,👤 Ankara 2025-04-10
2024-08-14 01:45:19+00:00,👤 İstanbul 2025-01-14
2024-08-14 01:35:19+00:00,👥 Ankara 2025-04-17
2024-08-14 01:35:19+00:00,👤 Ankara 2025-04-17
2024-08-14 01:30:19+00:00,👤 Ankara 2024-09-26
2024-08-14 00:55:17+00:00,👤 Ankara 2025-04-10
2024-08-14 00:50:18+00:00,👤 Ankara 2025-04-24
2024-08-14 00:05:17+00:00,👤 Ankara 2024-11-18
2024-08-13 23:45:16+00:00,👤 Ankara 2025-01-15
2024-08-13 23:15:19+00:00,👤 Ankara 2025-04-28
2024-08-13 22:55:16+00:00,👤 Ankara 2024-12-19
2024-08-13 22:50:17+00:00,👤 İstanbul 2024-11-12
2024-08-13 22:45:18+00:00,👤 Ankara 2025-04-30
2024-08-13 21:15:18+00:00,👤 Ankara 2025-04-28
2024-08-13 20:50:17+00:00,👤 Ankara 2025-04-16
2024-08-13 20:30:24+00:00,👤 Ankara 2025-04-16
2024-08-13 18:45:18+00:00,👤 İstanbul 2024-10-15
2024-08-13 18:05:18+00:00,👤 Ankara 2025-04-25
2024-08-13 17:45:16+00:00,👤 İstanbul 2025-01-14
2024-08-13 17:45:15+00:00,👤 Ankara 2024-12-16
2024-08-13 17:40:16+00:00,👤 Ankara 2025-04-16
2024-08-13 16:55:16+00:00,👤 Ankara 2025-04-11
2024-08-13 16:30:19+00:00,👤 Ankara 2025-04-14
2024-08-13 16:25:27+00:00,👤 Ankara 2025-04-28
2024-08-13 16:25:23+00:00,👤 Ankara 2025-04-10
2024-08-13 16:20:27+00:00,👤 Ankara 2025-04-28
2024-08-13 16:20:27+00:00,👤 Ankara 2025-04-21
2024-08-13 16:20:16+00:00,👥 Ankara 2025-04-21
2024-08-13 16:00:32+00:00,👤 Ankara 2024-09-26
2024-08-13 15:55:16+00:00,👤 Ankara 2025-04-08
2024-08-13 15:55:15+00:00,👤 Ankara 2025-04-07
2024-08-13 15:55:14+00:00,👥 Ankara 2025-04-08
2024-08-13 15:45:17+00:00,👤 Ankara 2025-02-25
2024-08-13 15:10:18+00:00,👤 Ankara 2024-11-12
2024-08-13 14:45:16+00:00,👤 Ankara 2025-04-07
2024-08-13 14:40:16+00:00,👤 Ankara 2025-02-19
2024-08-13 14:25:24+00:00,👤 Ankara 2024-11-20
2024-08-13 14:25:24+00:00,👤 Ankara 2024-10-18
2024-08-13 14:20:18+00:00,👤 Ankara 2024-12-20
2024-08-13 14:11:26+00:00,👤 ❌ İstanbul 2024-09-24
2024-08-13 14:05:17+00:00,👤 İstanbul 2024-09-23
2024-08-13 14:00:21+00:00,👤 Ankara 2024-12-11
2024-08-13 13:45:18+00:00,👤 Ankara 2024-12-05
2024-08-13 13:40:19+00:00,👤 Ankara 2025-05-09
2024-08-13 13:15:17+00:00,👤 Ankara 2025-04-17
2024-08-13 13:15:16+00:00,👤 Ankara 2024-12-16
2024-08-13 12:50:15+00:00,👤 Ankara 2025-04-10
2024-08-13 12:40:19+00:00,👤 Ankara 2025-02-19
2024-08-13 12:20:18+00:00,👤 Ankara 2024-10-16
2024-08-13 12:15:45+00:00,👤 Ankara 2025-07-14
2024-08-13 12:10:27+00:00,👤 Ankara 2025-07-31
2024-08-13 12:05:22+00:00,👤 Ankara 2025-10-08
2024-08-13 11:55:19+00:00,👤 Ankara 2025-04-14
2024-08-13 11:50:16+00:00,👤 Ankara 2024-09-26
2024-08-13 11:45:15+00:00,👤 Ankara 2025-04-25
2024-08-13 11:30:18+00:00,👤 Ankara 2025-03-05
2024-08-13 11:25:22+00:00,👤 Ankara 2025-05-09
2024-08-13 11:25:19+00:00,👤 Ankara 2025-04-28
2024-08-13 11:25:18+00:00,👤 Ankara 2025-04-24
2024-08-13 11:10:17+00:00,👤 Ankara 2025-04-21
2024-08-13 10:50:28+00:00,👤 Ankara 2024-10-04
2024-08-13 10:45:16+00:00,👤 Ankara 2025-04-16
2024-08-13 10:15:15+00:00,👤 Ankara 2025-03-27
2024-08-13 09:40:17+00:00,👤 Ankara 2025-02-12
2024-08-13 09:20:15+00:00,👤 Ankara 2025-03-18
2024-08-13 09:15:19+00:00,👤 Ankara 2024-11-12
2024-08-13 09:15:16+00:00,👤 Ankara 2025-04-28
2024-08-13 09:10:22+00:00,👤 Ankara 2025-04-25
2024-08-13 08:55:14+00:00,👤 Ankara 2025-04-11
2024-08-13 08:40:17+00:00,👤 Ankara 2025-03-17
2024-08-13 08:35:21+00:00,👤 Ankara 2025-04-22
2024-08-13 08:35:19+00:00,👥 Ankara 2025-04-22
2024-08-13 08:20:17+00:00,👤 Ankara 2025-04-28
2024-08-13 08:15:17+00:00,👤 Ankara 2025-04-15
2024-08-13 08:10:20+00:00,👤 Ankara 2025-04-25
2024-08-13 08:10:20+00:00,👤 İstanbul 2024-10-15
2024-08-13 08:10:19+00:00,👤 Ankara 2025-03-27
2024-08-13 07:40:16+00:00,👤 Ankara 2024-10-09
2024-08-13 07:05:24+00:00,👤 Ankara 2025-02-12
2024-08-13 07:05:19+00:00,👤 İstanbul 2024-10-15
2024-08-13 07:00:28+00:00,👤 İstanbul 2025-03-28
2024-08-13 07:00:22+00:00,👤 Ankara 2025-04-07
2024-08-13 07:00:22+00:00,👤 Ankara 2024-09-26
2024-08-13 06:55:15+00:00,👤 Ankara 2025-02-25
2024-08-13 06:40:17+00:00,👤 Ankara 2025-04-10
2024-08-13 06:40:16+00:00,👤 Ankara 2025-04-21
2024-08-13 06:25:15+00:00,👤 Ankara 2025-04-25
2024-08-13 06:20:17+00:00,👤 Ankara 2025-02-13
2024-08-13 06:05:16+00:00,👤 Ankara 2025-04-08
2024-08-13 06:00:22+00:00,👤 Ankara 2025-01-27
2024-08-13 06:00:21+00:00,👤 Ankara 2024-12-03
2024-08-13 05:40:19+00:00,👤 Ankara 2025-04-16
2024-08-13 05:35:17+00:00,👤 Ankara 2025-04-14
2024-08-13 05:30:19+00:00,👤 Ankara 2025-02-03
2024-08-13 05:30:18+00:00,👥 Ankara 2025-02-03
2024-08-13 05:20:18+00:00,👤 Ankara 2025-03-19
2024-08-13 05:10:17+00:00,👤 Ankara 2024-11-13
2024-08-13 05:05:21+00:00,👤 Ankara 2025-01-02
2024-08-13 04:55:17+00:00,👤 Ankara 2025-02-07
2024-08-13 04:50:18+00:00,👤 Ankara 2025-05-06
2024-08-13 04:50:18+00:00,👤 Ankara 2025-03-21
2024-08-13 04:45:18+00:00,👤 Ankara 2024-09-26
2024-08-13 04:40:17+00:00,👤 Ankara 2025-03-27
2024-08-13 04:40:17+00:00,👤 Ankara 2025-02-25
2024-08-13 04:35:15+00:00,👤 İstanbul 2025-01-14
2024-08-13 04:30:18+00:00,👤 Ankara 2024-11-06
2024-08-13 04:25:17+00:00,👤 Ankara 2024-10-09
2024-08-13 04:15:16+00:00,👤 Ankara 2025-03-25
2024-08-13 04:10:20+00:00,👤 Ankara 2025-01-28
2024-08-13 04:10:14+00:00,👤 Ankara 2025-03-11
2024-08-13 04:00:25+00:00,👤 Ankara 2024-10-17
2024-08-13 03:55:19+00:00,👤 Ankara 2025-04-17
2024-08-13 03:55:18+00:00,👤 Ankara 2025-04-14
2024-08-13 03:50:16+00:00,👤 Ankara 2025-04-10
2024-08-13 03:50:15+00:00,👤 Ankara 2025-03-24
2024-08-13 03:45:19+00:00,👤 Ankara 2024-12-18
2024-08-13 03:40:17+00:00,👤 Ankara 2025-04-07
2024-08-13 03:40:16+00:00,👤 İstanbul 2025-01-13
2024-08-13 03:25:14+00:00,👤 İstanbul 2025-01-23
2024-08-13 03:20:24+00:00,👥 Ankara 2025-04-10
2024-08-13 03:20:17+00:00,👤 Ankara 2025-04-10
2024-08-13 03:15:19+00:00,👤 Ankara 2024-10-10
2024-08-13 03:10:15+00:00,👤 Ankara 2024-09-26
2024-08-13 03:05:17+00:00,👤 Ankara 2024-10-10
2024-08-13 02:50:30+00:00,👤 Ankara 2025-01-13
2024-08-13 02:50:15+00:00,👥 Ankara 2024-10-17
2024-08-13 02:45:16+00:00,👤 Ankara 2024-10-09
2024-08-13 02:40:24+00:00,👤 Ankara 2025-02-28
2024-08-13 02:40:23+00:00,👤 Ankara 2025-02-04
2024-08-13 02:35:16+00:00,👤 Ankara 2025-02-25
2024-08-13 02:30:21+00:00,👤 Ankara 2025-04-11
2024-08-13 02:25:28+00:00,👤 Ankara 2025-04-29
2024-08-13 02:25:18+00:00,👤 Ankara 2025-04-25
2024-08-13 02:25:17+00:00,👤 Ankara 2024-12-16
2024-08-13 02:20:20+00:00,👤 Ankara 2025-04-24
2024-08-13 01:50:17+00:00,👤 Ankara 2025-05-09
2024-08-13 01:45:35+00:00,👤 Ankara 2025-04-17
2024-08-13 01:35:18+00:00,👤 Ankara 2024-12-16
2024-08-13 01:35:18+00:00,👤 Ankara 2024-11-20
2024-08-13 01:30:19+00:00,👤 Ankara 2024-12-16
2024-08-13 01:25:16+00:00,👤 Ankara 2025-05-08
2024-08-13 01:20:18+00:00,👤 Ankara 2025-02-11
2024-08-13 01:20:17+00:00,👤 Ankara 2025-01-21
2024-08-13 01:20:15+00:00,👤 Ankara 2025-04-15
2024-08-13 01:15:20+00:00,👤 Ankara 2025-04-24
2024-08-13 01:10:15+00:00,👤 Ankara 2025-02-19
2024-08-13 01:05:15+00:00,👤 Ankara 2024-10-11
2024-08-13 01:00:22+00:00,👤 Ankara 2025-04-17
2024-08-13 01:00:21+00:00,👤 Ankara 2025-01-27
2024-08-13 00:55:17+00:00,👤 Ankara 2025-05-05
2024-08-13 00:40:17+00:00,👤 Ankara 2025-04-18
2024-08-13 00:40:17+00:00,👤 Ankara 2024-10-09
2024-08-13 00:35:16+00:00,👤 Ankara 2025-02-19
2024-08-13 00:30:20+00:00,👤 Ankara 2024-09-26
2024-08-13 00:25:28+00:00,👤 Ankara 2025-05-07
2024-08-13 00:25:21+00:00,👤 Ankara 2025-04-10
2024-08-13 00:25:17+00:00,👤 Ankara 2024-12-04
2024-08-13 00:25:16+00:00,👤 Ankara 2024-10-15
2024-08-13 00:10:19+00:00,👤 Ankara 2025-02-11
2024-08-13 00:05:21+00:00,👤 Ankara 2025-02-06
2024-08-13 00:05:15+00:00,👥 Ankara 2024-10-18
2024-08-13 00:00:24+00:00,👤 Ankara 2024-12-11
2024-08-12 23:55:23+00:00,👤 Ankara 2025-03-25
2024-08-12 23:55:22+00:00,👤 Ankara 2025-01-07
2024-08-12 23:55:20+00:00,👤 İstanbul 2025-01-27
2024-08-12 23:40:28+00:00,👤 Ankara 2025-05-06
2024-08-12 23:40:19+00:00,👤 Ankara 2025-04-24
2024-08-12 23:40:18+00:00,👤 Ankara 2024-12-03
2024-08-12 23:30:22+00:00,👤 Ankara 2025-01-10
2024-08-12 23:25:16+00:00,👤 Ankara 2024-10-17
2024-08-12 23:20:18+00:00,👤 Ankara 2024-10-07
2024-08-12 23:00:25+00:00,👤 Ankara 2025-04-07
2024-08-12 23:00:25+00:00,👥 Ankara 2025-04-07
2024-08-12 23:00:25+00:00,👤 Ankara 2025-03-27
2024-08-12 22:55:20+00:00,👤 Ankara 2025-03-24
2024-08-12 22:50:17+00:00,👤 Ankara 2025-01-30
2024-08-12 22:50:16+00:00,👤 İstanbul 2024-11-12
2024-08-12 22:50:15+00:00,👥 Ankara 2024-11-14
2024-08-12 22:50:14+00:00,👤 Ankara 2024-11-14
2024-08-12 22:45:16+00:00,👤 Ankara 2025-01-09
2024-08-12 22:40:20+00:00,👤 Ankara 2024-12-16
2024-08-12 22:40:18+00:00,👤 Ankara 2024-10-16
2024-08-12 22:40:17+00:00,👤 Ankara 2024-10-15
2024-08-12 22:35:17+00:00,👤 Ankara 2025-05-09
2024-08-12 22:35:16+00:00,👤 Ankara 2024-10-17
2024-08-12 22:30:19+00:00,👤 Ankara 2025-02-07
2024-08-12 22:30:19+00:00,👤 Ankara 2025-01-28
2024-08-12 22:25:19+00:00,👤 Ankara 2025-04-24
2024-08-12 22:25:17+00:00,👤 Ankara 2025-01-17
2024-08-12 22:25:16+00:00,👤 Ankara 2024-10-11
2024-08-12 22:20:17+00:00,👤 Ankara 2024-11-12
2024-08-12 22:15:14+00:00,👤 Ankara 2025-04-14
2024-08-12 22:10:17+00:00,👤 Ankara 2025-02-11
2024-08-12 22:10:16+00:00,👤 Ankara 2024-12-17
2024-08-12 22:05:17+00:00,👥 Ankara 2025-03-07
2024-08-12 22:05:16+00:00,👤 Ankara 2025-03-07
2024-08-12 21:55:14+00:00,👤 Ankara 2025-04-16
2024-08-12 21:45:18+00:00,👤 Ankara 2025-04-11
2024-08-12 21:45:18+00:00,👤 Ankara 2025-03-10
2024-08-12 21:45:17+00:00,👤 Ankara 2024-09-24
2024-08-12 21:40:15+00:00,👤 Ankara 2024-10-18
2024-08-12 21:40:14+00:00,👤 Ankara 2025-04-25
2024-08-12 21:30:20+00:00,👤 Ankara 2025-04-15
2024-08-12 21:30:20+00:00,👤 Ankara 2025-04-15
2024-08-12 21:30:19+00:00,👤 Ankara 2024-10-15
2024-08-12 21:30:19+00:00,👥 Ankara 2025-04-15
2024-08-12 21:30:19+00:00,👤 İstanbul 2025-01-07
2024-08-12 21:25:18+00:00,👤 Ankara 2025-02-27
2024-08-12 21:20:17+00:00,👤 Ankara 2025-04-28
2024-08-12 21:15:16+00:00,👤 İstanbul 2024-11-12
2024-08-12 21:10:18+00:00,👤 Ankara 2025-01-27
2024-08-12 21:00:26+00:00,👥 İstanbul 2025-01-14
2024-08-12 21:00:23+00:00,👤 İstanbul 2025-01-14
2024-08-12 21:00:19+00:00,👤 Ankara 2024-10-11
2024-08-12 20:55:18+00:00,👤 Ankara 2025-03-24
2024-08-12 20:55:17+00:00,👥 Ankara 2025-03-24
2024-08-12 20:10:19+00:00,👤 Ankara 2025-03-24
2024-08-12 20:05:17+00:00,👥 Ankara 2024-12-18
2024-08-12 20:00:23+00:00,👤 Ankara 2024-11-13
2024-08-12 20:00:20+00:00,👤 İstanbul 2024-11-12
2024-08-12 19:55:20+00:00,👤 Ankara 2024-10-04
2024-08-12 19:55:18+00:00,👥 Ankara 2024-10-04
2024-08-12 19:50:16+00:00,👤 Ankara 2025-05-06
2024-08-12 19:50:15+00:00,👤 Ankara 2024-10-08
2024-08-12 19:45:36+00:00,👤 Ankara 2024-12-19
2024-08-12 19:45:29+00:00,👤 Ankara 2024-12-17
2024-08-12 19:45:24+00:00,👤 Ankara 2024-10-10
2024-08-12 19:45:17+00:00,👤 Ankara 2024-10-07
2024-08-12 19:45:16+00:00,👤 Ankara 2024-09-13
2024-08-12 19:40:30+00:00,👤 Ankara 2025-04-30
2024-08-12 19:40:21+00:00,👤 Ankara 2025-04-28
2024-08-12 19:40:17+00:00,👥 Ankara 2025-04-30
2024-08-12 19:40:16+00:00,👤 Ankara 2025-02-25
2024-08-12 19:40:14+00:00,👤 Ankara 2024-10-11
2024-08-12 19:35:18+00:00,👤 Ankara 2024-10-17
2024-08-12 19:35:17+00:00,👤 Ankara 2024-10-04
2024-08-12 19:35:15+00:00,👥 Ankara 2024-10-17
2024-08-12 19:25:33+00:00,👤 Ankara 2025-04-10
2024-08-12 19:25:33+00:00,👤 Ankara 2025-02-19
2024-08-12 19:25:27+00:00,👤 Ankara 2024-12-17
2024-08-12 19:25:23+00:00,👤 Ankara 2024-12-03
2024-08-12 19:25:17+00:00,👤 Ankara 2024-09-27
2024-08-12 19:25:16+00:00,👤 Ankara 2024-09-26
2024-08-12 19:20:25+00:00,👤 Ankara 2025-04-11
2024-08-12 19:15:20+00:00,👤 Ankara 2025-03-27
2024-08-12 19:15:20+00:00,👤 Ankara 2025-02-11
2024-08-12 19:15:16+00:00,👤 İstanbul 2024-11-01
2024-08-12 19:15:15+00:00,👤 Ankara 2025-04-18
2024-08-12 19:10:16+00:00,👤 Ankara 2025-04-08
2024-08-12 19:10:16+00:00,👤 Ankara 2025-02-25
2024-08-12 19:05:18+00:00,👤 Ankara 2025-03-21
2024-08-12 19:05:18+00:00,👤 İstanbul 2025-01-06
2024-08-12 19:00:23+00:00,👤 Ankara 2025-01-15
2024-08-12 18:50:15+00:00,👤 Ankara 2024-10-08
2024-08-12 18:50:15+00:00,👤 Ankara 2024-10-09
2024-08-12 18:45:18+00:00,👤 Ankara 2025-04-11
2024-08-12 18:40:37+00:00,👥 İstanbul 2025-01-21
2024-08-12 18:40:32+00:00,👤 Ankara 2025-01-27
2024-08-12 18:40:27+00:00,👤 Ankara 2025-01-17
2024-08-12 18:40:20+00:00,👤 Ankara 2024-10-08
2024-08-12 18:40:19+00:00,👤 Ankara 2024-09-13
2024-08-12 18:40:15+00:00,👤 İstanbul 2025-01-21
2024-08-12 18:35:27+00:00,👤 Ankara 2025-04-14
2024-08-12 18:35:19+00:00,👤 Ankara 2025-03-19
2024-08-12 18:35:14+00:00,👤 Ankara 2024-10-09
2024-08-12 18:30:20+00:00,👤 Ankara 2025-02-12
2024-08-12 18:30:19+00:00,👤 Ankara 2024-10-15
2024-08-12 18:30:17+00:00,👤 İstanbul 2024-10-21
2024-08-12 18:20:25+00:00,👤 Ankara 2025-04-25
2024-08-12 18:20:21+00:00,👤 Ankara 2025-04-10
2024-08-12 18:20:20+00:00,👥 Ankara 2025-04-10
2024-08-12 18:20:20+00:00,👤 Ankara 2024-12-11
2024-08-12 18:15:26+00:00,👤 Ankara 2024-12-20
2024-08-12 18:15:19+00:00,👤 Ankara 2025-04-08
2024-08-12 18:10:30+00:00,👤 İstanbul 2025-01-30
2024-08-12 18:10:21+00:00,👤 Ankara 2024-12-05
2024-08-12 18:05:26+00:00,👤 Ankara 2025-03-05
2024-08-12 18:05:19+00:00,👤 Ankara 2025-02-06
2024-08-12 18:05:18+00:00,👤 Ankara 2024-11-12
2024-08-12 18:05:18+00:00,👥 Ankara 2025-03-05
2024-08-12 18:00:19+00:00,👤 Ankara 2025-01-13
2024-08-12 17:55:21+00:00,👤 İstanbul 2025-01-14
2024-08-12 17:55:14+00:00,👤 Ankara 2024-10-10
2024-08-12 17:50:30+00:00,👤 Ankara 2024-10-10
2024-08-12 17:50:17+00:00,👤 Ankara 2024-10-09
2024-08-12 17:50:17+00:00,👤 Ankara 2024-09-26
2024-08-12 17:45:33+00:00,👤 Ankara 2025-04-08
2024-08-12 17:45:32+00:00,👤 Ankara 2025-01-27
2024-08-12 17:45:20+00:00,👤 Ankara 2024-11-04
2024-08-12 17:45:19+00:00,👤 Ankara 2024-09-27
2024-08-12 17:40:26+00:00,👤 Ankara 2025-04-14
2024-08-12 17:40:25+00:00,👤 Ankara 2025-03-17
2024-08-12 17:35:19+00:00,👤 Ankara 2024-10-08
2024-08-12 17:30:25+00:00,👤 Ankara 2025-04-10
2024-08-12 17:30:22+00:00,👤 Ankara 2025-02-12
2024-08-12 17:30:21+00:00,👤 Ankara 2024-10-07
2024-08-12 17:25:33+00:00,👤 Ankara 2025-04-22
2024-08-12 17:25:32+00:00,👤 Ankara 2025-04-15
2024-08-12 17:20:33+00:00,👤 Ankara 2025-04-29
2024-08-12 17:20:15+00:00,👤 Ankara 2025-02-25
2024-08-12 17:15:18+00:00,👤 İstanbul 2024-11-01
2024-08-12 17:10:36+00:00,👤 Ankara 2025-05-08
2024-08-12 17:10:30+00:00,👤 Ankara 2025-04-15
2024-08-12 17:10:25+00:00,👤 Ankara 2025-02-27
2024-08-12 17:10:23+00:00,👤 Ankara 2024-10-10
2024-08-12 17:10:20+00:00,👥 Ankara 2025-04-15
2024-08-12 17:05:34+00:00,👥 Ankara 2024-10-10
2024-08-12 17:05:28+00:00,👥 Ankara 2024-10-07
2024-08-12 17:05:25+00:00,👤 Ankara 2024-10-10
2024-08-12 17:05:19+00:00,👤 Ankara 2024-10-09
2024-08-12 17:05:18+00:00,👤 Ankara 2024-10-07
2024-08-12 17:05:16+00:00,👤 Ankara 2025-05-05
2024-08-12 17:05:15+00:00,👤 Ankara 2024-10-16
2024-08-12 17:00:25+00:00,👤 Ankara 2025-05-08
2024-08-12 17:00:24+00:00,👤 Ankara 2025-05-07
2024-08-12 16:55:26+00:00,👤 Ankara 2025-04-07
2024-08-12 16:50:18+00:00,👤 İstanbul 2024-11-12
2024-08-12 16:50:17+00:00,👤 Ankara 2025-04-11
2024-08-12 16:50:14+00:00,👤 Ankara 2024-11-14
2024-08-12 16:45:31+00:00,👤 Ankara 2025-04-18
2024-08-12 16:45:22+00:00,👥 Ankara 2025-04-18
2024-08-12 16:45:21+00:00,👥 Ankara 2024-10-17
2024-08-12 16:45:20+00:00,👤 Ankara 2024-10-17
2024-08-12 16:45:17+00:00,👤 İstanbul 2025-01-27
2024-08-12 16:45:16+00:00,👤 Ankara 2024-10-16
2024-08-12 16:45:15+00:00,👤 Ankara 2024-10-09
2024-08-12 16:40:19+00:00,👤 Ankara 2025-03-10
2024-08-12 16:40:18+00:00,👤 Ankara 2024-10-09
2024-08-12 16:35:32+00:00,👤 Ankara 2025-04-08
2024-08-12 16:35:20+00:00,👤 Ankara 2025-02-25
2024-08-12 16:35:19+00:00,👤 Ankara 2025-02-04
2024-08-12 16:35:16+00:00,👤 Ankara 2024-10-10
2024-08-12 16:35:15+00:00,👤 Ankara 2024-10-09
2024-08-12 16:30:30+00:00,👥 Ankara 2025-04-16
2024-08-12 16:30:27+00:00,👤 Ankara 2025-04-22
2024-08-12 16:30:26+00:00,👤 Ankara 2025-04-16
2024-08-12 16:30:20+00:00,👤 Ankara 2025-01-27
2024-08-12 16:30:19+00:00,👤 Ankara 2024-09-26
2024-08-12 16:25:27+00:00,👥 Ankara 2025-04-17
2024-08-12 16:25:23+00:00,👤 Ankara 2025-04-17
2024-08-12 16:25:16+00:00,👤 İstanbul 2025-01-14
2024-08-12 16:20:17+00:00,👤 Ankara 2025-04-29
2024-08-12 16:15:22+00:00,👤 Ankara 2025-01-13
2024-08-12 16:15:21+00:00,👥 Ankara 2025-02-03
2024-08-12 16:15:20+00:00,👤 İstanbul 2024-10-21
2024-08-12 16:15:17+00:00,👤 Ankara 2024-10-08
2024-08-12 16:15:16+00:00,👤 Ankara 2024-10-07
2024-08-12 16:10:21+00:00,👤 Ankara 2024-09-26
2024-08-12 16:05:20+00:00,👤 Ankara 2024-12-11
2024-08-12 16:05:19+00:00,👤 Ankara 2024-10-07
2024-08-12 16:05:16+00:00,👤 İstanbul 2024-11-12
2024-08-12 16:00:35+00:00,👤 Ankara 2025-02-24
2024-08-12 16:00:30+00:00,👤 Ankara 2024-11-01
2024-08-12 16:00:24+00:00,👤 Ankara 2024-10-07
2024-08-12 16:00:20+00:00,👤 Ankara 2024-09-27
2024-08-12 16:00:19+00:00,👤 Ankara 2024-09-11
2024-08-12 15:55:20+00:00,👤 Ankara 2024-10-08
2024-08-12 15:55:14+00:00,👤 Ankara 2024-11-18
2024-08-12 15:50:29+00:00,👤 Ankara 2025-04-08
2024-08-12 15:50:28+00:00,👤 Ankara 2025-02-06
2024-08-12 15:50:21+00:00,👤 Ankara 2024-10-09
2024-08-12 15:50:21+00:00,👤 Ankara 2024-09-11
2024-08-12 15:45:16+00:00,👤 Ankara 2024-10-07
2024-08-12 15:45:15+00:00,👤 Ankara 2024-09-26
2024-08-12 15:40:24+00:00,👤 Ankara 2025-04-21
2024-08-12 15:35:24+00:00,👤 Ankara 2025-04-16
2024-08-12 15:35:23+00:00,👤 Ankara 2025-04-10
2024-08-12 15:30:50+00:00,👤 İstanbul 2024-09-13
2024-08-12 15:30:43+00:00,👥 Ankara 2024-10-07
2024-08-12 15:30:21+00:00,👤 Ankara 2024-10-07
2024-08-12 15:25:24+00:00,👤 Ankara 2024-12-16
2024-08-12 15:25:20+00:00,👤 İstanbul 2025-03-04
2024-08-12 15:25:19+00:00,👥 Ankara 2024-12-16
2024-08-12 15:25:19+00:00,👤 İstanbul 2025-01-13
2024-08-12 15:20:33+00:00,👤 Ankara 2025-05-06
2024-08-12 15:20:32+00:00,👥 Ankara 2025-03-19
2024-08-12 15:20:26+00:00,👤 Ankara 2025-03-19
2024-08-12 15:20:20+00:00,👤 Ankara 2025-02-19
2024-08-12 15:20:19+00:00,👤 Ankara 2025-01-13
2024-08-12 15:20:18+00:00,👤 Ankara 2024-10-07
2024-08-12 15:15:36+00:00,👤 Ankara 2024-10-08
2024-08-12 15:15:25+00:00,👤 Ankara 2025-03-25
2024-08-12 15:15:24+00:00,👤 Ankara 2024-12-18
2024-08-12 15:10:21+00:00,👤 Ankara 2025-04-24
2024-08-12 15:05:28+00:00,👤 Ankara 2025-04-21
2024-08-12 15:05:27+00:00,👤 Ankara 2024-10-16
2024-08-12 15:05:17+00:00,👤 Ankara 2024-10-11
2024-08-12 15:05:16+00:00,👤 Ankara 2024-10-07
2024-08-12 15:00:30+00:00,👤 Ankara 2025-02-13
2024-08-12 15:00:21+00:00,👤 Ankara 2024-12-20
2024-08-12 15:00:21+00:00,👤 Ankara 2024-10-07
2024-08-12 14:55:24+00:00,👤 Ankara 2025-04-28
2024-08-12 14:50:19+00:00,👤 Ankara 2025-04-30
2024-08-12 14:50:19+00:00,👤 Ankara 2024-10-10
2024-08-12 14:35:27+00:00,👥 Ankara 2025-04-16
2024-08-12 14:35:25+00:00,👤 Ankara 2025-04-16
2024-08-12 14:35:25+00:00,👤 Ankara 2025-04-10
2024-08-12 14:30:25+00:00,👤 Ankara 2025-04-29
2024-08-12 14:25:36+00:00,👤 Ankara 2025-04-17
2024-08-12 14:25:25+00:00,👤 Ankara 2025-03-13
2024-08-12 14:25:22+00:00,👥 Ankara 2025-04-17
2024-08-12 14:25:21+00:00,👥 Ankara 2024-11-01
2024-08-12 14:25:20+00:00,👤 Ankara 2024-11-01
2024-08-12 14:25:19+00:00,👤 Ankara 2024-10-07
2024-08-12 14:25:16+00:00,👤 İstanbul 2025-01-13
2024-08-12 14:20:24+00:00,👤 Ankara 2025-04-15
2024-08-12 14:20:18+00:00,👤 Ankara 2024-10-09
2024-08-12 14:20:17+00:00,👤 Ankara 2024-09-27
2024-08-12 14:15:16+00:00,👤 Ankara 2025-03-18
2024-08-12 14:15:15+00:00,👤 İstanbul 2025-01-27
2024-08-12 14:05:16+00:00,👤 Ankara 2025-05-08
2024-08-12 14:05:15+00:00,👤 Ankara 2025-04-25
2024-08-12 14:00:34+00:00,👤 Ankara 2024-09-26
2024-08-12 14:00:28+00:00,👤 Ankara 2025-04-25
2024-08-12 14:00:27+00:00,👤 Ankara 2025-04-21
2024-08-12 14:00:22+00:00,👥 Ankara 2025-04-21
2024-08-12 13:50:18+00:00,👥 Ankara 2025-04-28
2024-08-12 13:50:18+00:00,👤 Ankara 2025-04-28
2024-08-12 13:50:18+00:00,👥 Ankara 2025-03-27
2024-08-12 13:50:16+00:00,👤 Ankara 2025-03-27
2024-08-12 13:50:15+00:00,👤 Ankara 2024-10-07
2024-08-12 13:45:23+00:00,👤 Ankara 2025-04-25
2024-08-12 13:45:18+00:00,👤 İstanbul 2025-01-27
2024-08-12 13:45:16+00:00,👤 Ankara 2024-12-13
2024-08-12 13:45:15+00:00,👤 Ankara 2024-10-10
2024-08-12 13:40:19+00:00,👤 Ankara 2025-04-28
2024-08-12 13:40:18+00:00,👤 Ankara 2025-04-10
2024-08-12 13:40:17+00:00,👤 İstanbul 2024-11-01
2024-08-12 13:35:16+00:00,👤 Ankara 2025-01-08
2024-08-12 13:35:15+00:00,👤 Ankara 2024-10-22
2024-08-12 13:30:32+00:00,👤 Ankara 2024-10-04
2024-08-12 13:30:32+00:00,👤 Ankara 2024-09-27
2024-08-12 13:30:18+00:00,👤 Ankara 2025-04-15
2024-08-12 13:20:21+00:00,👤 İstanbul 2025-01-21
2024-08-12 13:15:15+00:00,👤 Ankara 2024-09-27
2024-08-12 13:05:16+00:00,👤 İstanbul 2024-10-15
2024-08-12 13:00:26+00:00,👤 Ankara 2025-04-24
2024-08-12 13:00:23+00:00,👤 Ankara 2025-04-10
2024-08-12 13:00:22+00:00,👤 Ankara 2025-01-10
2024-08-12 13:00:20+00:00,👤 İstanbul 2024-11-14
2024-08-12 12:55:17+00:00,👤 Ankara 2024-12-11
2024-08-12 12:55:17+00:00,👤 Ankara 2024-10-04
2024-08-12 12:55:15+00:00,👤 İstanbul 2024-10-15
2024-08-12 12:50:23+00:00,👤 Ankara 2025-04-22
2024-08-12 12:50:17+00:00,👤 İstanbul 2024-10-21
2024-08-12 12:50:16+00:00,👥 Ankara 2025-04-22
2024-08-12 12:35:17+00:00,👤 Ankara 2024-10-09
2024-08-12 12:35:15+00:00,👤 Ankara 2025-02-11
2024-08-12 12:30:18+00:00,👤 Ankara 2025-04-11
2024-08-12 12:25:14+00:00,👤 Ankara 2025-04-14
2024-08-12 12:10:18+00:00,👤 Ankara 2024-11-12
2024-08-12 12:05:18+00:00,👤 Ankara 2025-01-23
2024-08-12 11:40:14+00:00,👤 Ankara 2025-04-08
2024-08-12 11:15:48+00:00,👥 Ankara 2024-10-18
2024-08-12 11:15:13+00:00,👤 Ankara 2024-10-18
2024-08-12 11:08:30+00:00,👥 Ankara 2024-10-17
2024-08-12 11:08:13+00:00,👤 Ankara 2024-10-17
2024-08-12 11:03:16+00:00,👤 Ankara 2024-10-16
2024-08-12 11:02:37+00:00,👥 Ankara 2024-10-16
2024-08-12 10:45:27+00:00,👥 Ankara 2024-10-15
2024-08-12 10:45:13+00:00,👤 Ankara 2024-10-15
2024-08-12 10:40:15+00:00,👤 Ankara 2025-04-11
2024-08-12 08:40:12+00:00,👤 Ankara 2024-10-11
2024-08-12 08:35:16+00:00,👥 Ankara 2024-10-10
2024-08-12 08:35:14+00:00,👤 İstanbul 2024-11-01
2024-08-12 08:35:11+00:00,👤 Ankara 2024-10-10
2024-08-12 08:27:27+00:00,👤 Ankara 2024-10-09
2024-08-12 08:22:27+00:00,👤 Ankara 2024-10-08
2024-08-12 08:20:16+00:00,👤 Ankara 2025-04-16
2024-08-12 08:18:26+00:00,👤 Ankara 2024-10-07
2024-08-12 08:18:14+00:00,👥 Ankara 2024-10-07
2024-08-12 08:08:32+00:00,👤 Ankara 2024-10-04
2024-08-12 08:02:13+00:00,👤 Ankara 2024-10-02
2024-08-12 07:57:37+00:00,👤 Ankara 2024-10-01
2024-08-12 07:57:36+00:00,👥 Ankara 2024-10-01
2024-08-12 07:50:19+00:00,👥 Ankara 2025-04-11
2024-08-12 07:50:18+00:00,👤 Ankara 2025-04-11
2024-08-12 07:40:33+00:00,👥 Ankara 2024-09-30
2024-08-12 07:40:21+00:00,👤 Ankara 2024-09-30
2024-08-12 07:38:17+00:00,👤 Ankara 2024-09-27
2024-08-12 07:30:17+00:00,👤 Ankara 2025-05-06
2024-08-12 07:26:55+00:00,👥 Ankara 2024-09-26
2024-08-12 07:26:38+00:00,👤 Ankara 2024-09-26
2024-08-12 07:15:18+00:00,👤 Ankara 2025-04-22
2024-08-12 03:50:37+00:00,👤 Ankara 2024-09-03
2024-08-12 02:10:15+00:00,👤 Ankara 2025-04-29
2024-08-12 00:25:17+00:00,👤 Ankara 2025-04-28
2024-08-12 00:25:15+00:00,👤 İstanbul 2024-09-05
2024-08-12 00:20:15+00:00,👤 Ankara 2025-04-25
2024-08-11 23:00:22+00:00,👤 İstanbul 2024-10-21
2024-08-11 21:45:16+00:00,👤 Ankara 2024-09-06
2024-08-11 19:20:25+00:00,👥 Ankara 2025-04-08
2024-08-11 19:20:15+00:00,👤 Ankara 2025-04-08
2024-08-11 15:40:20+00:00,👤 Ankara 2025-04-28
2024-08-11 15:40:19+00:00,👤 Ankara 2025-04-29
2024-08-11 15:30:21+00:00,👤 Ankara 2025-04-25
2024-08-11 15:25:17+00:00,👤 Ankara 2025-04-24
2024-08-11 15:15:15+00:00,👤 Ankara 2025-05-06
2024-08-11 13:30:21+00:00,👥 Ankara 2025-04-30
2024-08-11 13:30:17+00:00,👤 Ankara 2025-04-30
2024-08-11 12:50:17+00:00,👤 İstanbul 2024-09-05
2024-08-11 11:55:16+00:00,👤 Ankara 2025-05-07
2024-08-11 11:15:20+00:00,👥 Ankara 2025-04-21
2024-08-11 11:15:17+00:00,👤 Ankara 2025-04-21
2024-08-11 10:55:16+00:00,👤 Ankara 2025-04-25
2024-08-11 08:40:27+00:00,👤 İstanbul 2024-11-01
2024-08-11 08:30:21+00:00,👤 Ankara 2025-04-29
2024-08-11 08:15:16+00:00,👤 Ankara 2025-04-29
2024-08-11 06:45:16+00:00,👤 Ankara 2025-04-21
2024-08-11 05:25:15+00:00,👤 Ankara 2025-04-24
2024-08-11 04:40:17+00:00,👥 Ankara 2025-04-25
2024-08-11 04:40:16+00:00,👤 Ankara 2025-04-25
2024-08-11 04:25:15+00:00,👥 Ankara 2025-04-24
2024-08-11 04:25:14+00:00,👤 Ankara 2025-04-24
2024-08-11 04:10:18+00:00,👤 Ankara 2024-09-24
2024-08-11 04:10:17+00:00,👤 İstanbul 2024-09-05
2024-08-11 03:55:54+00:00,👤 Ankara 2025-06-24
2024-08-11 03:55:14+00:00,👤 Ankara 2025-04-16
2024-08-11 03:50:42+00:00,👤 Ankara 2025-06-03
2024-08-11 03:45:14+00:00,👤 Ankara 2025-04-28
2024-08-11 03:40:16+00:00,👤 Ankara 2024-08-27
2024-08-11 03:20:14+00:00,👤 Ankara 2025-04-29
2024-08-11 03:15:16+00:00,👤 Ankara 2025-04-28
2024-08-11 02:45:23+00:00,👥 Ankara 2025-04-30
2024-08-11 02:45:16+00:00,👤 Ankara 2025-04-30
2024-08-11 01:30:19+00:00,👤 Ankara 2025-04-14
2024-08-11 00:40:20+00:00,👥 Ankara 2025-04-28
2024-08-11 00:40:16+00:00,👤 Ankara 2025-04-28
2024-08-11 00:30:33+00:00,👥 Ankara 2025-05-23
2024-08-11 00:30:18+00:00,👤 Ankara 2025-04-21
2024-08-11 00:10:17+00:00,👤 Ankara 2025-04-28
2024-08-11 00:10:16+00:00,👥 Ankara 2025-04-28
2024-08-11 00:00:24+00:00,👥 Ankara 2025-04-22
2024-08-11 00:00:22+00:00,👤 Ankara 2025-04-22
2024-08-10 23:50:17+00:00,👤 Ankara 2025-04-25
2024-08-10 23:35:15+00:00,👤 İstanbul 2024-10-15
2024-08-10 22:35:15+00:00,👤 Ankara 2024-10-04
2024-08-10 22:15:18+00:00,👤 Ankara 2025-04-29
2024-08-10 22:10:17+00:00,👥 Ankara 2025-04-25
2024-08-10 22:10:16+00:00,👤 Ankara 2025-04-25
2024-08-10 22:00:19+00:00,👤 İstanbul 2024-11-01
2024-08-10 21:45:16+00:00,👤 Ankara 2025-04-28
2024-08-10 20:10:16+00:00,👤 Ankara 2025-04-11
2024-08-10 20:10:16+00:00,👥 Ankara 2025-04-11
2024-08-10 19:30:18+00:00,👤 İstanbul 2024-10-15
2024-08-10 19:25:17+00:00,👥 Ankara 2025-04-25
2024-08-10 19:25:15+00:00,👤 Ankara 2025-04-25
2024-08-10 18:50:17+00:00,👤 Ankara 2024-08-20
2024-08-10 18:25:19+00:00,👤 Ankara 2025-04-08
2024-08-10 18:10:15+00:00,👤 Ankara 2025-04-08
2024-08-10 17:55:29+00:00,👥 Ankara 2025-05-06
2024-08-10 17:55:14+00:00,👤 Ankara 2025-05-06
2024-08-10 17:45:15+00:00,👤 Ankara 2025-05-05
2024-08-10 17:25:29+00:00,👥 Ankara 2025-04-16
2024-08-10 17:25:15+00:00,👤 Ankara 2025-04-16
2024-08-10 17:20:17+00:00,👤 Ankara 2025-04-25
2024-08-10 17:05:22+00:00,👥 Ankara 2025-05-13
2024-08-10 17:00:19+00:00,👤 Ankara 2025-03-27
2024-08-10 16:55:14+00:00,👤 Ankara 2025-04-11
2024-08-10 16:45:38+00:00,👥 Ankara 2025-04-10
2024-08-10 16:45:17+00:00,👤 Ankara 2025-04-10
2024-08-10 16:30:17+00:00,👤 Ankara 2025-04-17
2024-08-10 16:15:18+00:00,👤 Ankara 2025-04-30
2024-08-10 15:35:16+00:00,👤 Ankara 2025-04-25
2024-08-10 15:20:19+00:00,👥 Ankara 2025-04-29
2024-08-10 15:20:17+00:00,👤 Ankara 2025-04-29
2024-08-10 15:20:15+00:00,👤 Ankara 2025-04-22
2024-08-10 15:20:15+00:00,👥 Ankara 2025-04-22
2024-08-10 15:05:16+00:00,👤 Ankara 2025-04-14
2024-08-10 14:50:21+00:00,👥 Ankara 2025-04-22
2024-08-10 14:50:18+00:00,👤 Ankara 2025-04-22
2024-08-10 14:45:18+00:00,👤 Ankara 2025-04-18
2024-08-10 14:00:29+00:00,👤 Ankara 2025-05-22
2024-08-10 13:40:16+00:00,👤 Ankara 2025-04-21
2024-08-10 13:25:15+00:00,👤 Ankara 2025-05-06
2024-08-10 13:20:21+00:00,👤 Ankara 2025-04-28
2024-08-10 13:15:15+00:00,👤 İstanbul 2024-10-21
2024-08-10 13:10:14+00:00,👤 Ankara 2025-04-24
2024-08-10 12:40:18+00:00,👤 Ankara 2025-04-15
2024-08-10 12:35:30+00:00,👥 Ankara 2025-04-17
2024-08-10 12:35:22+00:00,👤 Ankara 2025-04-17
2024-08-10 12:20:20+00:00,👤 Ankara 2025-04-28
2024-08-10 12:15:26+00:00,👤 Ankara 2025-05-27
2024-08-10 12:05:18+00:00,👤 İstanbul 2024-10-15
2024-08-10 11:50:19+00:00,👤 Ankara 2025-04-28
2024-08-10 11:25:18+00:00,👤 İstanbul 2025-01-27
2024-08-10 11:20:29+00:00,👤 Ankara 2025-06-13
2024-08-10 11:05:18+00:00,👤 Ankara 2025-04-29
2024-08-10 10:46:34+00:00,👤 Ankara 2025-05-30
2024-08-10 10:30:22+00:00,👤 Ankara 2024-09-20
2024-08-10 10:30:20+00:00,👤 Ankara 2025-04-28
2024-08-10 09:55:19+00:00,👤 Ankara 2025-04-24
2024-08-10 09:55:18+00:00,👤 Ankara 2024-10-21
2024-08-10 09:25:22+00:00,👥 Ankara 2025-04-22
2024-08-10 09:25:15+00:00,👤 Ankara 2025-04-22
2024-08-10 09:15:17+00:00,👤 Ankara 2025-02-13
2024-08-10 09:15:15+00:00,👤 İstanbul 2024-10-25
2024-08-10 09:10:21+00:00,👤 İstanbul 2024-10-15
2024-08-10 08:55:16+00:00,👤 Ankara 2025-04-14
2024-08-10 08:35:17+00:00,👤 Ankara 2025-04-22
2024-08-10 08:00:22+00:00,👤 İstanbul 2024-11-01
2024-08-10 08:00:21+00:00,👤 Ankara 2025-02-04
2024-08-10 07:55:21+00:00,👤 Ankara 2025-01-23
2024-08-10 07:55:14+00:00,👤 Ankara 2025-04-08
2024-08-10 07:00:24+00:00,👤 Ankara 2025-04-11
2024-08-10 06:40:19+00:00,👤 Ankara 2025-04-10
2024-08-10 06:35:14+00:00,👤 Ankara 2024-09-20
2024-08-10 06:10:18+00:00,👤 Ankara 2025-04-22
2024-08-10 06:05:28+00:00,👥 Ankara 2025-04-07
2024-08-10 06:05:18+00:00,👤 Ankara 2025-04-07
2024-08-10 06:00:23+00:00,👤 Ankara 2025-04-29
2024-08-10 05:35:57+00:00,👥 Ankara 2025-04-17
2024-08-10 05:35:17+00:00,👤 Ankara 2025-04-17
2024-08-10 05:30:23+00:00,👤 Ankara 2025-04-24
2024-08-10 05:30:18+00:00,👤 Ankara 2025-04-21
2024-08-10 05:25:21+00:00,👥 Ankara 2025-04-29
2024-08-10 05:25:18+00:00,👤 Ankara 2025-04-29
2024-08-10 05:25:17+00:00,👤 Ankara 2025-04-18
2024-08-10 05:20:31+00:00,👤 Ankara 2024-10-24
2024-08-10 05:15:19+00:00,👤 Ankara 2025-04-18
2024-08-10 05:10:16+00:00,👤 Ankara 2025-04-28
2024-08-10 04:41:11+00:00,👥 Ankara 2025-04-22
2024-08-10 04:40:20+00:00,👤 Ankara 2025-04-22
2024-08-10 04:35:15+00:00,👤 Ankara 2025-02-12
2024-08-10 04:25:34+00:00,👥 Ankara 2025-04-16
2024-08-10 04:25:18+00:00,👤 Ankara 2025-04-16
2024-08-10 04:25:17+00:00,👤 Ankara 2025-03-27
2024-08-10 04:20:21+00:00,👤 Ankara 2025-04-07
2024-08-10 04:10:17+00:00,👤 Ankara 2025-02-12
2024-08-10 04:05:25+00:00,👤 Ankara 2024-09-24
2024-08-10 04:00:22+00:00,👥 Ankara 2025-04-25
2024-08-10 04:00:19+00:00,👤 Ankara 2025-04-25
2024-08-10 04:00:19+00:00,👤 Ankara 2025-04-16
2024-08-10 03:55:18+00:00,👤 Ankara 2025-04-11
2024-08-10 03:50:18+00:00,👤 Ankara 2025-04-25
2024-08-10 03:40:18+00:00,👤 Ankara 2025-04-11
2024-08-10 03:25:19+00:00,👤 Ankara 2025-05-06
2024-08-10 03:20:18+00:00,👤 İstanbul 2024-10-15
2024-08-10 03:00:24+00:00,👤 Ankara 2025-04-25
2024-08-10 03:00:24+00:00,👤 Ankara 2025-04-15
2024-08-10 02:55:31+00:00,👥 Ankara 2025-05-27
2024-08-10 02:45:17+00:00,👤 Ankara 2024-12-17
2024-08-10 02:45:17+00:00,👤 Ankara 2025-04-10
2024-08-10 02:05:18+00:00,👤 Ankara 2024-09-13
2024-08-10 01:55:17+00:00,👤 İstanbul 2024-11-01
2024-08-10 01:50:21+00:00,👥 Ankara 2025-04-25
2024-08-10 01:50:16+00:00,👤 Ankara 2025-05-05
2024-08-10 01:50:15+00:00,👤 Ankara 2025-04-25
2024-08-10 01:45:16+00:00,👤 Ankara 2025-03-13
2024-08-10 01:35:15+00:00,👤 Ankara 2024-09-24
2024-08-10 01:30:46+00:00,👥 Ankara 2025-04-25
2024-08-10 01:30:23+00:00,👤 Ankara 2025-04-25
2024-08-10 01:30:22+00:00,👤 Ankara 2025-03-14
2024-08-10 01:30:18+00:00,👤 Ankara 2024-11-01
2024-08-10 01:25:19+00:00,👤 Ankara 2025-04-16
2024-08-10 01:15:29+00:00,👤 İstanbul 2024-11-01
2024-08-10 01:15:22+00:00,👤 Ankara 2024-09-24
2024-08-10 01:00:43+00:00,👥 Ankara 2025-03-07
2024-08-10 01:00:30+00:00,👤 Ankara 2025-03-11
2024-08-10 01:00:20+00:00,👤 Ankara 2025-03-07
2024-08-10 00:55:52+00:00,👤 İstanbul 2025-01-10
2024-08-10 00:40:20+00:00,👤 Ankara 2025-03-24
2024-08-10 00:40:20+00:00,👤 Ankara 2025-02-21
2024-08-10 00:30:20+00:00,👤 Ankara 2025-04-14
2024-08-10 00:30:19+00:00,👤 Ankara 2024-12-11
2024-08-10 00:25:16+00:00,👤 İstanbul 2024-11-12
2024-08-10 00:20:18+00:00,👤 Ankara 2024-09-20
2024-08-10 00:20:16+00:00,👤 Ankara 2025-04-15
2024-08-10 00:15:23+00:00,👤 Ankara 2024-09-23
2024-08-10 00:05:22+00:00,👤 Ankara 2025-04-22
2024-08-10 00:05:16+00:00,👤 Ankara 2025-04-28
2024-08-09 23:55:18+00:00,👤 Ankara 2025-04-24
2024-08-09 23:55:18+00:00,👤 Ankara 2024-09-11
2024-08-09 23:55:16+00:00,👤 Ankara 2025-04-29
2024-08-09 23:55:14+00:00,👤 İstanbul 2024-11-12
2024-08-09 23:45:17+00:00,👤 Ankara 2025-04-10
2024-08-09 23:35:19+00:00,👤 Ankara 2025-04-24
2024-08-09 23:25:16+00:00,👤 İstanbul 2024-11-12
2024-08-09 23:20:17+00:00,👤 İstanbul 2024-11-12
2024-08-09 22:50:29+00:00,👥 Ankara 2025-05-22
2024-08-09 22:50:18+00:00,👤 Ankara 2025-02-04
2024-08-09 22:35:20+00:00,👤 Ankara 2025-04-08
2024-08-09 22:35:19+00:00,👤 Ankara 2024-12-03
2024-08-09 22:35:15+00:00,👤 Ankara 2025-02-11
2024-08-09 22:20:20+00:00,👤 Ankara 2024-12-11
2024-08-09 22:20:20+00:00,👤 Ankara 2024-12-11
2024-08-09 22:10:18+00:00,👤 Ankara 2024-09-20
2024-08-09 22:05:16+00:00,👤 İstanbul 2024-10-21
2024-08-09 22:00:21+00:00,👤 Ankara 2025-04-22
2024-08-09 21:06:19+00:00,👤 Ankara 2025-04-24
2024-08-09 20:35:26+00:00,👤 İstanbul 2024-11-12
2024-08-09 19:55:43+00:00,👤 Ankara 2025-02-11
2024-08-09 19:50:24+00:00,👤 İstanbul 2024-11-08
2024-08-09 19:10:26+00:00,👤 Ankara 2025-01-16
2024-08-09 18:10:23+00:00,👤 Ankara 2025-01-23
2024-08-09 17:30:31+00:00,👤 İstanbul 2024-10-15
2024-08-09 16:55:21+00:00,👤 İstanbul 2024-11-14
2024-08-09 15:15:06+00:00,👤 Ankara 2024-09-09
2024-08-09 14:05:49+00:00,👤 Ankara 2024-09-24
2024-08-09 14:04:01+00:00,👤 Ankara 2024-09-23
2024-08-09 14:03:32+00:00,👤 Ankara 2024-09-20
2024-08-09 14:02:48+00:00,👤 Ankara 2024-09-13
2024-08-09 14:02:43+00:00,👥 Ankara 2024-09-13
2024-08-09 00:00:25+00:00,👤 İstanbul 2024-08-27
2024-08-08 14:20:39+00:00,👥 Ankara 2025-06-24
2024-08-08 12:25:34+00:00,👤 İstanbul 2024-11-12
2024-08-08 07:15:39+00:00,👤 Ankara 2025-05-07
2024-08-08 02:45:39+00:00,👤 İstanbul 2025-06-02
2024-08-08 02:31:28+00:00,👤 İstanbul 2024-11-12
2024-08-08 00:30:31+00:00,👤 İstanbul 2024-11-01
2024-08-07 19:10:23+00:00,👤 İstanbul 2024-11-12
2024-08-07 17:40:38+00:00,👤 Ankara 2025-03-27
2024-08-07 17:05:28+00:00,👤 Ankara 2024-11-04
2024-08-07 14:10:21+00:00,👤 Ankara 2025-02-13
2024-08-07 12:00:26+00:00,👤 Ankara 2025-02-12
2024-08-07 10:30:25+00:00,👤 Ankara 2024-11-04
2024-08-07 09:30:26+00:00,👤 Ankara 2025-03-13
2024-08-07 08:55:27+00:00,👤 Ankara 2025-03-27
2024-08-07 08:20:57+00:00,👤 Ankara 2025-03-24
2024-08-07 06:45:35+00:00,👤 İstanbul 2024-11-12
2024-08-07 06:25:23+00:00,👤 Ankara 2024-11-04
2024-08-07 06:10:43+00:00,👤 İstanbul 2024-10-15
2024-08-07 06:10:42+00:00,👥 İstanbul 2024-10-15
2024-08-07 05:00:44+00:00,👤 Ankara 2025-05-12
2024-08-07 04:20:42+00:00,👤 İstanbul 2024-11-12
2024-08-07 03:05:20+00:00,👤 İstanbul 2024-08-12
2024-08-06 23:25:20+00:00,👤 Ankara 2025-02-25
2024-08-06 23:15:21+00:00,👤 Ankara 2024-12-17
2024-08-06 23:00:27+00:00,👤 Ankara 2025-03-27
2024-08-06 22:50:21+00:00,👥 İstanbul 2024-11-01
2024-08-06 21:50:26+00:00,👤 Ankara 2025-01-23
2024-08-06 21:50:22+00:00,👤 İstanbul 2024-08-09
2024-08-06 21:30:29+00:00,👥 İstanbul 2024-08-12
2024-08-06 21:30:26+00:00,👤 İstanbul 2024-08-12
2024-08-06 21:16:23+00:00,👤 İstanbul 2025-06-02
2024-08-06 21:05:21+00:00,👤 İstanbul 2025-02-04
2024-08-06 20:50:40+00:00,👤 Ankara 2025-04-10
2024-08-06 19:30:56+00:00,👥 İstanbul 2025-01-06
2024-08-06 19:25:24+00:00,👤 İstanbul 2025-09-11
2024-08-06 19:20:26+00:00,👥 Ankara 2025-02-20
2024-08-06 19:05:22+00:00,👤 İstanbul 2024-11-01
2024-08-06 19:00:27+00:00,👤 İstanbul 2024-10-15
2024-08-06 18:55:20+00:00,👤 İstanbul 2025-01-27
2024-08-06 18:25:22+00:00,👤 İstanbul 2024-11-14
2024-08-06 18:25:20+00:00,👤 İstanbul 2024-08-09
2024-08-06 18:10:23+00:00,👤 Ankara 2025-03-27
2024-08-06 18:10:21+00:00,👥 Ankara 2025-03-27
2024-08-06 17:55:21+00:00,👥 Ankara 2025-02-11
2024-08-06 17:45:28+00:00,👤 Ankara 2025-10-10
2024-08-06 17:35:21+00:00,👥 Ankara 2025-04-28
2024-08-06 17:25:22+00:00,👤 İstanbul 2024-10-15
2024-08-06 17:20:26+00:00,👤 Ankara 2025-06-10
2024-08-06 16:20:21+00:00,👤 İstanbul 2025-01-10
2024-08-06 16:12:49+00:00,👤 Ankara 2025-04-16
2024-08-06 12:45:25+00:00,👥 İstanbul 2024-11-12
2024-08-06 12:45:25+00:00,👤 İstanbul 2024-11-12
2024-08-06 12:32:55+00:00,👥 İstanbul 2024-11-01
2024-08-06 12:32:28+00:00,👤 İstanbul 2024-11-01
2024-08-06 12:05:18+00:00,👤 İstanbul 2024-10-15
2024-08-05 15:05:25+00:00,👤 Ankara 2025-02-24
2024-08-05 12:30:25+00:00,👤 İstanbul 2024-08-09
2024-08-04 17:05:25+00:00,👤 İstanbul 2024-08-09
2024-08-03 09:25:26+00:00,👤 Ankara 2025-01-07
2024-08-03 03:35:22+00:00,👤 Ankara 2024-10-08
2024-08-02 20:45:16+00:00,👤 Ankara 2024-12-18
2024-08-02 19:50:23+00:00,👤 İstanbul 2024-08-09
2024-08-02 19:02:26+00:00,Gelen oy dağılımına göre uyarılar son 9 ay olacak şekilde düzenlenecektir.
2024-08-01 20:30:18+00:00,"Oy vermeyen kaldıysa verirseniz buna göre düzenleme yapacağız. Şu haliyle Son 6 ay, biraz daha oy gelirse Son 9 ay şeklinde düzenleme yapılacaktır."
2024-08-01 18:35:28+00:00,👤 İstanbul 2024-08-09
2024-08-01 16:40:15+00:00,👤 Ankara 2024-09-23
2024-07-30 20:00:24+00:00,👤 İstanbul 2024-08-08
2024-07-29 20:50:15+00:00,👤 İstanbul 2024-09-30
2024-07-29 20:40:16+00:00,👤 Ankara 2024-10-30
2024-07-29 16:20:25+00:00,👤 Ankara 2024-09-12
2024-07-29 13:35:28+00:00,👤 İstanbul 2024-09-10
2024-07-27 18:30:16+00:00,👤 Ankara 2024-12-10
2024-07-27 16:25:22+00:00,👤 Ankara 2024-08-01
2024-07-26 23:35:16+00:00,👤 İstanbul 2024-08-05
2024-07-26 20:30:23+00:00,👤 İstanbul 2024-08-05
2024-07-25 23:45:14+00:00,👤 İstanbul 2024-08-19
2024-07-25 20:40:17+00:00,👥 İstanbul 2024-09-24
2024-07-25 15:30:26+00:00,👤 İstanbul 2024-09-27
2024-07-25 13:55:22+00:00,👤 İstanbul 2024-08-01
2024-07-25 07:20:17+00:00,👤 Ankara 2024-10-24
2024-07-25 00:20:30+00:00,👤 İstanbul 2024-08-12
2024-07-25 00:00:24+00:00,👤 İstanbul 2024-07-30
2024-07-24 19:35:27+00:00,👤 İstanbul 2024-08-08
2024-07-24 09:40:18+00:00,👤 İstanbul 2024-11-18
2024-07-23 22:40:17+00:00,👤 Ankara 2024-07-26
2024-07-23 22:30:18+00:00,👤 İstanbul 2024-09-13
2024-07-23 17:05:15+00:00,👤 İstanbul 2024-08-26
2024-07-23 02:15:18+00:00,👤 Ankara 2024-12-03
2024-07-23 00:20:17+00:00,👤 Ankara 2024-07-25
2024-07-22 22:25:20+00:00,👤 İstanbul 2024-07-26
2024-07-21 14:50:15+00:00,👤 Ankara 2024-07-25
2024-07-21 06:05:22+00:00,👤 İstanbul 2024-07-25
2024-07-20 18:50:24+00:00,👤 İstanbul 2024-08-08
2024-07-20 17:55:14+00:00,👤 Ankara 2024-07-30
2024-07-20 17:05:15+00:00,👤 Ankara 2024-11-01
2024-07-20 12:35:16+00:00,👤 İstanbul 2024-09-20
2024-07-20 04:20:16+00:00,👤 İstanbul 2024-08-20
2024-07-20 00:00:25+00:00,👤 İstanbul 2024-07-26
2024-07-19 23:30:23+00:00,👤 İstanbul 2024-08-20
2024-07-19 16:30:25+00:00,👤 İstanbul 2024-08-08
2024-07-19 00:45:17+00:00,👤 İstanbul 2024-08-29
2024-07-18 17:45:15+00:00,👤 Ankara 2024-08-14
2024-07-17 14:25:27+00:00,👤 İstanbul 2024-07-22
2024-07-16 21:25:18+00:00,👤 İstanbul 2024-08-12
2024-07-16 21:25:15+00:00,👤 Ankara 2024-07-31
2024-07-16 21:25:14+00:00,👥 İstanbul 2024-08-12
2024-07-16 20:00:24+00:00,👤 İstanbul 2024-07-26
2024-07-16 19:40:26+00:00,👤 İstanbul 2024-07-26
2024-07-16 18:55:14+00:00,👤 İstanbul 2024-10-24
2024-07-16 15:50:15+00:00,👤 İstanbul 2024-09-30
2024-07-16 14:30:29+00:00,👤 İstanbul 2024-07-26
2024-07-16 13:55:14+00:00,👤 İstanbul 2024-11-18
2024-07-16 11:55:15+00:00,👤 İstanbul 2024-08-09
2024-07-16 10:45:14+00:00,👤 Ankara 2024-08-07
2024-07-16 10:25:19+00:00,👤 Ankara 2024-12-17
2024-07-16 08:15:15+00:00,👤 Ankara 2024-10-16
2024-07-16 07:50:15+00:00,👤 Ankara 2024-10-16
2024-07-16 02:55:17+00:00,👥 Ankara 2024-12-17
2024-07-16 02:55:14+00:00,👤 Ankara 2024-12-17
2024-07-16 01:35:17+00:00,👤 Ankara 2024-07-22
2024-07-15 23:35:14+00:00,👤 İstanbul 2024-09-30
2024-07-14 18:35:15+00:00,👤 İstanbul 2024-08-26
2024-07-14 04:50:17+00:00,👤 Ankara 2024-07-18
2024-07-13 03:30:18+00:00,👤 Ankara 2024-12-19
2024-07-12 22:25:14+00:00,👤 İstanbul 2024-10-24
2024-07-12 22:20:20+00:00,👤 Ankara 2024-08-15
2024-07-12 17:25:22+00:00,👤 İstanbul 2024-08-08
2024-07-12 16:00:19+00:00,👤 Ankara 2024-08-14
2024-07-12 14:25:23+00:00,👤 Ankara 2024-07-18
2024-07-11 21:15:15+00:00,👤 Ankara 2024-11-19
2024-07-11 15:55:14+00:00,👤 Ankara 2024-11-18
2024-07-11 15:10:17+00:00,👤 Ankara 2024-10-25
2024-07-11 08:45:18+00:00,👤 İstanbul 2024-09-17
2024-07-11 07:00:25+00:00,👤 Ankara 2024-11-21
2024-07-11 04:00:24+00:00,👤 İstanbul 2024-08-02
2024-07-10 23:45:18+00:00,👤 Ankara 2024-08-21
2024-07-10 19:15:17+00:00,👤 Ankara 2024-08-06
2024-07-10 17:35:15+00:00,👤 İstanbul 2024-10-21
2024-07-10 17:20:21+00:00,👤 İstanbul 2024-07-16
2024-07-10 00:05:25+00:00,👤 Ankara 2024-08-15
2024-07-09 18:30:16+00:00,👤 İstanbul 2024-07-12
2024-07-09 09:50:18+00:00,👤 Ankara 2024-08-09
2024-07-09 07:22:17+00:00,"Son 9 Ay,Nisan 2025 tarihini içeriyor sehven hatalı yazıldı."
2024-07-09 01:10:15+00:00,👤 Ankara 2024-11-21
2024-07-08 20:45:15+00:00,👤 İstanbul 2024-08-27
2024-07-08 18:05:18+00:00,👤 İstanbul 2024-07-22
2024-07-08 16:35:14+00:00,👤 İstanbul 2024-09-10
2024-07-08 15:25:23+00:00,👥 Ankara 2024-07-16
2024-07-08 15:25:16+00:00,👤 Ankara 2024-07-16
2024-07-08 13:15:25+00:00,👤 İstanbul 2024-08-01
2024-07-07 23:15:15+00:00,👤 Ankara 2024-09-17
2024-07-07 14:30:19+00:00,👤 İstanbul 2024-07-11
2024-07-07 12:15:15+00:00,👤 İstanbul 2024-11-05
2024-07-07 02:35:27+00:00,👤 Ankara 2024-07-31
2024-07-07 02:35:21+00:00,👤 İstanbul 2024-09-16
2024-07-06 14:20:17+00:00,👤 Ankara 2024-11-18
2024-07-06 10:10:18+00:00,👤 Ankara 2024-07-10
2024-07-06 01:55:16+00:00,👤 Ankara 2024-08-13
2024-07-05 23:55:25+00:00,👤 Ankara 2024-07-23
2024-07-05 22:30:23+00:00,👤 Ankara 2024-08-16
2024-07-05 16:05:18+00:00,👤 İstanbul 2024-07-11
2024-07-05 16:00:19+00:00,👤 İstanbul 2024-08-13
2024-07-05 12:40:14+00:00,👤 İstanbul 2024-10-21
2024-07-05 11:15:16+00:00,👤 Ankara 2024-10-08
2024-07-05 06:15:17+00:00,👤 İstanbul 2024-07-17
2024-07-05 04:15:17+00:00,👤 Ankara 2024-07-30
2024-07-04 23:15:17+00:00,👤 Ankara 2024-11-01
2024-07-04 23:00:20+00:00,👤 İstanbul 2024-07-11
2024-07-04 16:40:17+00:00,👤 Ankara 2024-07-10
2024-07-04 15:22:42+00:00,👤 İstanbul 2024-10-21
2024-07-04 09:35:13+00:00,👤 Ankara 2024-07-09
2024-07-04 01:45:23+00:00,👥 Ankara 2025-01-14
2024-07-03 22:05:21+00:00,👤 Ankara 2024-12-02
2024-07-03 21:30:17+00:00,👤 Ankara 2024-07-09
2024-07-03 21:05:18+00:00,👤 Ankara 2024-07-10
2024-07-03 20:30:19+00:00,👤 Ankara 2024-08-09
2024-07-03 17:30:20+00:00,👤 Ankara 2024-11-18
2024-07-03 17:15:15+00:00,👤 Ankara 2024-12-11
2024-07-03 17:10:15+00:00,👤 Ankara 2024-12-20
2024-07-03 13:40:25+00:00,👤 İstanbul 2024-07-09
2024-07-03 11:45:24+00:00,👤 Ankara 2024-07-09
2024-07-03 03:15:16+00:00,👤 Ankara 2024-07-08
2024-07-03 01:15:19+00:00,👤 Ankara 2024-07-18
2024-07-02 20:55:13+00:00,👤 Ankara 2024-10-21
2024-07-02 20:35:19+00:00,👤 İstanbul 2024-11-07
2024-07-02 17:40:20+00:00,👤 Ankara 2024-11-12
2024-07-02 17:25:14+00:00,👤 Ankara 2024-11-01
2024-07-02 16:30:18+00:00,👤 İstanbul 2024-10-01
2024-07-02 16:25:17+00:00,👤 İstanbul 2024-09-10
2024-07-02 15:20:15+00:00,👤 Ankara 2024-07-11
2024-07-02 08:45:14+00:00,👤 Ankara 2024-10-01
2024-07-02 06:55:15+00:00,👤 İstanbul 2024-08-06
2024-07-02 01:25:24+00:00,👤 Ankara 2024-07-26
2024-07-02 01:15:15+00:00,👤 Ankara 2024-11-18
2024-07-01 22:45:15+00:00,👤 Ankara 2024-10-07
2024-07-01 20:45:21+00:00,👤 Ankara 2024-07-25
2024-07-01 20:15:23+00:00,👤 İstanbul 2024-07-11
2024-07-01 18:05:16+00:00,👤 Ankara 2024-11-13
2024-07-01 15:50:26+00:00,👤 İstanbul 2024-07-22
2024-06-29 19:25:15+00:00,👤 Ankara 2024-08-12
2024-06-29 05:25:15+00:00,👤 Ankara 2024-08-21
2024-06-29 04:15:15+00:00,👤 İstanbul 2024-07-11
2024-06-29 02:30:18+00:00,👤 Ankara 2024-08-21
2024-06-28 22:50:15+00:00,👤 İstanbul 2024-08-01
2024-06-28 21:00:22+00:00,👤 Ankara 2024-07-12
2024-06-28 18:40:15+00:00,👤 Ankara 2024-08-16
2024-06-28 18:35:21+00:00,👤 Ankara 2024-07-03
2024-06-28 17:15:18+00:00,👤 Ankara 2024-11-01
2024-06-28 14:10:22+00:00,👤 Ankara 2024-07-18
2024-06-28 13:10:22+00:00,👥 Ankara 2024-10-31
2024-06-28 13:10:16+00:00,👤 Ankara 2024-10-31
2024-06-28 10:20:16+00:00,👤 Ankara 2024-12-19
2024-06-28 09:35:15+00:00,👤 Ankara 2024-12-03
2024-06-28 03:10:15+00:00,👤 Ankara 2024-12-02
2024-06-28 02:45:21+00:00,👤 İstanbul 2024-07-02
2024-06-27 22:35:15+00:00,👤 İstanbul 2024-07-12
2024-06-27 20:35:14+00:00,👤 İstanbul 2024-07-26
2024-06-26 21:35:22+00:00,👤 Ankara 2024-07-11
2024-06-26 21:30:19+00:00,👤 Ankara 2024-11-21
2024-06-26 21:30:19+00:00,👤 Ankara 2024-11-21
2024-06-26 17:00:21+00:00,👤 İstanbul 2024-07-01
2024-06-26 12:05:17+00:00,👤 Ankara 2024-09-06
2024-06-26 11:25:24+00:00,👤 İstanbul 2024-07-22
2024-06-26 09:25:17+00:00,👤 Ankara 2024-11-08
2024-06-26 08:55:14+00:00,👤 Ankara 2024-11-12
2024-06-26 08:30:19+00:00,👤 Ankara 2024-11-04
2024-06-26 08:15:17+00:00,👤 Ankara 2024-12-19
2024-06-26 06:40:15+00:00,👤 İstanbul 2024-09-06
2024-06-26 06:20:16+00:00,👤 Ankara 2024-08-01
2024-06-26 04:00:20+00:00,👤 Ankara 2024-10-21
2024-06-26 02:00:21+00:00,👤 Ankara 2024-07-01
2024-06-26 01:10:16+00:00,👤 İstanbul 2024-07-03
2024-06-26 00:55:14+00:00,👤 Ankara 2024-11-19
2024-06-26 00:15:17+00:00,👤 Ankara 2024-07-01
2024-06-26 00:15:16+00:00,👥 Ankara 2024-07-01
2024-06-26 00:10:16+00:00,👤 Ankara 2024-09-11
2024-06-26 00:10:16+00:00,👤 Ankara 2024-08-12
2024-06-25 23:25:15+00:00,👤 Ankara 2024-12-17
2024-06-25 22:25:25+00:00,👤 İstanbul 2024-07-17
2024-06-25 22:00:19+00:00,👤 Ankara 2024-12-19
2024-06-25 17:55:19+00:00,👤 Ankara 2024-12-17
2024-06-25 17:50:14+00:00,👥 Ankara 2024-07-29
2024-06-25 14:55:13+00:00,👤 İstanbul 2024-07-09
2024-06-25 12:35:14+00:00,👤 Ankara 2024-11-01
2024-06-25 11:30:17+00:00,👤 Ankara 2024-12-11
2024-06-25 06:10:19+00:00,👤 Ankara 2024-12-03
2024-06-25 03:55:14+00:00,👤 Ankara 2024-12-17
2024-06-25 03:50:14+00:00,👤 Ankara 2024-12-11
2024-06-25 03:30:21+00:00,👤 Ankara 2024-07-23
2024-06-25 03:10:14+00:00,👤 İstanbul 2024-07-03
2024-06-25 01:35:20+00:00,👤 Ankara 2024-12-02
2024-06-25 00:20:17+00:00,👤 İstanbul 2024-07-03
2024-06-25 00:15:16+00:00,👤 İstanbul 2024-08-06
2024-06-24 23:30:20+00:00,👤 Ankara 2024-11-20
2024-06-24 19:40:15+00:00,👤 İstanbul 2024-08-12
2024-06-24 18:50:15+00:00,👤 Ankara 2024-07-01
2024-06-24 18:30:17+00:00,👤 İstanbul 2024-07-02
2024-06-24 17:45:14+00:00,👤 İstanbul 2024-07-01
2024-06-24 17:10:21+00:00,👤 Ankara 2024-07-18
2024-06-24 15:05:16+00:00,👤 Ankara 2024-11-12
2024-06-22 23:45:19+00:00,👤 İstanbul 2024-07-30
2024-06-21 14:25:15+00:00,👤 Ankara 2024-12-19
2024-06-21 05:05:17+00:00,👤 Ankara 2024-12-17
2024-06-20 17:00:19+00:00,👤 Ankara 2024-06-27
2024-06-19 01:50:18+00:00,👤 Ankara 2024-10-04
2024-06-18 18:20:15+00:00,👤 Ankara 2024-09-20
2024-06-17 17:55:19+00:00,👤 Ankara 2024-12-19
2024-06-16 19:40:17+00:00,👤 Ankara 2024-12-11
2024-06-15 12:00:20+00:00,👤 Ankara 2024-12-03
2024-06-15 01:25:15+00:00,👤 İstanbul 2024-10-25
2024-06-14 11:10:26+00:00,👤 Ankara 2024-06-27
2024-06-13 16:40:19+00:00,👤 Ankara 2024-12-03
2024-06-13 07:30:18+00:00,👤 Ankara 2024-12-11
2024-06-13 07:20:16+00:00,👤 Ankara 2024-10-07
2024-06-13 04:50:15+00:00,👤 Ankara 2024-12-17
2024-06-13 01:15:19+00:00,👤 İstanbul 2024-07-03
2024-06-12 21:10:15+00:00,👤 Ankara 2024-11-01
2024-06-12 17:15:16+00:00,👤 Ankara 2024-12-04
2024-06-12 16:10:18+00:00,👤 Ankara 2024-10-04
2024-06-11 19:00:24+00:00,👤 📩 İstanbul 2024-09-30
2024-06-11 18:25:20+00:00,👤 Ankara 2024-10-21
2024-06-11 18:15:17+00:00,👤 Ankara 2024-09-30
2024-06-11 17:30:19+00:00,👤 Ankara 2024-12-19
2024-06-11 11:20:19+00:00,👤 Ankara 2024-06-27
2024-06-11 06:45:19+00:00,👤 Ankara 2024-11-20
2024-06-11 04:20:16+00:00,👤 Ankara 2024-11-01
2024-06-11 02:15:17+00:00,👤 Ankara 2024-11-08
2024-06-11 00:00:25+00:00,👤 İstanbul 2024-08-13
2024-06-10 21:25:15+00:00,👤 İstanbul 2024-09-26
2024-06-10 20:15:22+00:00,👤 Ankara 2024-07-25
2024-06-10 18:55:13+00:00,👤 İstanbul 2024-08-27
2024-06-10 17:10:18+00:00,👥 Ankara 2024-07-10
2024-06-10 17:10:17+00:00,👤 Ankara 2024-07-10
2024-06-10 13:15:16+00:00,👤 İstanbul 2024-08-09
2024-06-10 13:10:24+00:00,👤 Ankara 2024-06-13
2024-06-10 07:05:23+00:00,👤 Ankara 2024-06-24
2024-06-09 05:15:25+00:00,👤 Ankara 2024-06-12
2024-06-08 22:35:14+00:00,👤 Ankara 2024-12-11
2024-06-08 14:20:15+00:00,👤 Ankara 2024-11-18
2024-06-08 13:00:21+00:00,👤 İstanbul 2024-07-01
2024-06-08 08:45:15+00:00,👤 Ankara 2024-11-07
2024-06-08 02:10:20+00:00,👤 Ankara 2024-11-18
2024-06-07 20:55:14+00:00,👤 Ankara 2024-07-11
2024-06-07 19:35:13+00:00,👤 İstanbul 2024-08-05
2024-06-07 14:45:14+00:00,👤 Ankara 2024-06-12
2024-06-07 01:50:15+00:00,👤 İstanbul 2024-11-18
2024-06-06 21:50:15+00:00,👤 Ankara 2024-08-22
2024-06-06 19:10:18+00:00,👤 Ankara 2024-10-15
2024-06-06 17:35:16+00:00,👤 Ankara 2024-08-08
2024-06-06 14:10:18+00:00,👤 Ankara 2024-12-03
2024-06-06 09:00:21+00:00,👤 İstanbul 2024-09-23
2024-06-06 05:40:15+00:00,👤 Ankara 2024-12-18
2024-06-06 05:40:14+00:00,👤 Ankara 2024-12-03
2024-06-05 23:45:26+00:00,👤 Ankara 2024-06-12
2024-06-05 22:15:15+00:00,👤 Ankara 2024-12-03
2024-06-05 20:50:15+00:00,👤 Ankara 2024-08-05
2024-06-05 20:15:27+00:00,👤 Ankara 2024-06-13
2024-06-05 19:50:17+00:00,👤 Ankara 2024-06-25
2024-06-05 19:35:15+00:00,👤 Ankara 2024-12-03
2024-06-05 19:05:16+00:00,👤 Ankara 2024-11-04
2024-06-05 18:05:25+00:00,👤 Ankara 2024-06-13
2024-06-05 18:05:16+00:00,👥 Ankara 2024-06-13
2024-06-05 17:55:14+00:00,👤 Ankara 2024-11-14
2024-06-05 16:00:21+00:00,👤 Ankara 2024-09-05
2024-06-05 11:40:17+00:00,👤 İstanbul 2024-09-09
2024-06-05 10:32:56+00:00,👤 Ankara 2024-12-18
2024-06-05 10:32:09+00:00,👥 Ankara 2024-12-17
2024-06-05 10:31:57+00:00,👤 Ankara 2024-12-17
2024-06-05 10:28:46+00:00,👤 Ankara 2024-12-11
2024-06-05 10:27:29+00:00,👤 Ankara 2024-12-10
2024-06-05 03:10:16+00:00,👤 Ankara 2024-11-01
2024-06-04 22:15:16+00:00,👥 Ankara 2024-08-16
2024-06-04 22:15:14+00:00,👤 Ankara 2024-08-16
2024-06-04 18:35:14+00:00,👤 İstanbul 2024-09-30
2024-06-04 18:35:14+00:00,👥 İstanbul 2024-09-30
2024-06-04 17:45:15+00:00,👤 Ankara 2024-10-07
2024-06-04 14:05:14+00:00,👤 Ankara 2024-10-07
2024-06-04 10:15:17+00:00,👤 Ankara 2024-11-01
2024-06-04 06:55:14+00:00,👤 İstanbul 2024-08-29
2024-06-04 06:20:16+00:00,👤 Ankara 2024-11-20
2024-06-04 05:25:17+00:00,👤 Ankara 2024-08-27
2024-06-04 05:25:16+00:00,👥 Ankara 2024-08-27
2024-06-04 05:15:22+00:00,👤 İstanbul 2024-08-13
2024-06-04 02:45:16+00:00,👤 Ankara 2024-11-01
2024-06-04 00:10:21+00:00,👤 Ankara 2024-07-08
2024-06-03 23:10:15+00:00,👤 Ankara 2024-11-14
2024-06-03 22:45:16+00:00,👤 Ankara 2024-11-04
2024-06-03 20:35:14+00:00,👤 Ankara 2024-06-06
2024-06-03 20:30:28+00:00,👤 Ankara 2024-07-16
2024-06-03 18:40:16+00:00,👤 Ankara 2024-06-11
2024-06-03 18:35:18+00:00,👤 İstanbul 2024-09-23
2024-06-03 16:40:32+00:00,👤 Ankara 2024-06-10
2024-06-03 16:40:23+00:00,👥 Ankara 2024-06-10
2024-06-03 16:20:15+00:00,👤 Ankara 2024-06-10
2024-06-02 04:50:15+00:00,👤 Ankara 2024-11-14
2024-06-02 02:35:14+00:00,👤 Ankara 2024-07-22
2024-06-01 18:35:22+00:00,👤 Ankara 2024-07-22
2024-06-01 15:25:19+00:00,👤 Ankara 2024-11-08
2024-06-01 12:00:29+00:00,👤 İstanbul 2025-03-03
2024-06-01 10:10:16+00:00,👤 İstanbul 2024-07-12
2024-06-01 10:05:16+00:00,👤 Ankara 2024-10-18
2024-06-01 07:10:26+00:00,👤 Ankara 2024-08-09
2024-06-01 07:10:16+00:00,👤 Ankara 2024-08-09
2024-06-01 07:05:19+00:00,👤 Ankara 2024-11-04
2024-06-01 05:05:16+00:00,👤 Ankara 2024-12-17
2024-06-01 02:25:16+00:00,👤 İstanbul 2024-11-14
2024-06-01 02:00:30+00:00,👤 İstanbul 2024-06-12
2024-06-01 00:10:16+00:00,👤 Ankara 2024-09-18
2024-05-31 20:25:24+00:00,👤 Ankara 2024-07-10
2024-05-31 20:25:22+00:00,👥 Ankara 2024-07-10
2024-05-31 20:15:17+00:00,👤 İstanbul 2024-09-05
2024-05-31 20:10:15+00:00,👤 Ankara 2024-09-24
2024-05-31 19:55:19+00:00,👤 Ankara 2024-06-06
2024-05-31 17:40:21+00:00,👤 Ankara 2024-06-05
2024-05-31 16:45:14+00:00,👤 İstanbul 2024-08-13
2024-05-31 16:15:15+00:00,👤 Ankara 2024-06-25
2024-05-31 14:45:14+00:00,👤 İstanbul 2024-11-21
2024-05-31 12:35:14+00:00,👤 Ankara 2024-08-22
2024-05-31 11:50:13+00:00,👤 Ankara 2024-11-19
2024-05-31 07:30:17+00:00,👤 İstanbul 2024-11-14
2024-05-31 03:55:14+00:00,👤 Ankara 2024-11-01
2024-05-31 02:35:15+00:00,👤 Ankara 2024-11-01
2024-05-31 00:15:15+00:00,👤 Ankara 2024-12-17
2024-05-30 23:45:14+00:00,👤 İstanbul 2024-11-26
2024-05-30 22:10:20+00:00,👤 Ankara 2024-06-11
2024-05-30 21:15:14+00:00,👤 İstanbul 2024-09-06
2024-05-30 19:10:16+00:00,👤 İstanbul 2024-10-01
2024-05-30 18:50:14+00:00,👤 Ankara 2024-11-04
2024-05-30 18:40:17+00:00,👤 Ankara 2024-07-10
2024-05-30 18:05:15+00:00,👤 Ankara 2024-06-05
2024-05-30 17:30:20+00:00,👥 Ankara 2024-10-21
2024-05-30 17:30:16+00:00,👤 Ankara 2024-10-21
2024-05-30 17:10:16+00:00,👤 Ankara 2024-11-19
2024-05-30 14:30:17+00:00,👤 İstanbul 2024-10-01
2024-05-30 11:45:16+00:00,👤 Ankara 2024-11-15
2024-05-30 10:45:13+00:00,👤 İstanbul 2024-11-26
2024-05-30 09:45:15+00:00,👤 Ankara 2024-10-18
2024-05-30 09:05:16+00:00,👤 Ankara 2024-11-13
2024-05-30 09:05:15+00:00,👤 Ankara 2024-11-07
2024-05-30 08:25:14+00:00,👤 Ankara 2024-12-04
2024-05-30 08:05:17+00:00,👤 Ankara 2024-11-07
2024-05-30 07:00:20+00:00,👤 Ankara 2024-11-01
2024-05-30 06:45:15+00:00,👤 Ankara 2024-11-19
2024-05-30 06:05:15+00:00,👤 İstanbul 2024-11-21
2024-05-30 05:45:15+00:00,👤 Ankara 2024-12-17
2024-05-30 05:15:15+00:00,👤 Ankara 2024-11-06
2024-05-30 05:15:14+00:00,👤 Ankara 2024-11-06
2024-05-30 04:15:19+00:00,👤 Ankara 2024-12-19
2024-05-30 04:05:15+00:00,👤 Ankara 2024-11-12
2024-05-30 03:50:15+00:00,👤 Ankara 2024-12-20
2024-05-30 02:40:19+00:00,👤 Ankara 2024-12-17
2024-05-30 02:40:15+00:00,👤 Ankara 2024-12-17
2024-05-30 01:50:14+00:00,👤 Ankara 2024-11-06
2024-05-30 01:10:16+00:00,👤 Ankara 2024-11-12
2024-05-30 01:00:22+00:00,👤 İstanbul 2024-07-22
2024-05-30 00:55:16+00:00,👥 Ankara 2024-11-07
2024-05-30 00:55:15+00:00,👤 Ankara 2024-11-07
2024-05-30 00:40:16+00:00,👤 İstanbul 2024-10-03
2024-05-30 00:40:14+00:00,👤 Ankara 2024-11-06
2024-05-30 00:30:17+00:00,👤 Ankara 2024-12-13
2024-05-30 00:25:16+00:00,👤 Ankara 2024-09-30
2024-05-29 23:20:16+00:00,👤 Ankara 2024-11-06
2024-05-29 23:15:15+00:00,👤 Ankara 2024-11-13
2024-05-29 23:00:20+00:00,👤 Ankara 2024-11-19
2024-05-29 23:00:20+00:00,👤 Ankara 2024-11-19
2024-05-29 22:35:20+00:00,👤 Ankara 2024-11-06
2024-05-29 22:35:15+00:00,👤 Ankara 2024-11-06
2024-05-29 22:20:18+00:00,👤 Ankara 2024-12-17
2024-05-29 22:20:16+00:00,👤 Ankara 2024-12-17
2024-05-29 21:55:17+00:00,👤 Ankara 2024-11-14
2024-05-29 21:55:14+00:00,👤 Ankara 2024-11-14
2024-05-29 21:55:13+00:00,👤 Ankara 2024-11-13
2024-05-29 21:55:13+00:00,👤 Ankara 2024-11-13
2024-05-29 21:50:19+00:00,👤 Ankara 2024-11-12
2024-05-29 21:50:14+00:00,👤 Ankara 2024-11-12
2024-05-29 21:25:14+00:00,👤 Ankara 2024-11-05
2024-05-29 21:25:14+00:00,👤 Ankara 2024-11-05
2024-05-29 21:10:23+00:00,👤 Ankara 2024-06-12
2024-05-29 20:10:16+00:00,👤 Ankara 2024-12-17
2024-05-29 20:10:16+00:00,👤 Ankara 2024-11-04
2024-05-29 19:55:25+00:00,👤 Ankara 2024-06-04
2024-05-29 19:45:14+00:00,👤 Ankara 2024-12-18
2024-05-29 19:40:16+00:00,👤 Ankara 2024-12-02
2024-05-29 19:40:15+00:00,👤 Ankara 2024-11-05
2024-05-29 19:35:15+00:00,👤 Ankara 2024-11-04
2024-05-29 19:30:17+00:00,👤 Ankara 2024-12-19
2024-05-29 19:25:50+00:00,👤 Ankara 2024-12-10
2024-05-29 19:25:22+00:00,👥 Ankara 2024-11-14
2024-05-29 19:25:16+00:00,👤 Ankara 2024-11-14
2024-05-29 19:25:15+00:00,👤 Ankara 2024-11-12
2024-05-29 19:25:14+00:00,👤 Ankara 2024-11-19
2024-05-29 19:20:16+00:00,👤 Ankara 2024-11-20
2024-05-29 19:20:16+00:00,👤 Ankara 2024-11-05
2024-05-29 18:50:13+00:00,👤 Ankara 2024-11-06
2024-05-29 18:45:15+00:00,👤 Ankara 2024-11-06
2024-05-29 18:45:15+00:00,👤 Ankara 2024-11-19
2024-05-29 18:20:15+00:00,👤 Ankara 2024-11-04
2024-05-29 18:05:16+00:00,👤 Ankara 2024-11-12
2024-05-29 18:00:21+00:00,👥 Ankara 2024-09-18
2024-05-29 18:00:20+00:00,👤 Ankara 2024-09-18
2024-05-29 17:55:15+00:00,👤 Ankara 2024-11-06
2024-05-29 17:55:14+00:00,👤 İstanbul 2024-08-13
2024-05-29 17:50:16+00:00,👤 Ankara 2024-11-06
2024-05-29 17:50:15+00:00,👤 Ankara 2024-12-09
2024-05-29 17:45:15+00:00,👤 Ankara 2024-11-06
2024-05-29 17:45:14+00:00,👤 Ankara 2024-11-21
2024-05-29 17:45:14+00:00,👤 Ankara 2024-11-21
2024-05-29 17:45:14+00:00,👤 Ankara 2024-11-12
2024-05-29 17:35:17+00:00,👤 İstanbul 2024-10-03
2024-05-29 17:35:15+00:00,👤 İstanbul 2024-10-03
2024-05-29 17:35:15+00:00,👤 Ankara 2024-11-05
2024-05-29 17:30:16+00:00,👤 Ankara 2024-12-09
2024-05-29 17:25:21+00:00,👥 Ankara 2024-11-07
2024-05-29 17:25:15+00:00,👤 Ankara 2024-11-04
2024-05-29 17:25:15+00:00,👤 Ankara 2024-11-07
2024-05-29 17:10:20+00:00,👤 Ankara 2024-11-12
2024-05-29 17:10:18+00:00,👤 Ankara 2024-11-04
2024-05-29 17:10:17+00:00,👥 Ankara 2024-11-12
2024-05-29 16:55:14+00:00,👤 Ankara 2024-11-06
2024-05-29 16:50:20+00:00,👤 Ankara 2024-11-01
2024-05-29 16:40:15+00:00,👤 Ankara 2024-11-15
2024-05-29 16:35:14+00:00,👤 Ankara 2024-12-05
2024-05-29 16:30:15+00:00,👤 Ankara 2024-11-06
2024-05-29 16:25:15+00:00,👤 Ankara 2024-11-04
2024-05-29 16:10:15+00:00,👤 Ankara 2024-11-06
2024-05-29 16:10:15+00:00,👤 Ankara 2024-12-03
2024-05-29 16:05:17+00:00,👤 Ankara 2024-11-12
2024-05-29 15:55:15+00:00,👤 Ankara 2024-11-07
2024-05-29 15:55:15+00:00,👤 Ankara 2024-11-04
2024-05-29 15:50:14+00:00,👤 Ankara 2024-11-04
2024-05-29 15:25:15+00:00,👤 Ankara 2024-11-19
2024-05-29 15:20:16+00:00,👤 Ankara 2024-11-14
2024-05-29 15:15:16+00:00,👤 Ankara 2024-11-06
2024-05-29 15:10:20+00:00,👥 Ankara 2024-11-01
2024-05-29 15:10:19+00:00,👤 Ankara 2024-11-01
2024-05-29 15:00:20+00:00,👤 Ankara 2024-11-12
2024-05-29 15:00:20+00:00,👤 Ankara 2024-11-04
2024-05-29 14:50:17+00:00,👤 Ankara 2024-12-17
2024-05-29 14:45:16+00:00,👤 Ankara 2024-11-12
2024-05-29 14:40:24+00:00,👤 Ankara 2024-12-03
2024-05-29 14:40:23+00:00,👤 Ankara 2024-11-04
2024-05-29 14:35:15+00:00,👤 Ankara 2024-11-05
2024-05-29 14:10:19+00:00,👥 Ankara 2024-11-12
2024-05-29 14:10:17+00:00,👤 Ankara 2024-11-12
2024-05-29 14:05:16+00:00,👤 Ankara 2024-12-05
2024-05-29 14:00:21+00:00,👤 Ankara 2024-11-12
2024-05-29 14:00:20+00:00,👤 Ankara 2024-11-06
2024-05-29 13:50:18+00:00,👤 Ankara 2024-11-06
2024-05-29 13:40:16+00:00,👤 Ankara 2024-12-18
2024-05-29 13:25:16+00:00,👤 Ankara 2024-11-05
2024-05-29 13:05:17+00:00,👤 Ankara 2024-11-06
2024-05-29 13:00:20+00:00,👤 Ankara 2024-12-04
2024-05-29 12:50:14+00:00,👤 Ankara 2024-12-05
2024-05-29 12:40:18+00:00,👤 Ankara 2024-12-18
2024-05-29 12:35:16+00:00,👤 Ankara 2024-12-17
2024-05-29 12:20:17+00:00,👤 İstanbul 2024-11-26
2024-05-29 12:20:16+00:00,👤 Ankara 2024-11-14
2024-05-29 12:15:17+00:00,👤 Ankara 2024-12-17
2024-05-29 08:47:03+00:00,👤 Ankara 2024-12-04
2024-05-29 08:43:02+00:00,👤 Ankara 2024-12-03
2024-05-29 08:38:08+00:00,👥 Ankara 2024-11-01
2024-05-29 08:37:43+00:00,👤 Ankara 2024-11-01
2024-05-29 08:15:48+00:00,👤 Ankara 2024-11-20
2024-05-29 08:14:45+00:00,👤 Ankara 2024-11-19
2024-05-29 08:13:57+00:00,👤 Ankara 2024-11-18
2024-05-29 08:10:03+00:00,👤 Ankara 2024-11-14
2024-05-29 08:09:12+00:00,👤 Ankara 2024-11-13
2024-05-29 08:05:08+00:00,👤 Ankara 2024-11-12
2024-05-29 08:02:55+00:00,👥 Ankara 2024-11-07
2024-05-29 08:01:48+00:00,👤 Ankara 2024-11-06
2024-05-29 07:59:30+00:00,👤 Ankara 2024-11-05
2024-05-29 07:05:17+00:00,👤 Ankara 2024-11-14
2024-05-29 06:55:14+00:00,👤 Ankara 2024-12-17
2024-05-29 05:50:06+00:00,👤 İstanbul 2024-10-03
2024-05-29 03:05:27+00:00,👤 İstanbul 2024-08-09
2024-05-29 02:00:21+00:00,👤 Ankara 2024-11-06
2024-05-28 23:00:21+00:00,👤 İstanbul 2024-05-31
2024-05-28 21:15:15+00:00,👤 Ankara 2024-12-05
2024-05-28 18:50:20+00:00,👤 Ankara 2024-07-26
2024-05-28 18:00:23+00:00,👤 Ankara 2024-11-19
2024-05-28 13:20:19+00:00,👤 Ankara 2024-08-01
2024-05-28 12:05:18+00:00,👤 Ankara 2024-10-03
2024-05-28 09:05:17+00:00,👤 Ankara 2024-08-12
2024-05-28 06:55:17+00:00,👤 Ankara 2024-08-15
2024-05-28 05:55:15+00:00,👤 İstanbul 2024-08-15
2024-05-28 05:00:31+00:00,👥 Ankara 2024-12-17
2024-05-28 05:00:23+00:00,👤 Ankara 2024-12-17
2024-05-28 02:55:16+00:00,👤 Ankara 2024-06-04
2024-05-28 01:55:13+00:00,👤 Ankara 2024-06-03
2024-05-27 20:45:31+00:00,👤 Ankara 2024-06-06
2024-05-27 20:45:26+00:00,👥 Ankara 2024-06-06
2024-05-27 19:45:15+00:00,👤 Ankara 2024-06-27
2024-05-27 15:15:17+00:00,👤 Ankara 2024-11-04
2024-05-27 12:55:15+00:00,👤 Ankara 2024-05-30
2024-05-27 12:25:16+00:00,👤 Ankara 2024-05-30
2024-05-27 09:00:20+00:00,👤 İstanbul 2024-09-06
2024-05-27 01:35:16+00:00,👥 Ankara 2024-12-18
2024-05-27 01:35:14+00:00,👤 Ankara 2024-12-18
2024-05-27 01:05:15+00:00,👤 İstanbul 2024-08-01
2024-05-27 00:50:15+00:00,👤 Ankara 2024-12-09
2024-05-26 22:45:13+00:00,👤 Ankara 2024-11-06
2024-05-26 20:30:15+00:00,👤 Ankara 2024-12-02
2024-05-26 14:54:33+00:00,"**Sıkça Sorulan Sorular
**https://t.me/fastvisa24/5301
**
Tek kişi ve grup randevuların uyarısı nasıl ayrılıyor?
**👤 (Tek kişi)
👥 (Grup) randevularını, 
📩 Posta yoluyla mülakata dönenleri,
❌ Red alanları ayırt etmek için kullanılan simgelerdir.

Randevu takibi ve talepleriniz için @mustafatrl ile iletişime geçebilirsiniz."
2024-05-26 14:35:17+00:00,👤 Ankara 2024-11-14
2024-05-26 07:10:17+00:00,👤 Ankara 2024-12-17
2024-05-25 23:30:20+00:00,👤 Ankara 2024-12-17
2024-05-25 20:40:15+00:00,👤 Ankara 2024-11-14
2024-05-25 19:10:29+00:00,👤 Ankara 2024-07-23
2024-05-25 14:30:18+00:00,👤 İstanbul 2024-11-05
2024-05-25 04:40:15+00:00,👤 Ankara 2024-10-18
2024-05-24 21:50:16+00:00,👤 Ankara 2024-09-30
2024-05-24 21:25:19+00:00,👥 Ankara 2024-09-04
2024-05-24 21:25:17+00:00,👤 Ankara 2024-09-04
2024-05-24 21:10:15+00:00,👤 Ankara 2024-12-17
2024-05-24 18:40:16+00:00,👤 Ankara 2024-09-05
2024-05-24 17:20:18+00:00,👤 Ankara 2024-11-06
2024-05-24 16:50:16+00:00,👤 Ankara 2024-12-18
2024-05-24 16:50:15+00:00,👤 Ankara 2024-11-20
2024-05-24 16:25:18+00:00,👤 Ankara 2024-09-06
2024-05-24 15:20:19+00:00,👤 Ankara 2024-11-12
2024-05-24 15:05:05+00:00,👤 Ankara 2024-08-09
2024-05-24 15:00:21+00:00,👤 Ankara 2024-11-15
2024-05-24 14:50:16+00:00,👤 Ankara 2024-10-03
2024-05-24 10:25:27+00:00,👥 Ankara 2024-08-16
2024-05-24 10:25:26+00:00,👤 Ankara 2024-08-16
2024-05-24 10:24:10+00:00,👥 Ankara 2024-08-14
2024-05-24 08:35:16+00:00,👤 İstanbul 2024-05-31
2024-05-24 04:35:16+00:00,👤 Ankara 2024-05-30
2024-05-24 04:20:16+00:00,👤 Ankara 2024-08-01
2024-05-24 03:00:19+00:00,👤 İstanbul 2024-11-26
2024-05-24 02:25:17+00:00,👤 Ankara 2024-11-20
2024-05-24 01:05:14+00:00,👤 İstanbul 2024-09-10
2024-05-23 22:55:15+00:00,👤 İstanbul 2024-11-21
2024-05-23 22:05:17+00:00,👥 Ankara 2024-12-16
2024-05-23 22:05:16+00:00,👤 Ankara 2024-12-16
2024-05-23 20:10:16+00:00,👤 Ankara 2024-12-09
2024-05-23 19:45:19+00:00,👤 Ankara 2024-09-26
2024-05-23 19:20:17+00:00,👤 Ankara 2024-06-03
2024-05-23 18:50:16+00:00,👤 İstanbul 2024-05-30
2024-05-23 17:40:22+00:00,👤 Ankara 2024-06-11
2024-05-23 17:40:18+00:00,👤 Ankara 2024-11-06
2024-05-23 17:40:14+00:00,👤 İstanbul 2024-09-09
2024-05-23 17:10:22+00:00,👤 Ankara 2024-06-12
2024-05-23 16:20:21+00:00,👤 Ankara 2024-06-04
2024-05-23 16:15:16+00:00,👤 İstanbul 2024-07-01
2024-05-23 15:30:19+00:00,👤 İstanbul 2024-11-26
2024-05-23 12:30:25+00:00,👥 Ankara 2024-11-18
2024-05-23 12:30:18+00:00,👤 Ankara 2024-11-18
2024-05-23 12:30:17+00:00,👤 Ankara 2024-12-10
2024-05-23 12:25:21+00:00,👤 Ankara 2024-05-30
2024-05-23 12:05:18+00:00,👤 Ankara 2024-07-29
2024-05-23 11:55:13+00:00,👤 Ankara 2024-08-01
2024-05-23 11:55:13+00:00,👥 Ankara 2024-08-01
2024-05-23 11:50:14+00:00,👤 Ankara 2024-10-18
2024-05-23 11:05:16+00:00,👤 Ankara 2024-12-19
2024-05-23 09:50:17+00:00,👤 Ankara 2024-11-18
2024-05-23 08:45:17+00:00,👤 Ankara 2024-12-20
2024-05-23 07:10:18+00:00,👤 Ankara 2024-12-17
2024-05-23 07:00:22+00:00,👤 Ankara 2024-09-06
2024-05-23 06:40:15+00:00,👤 Ankara 2024-12-13
2024-05-23 06:30:20+00:00,👤 Ankara 2024-12-20
2024-05-23 05:55:15+00:00,👤 Ankara 2024-10-10
2024-05-23 05:25:15+00:00,👤 Ankara 2024-11-12
2024-05-23 05:20:17+00:00,👥 Ankara 2024-10-18
2024-05-23 05:20:14+00:00,👤 Ankara 2024-10-18
2024-05-23 04:00:24+00:00,👤 Ankara 2024-11-12
2024-05-23 03:55:18+00:00,👤 Ankara 2024-11-12
2024-05-23 03:50:15+00:00,👤 Ankara 2024-09-03
2024-05-23 03:25:15+00:00,👤 Ankara 2024-09-13
2024-05-23 03:05:22+00:00,👤 Ankara 2024-11-12
2024-05-23 02:50:15+00:00,👤 Ankara 2024-12-19
2024-05-23 01:05:20+00:00,👤 Ankara 2024-11-06
2024-05-23 01:05:18+00:00,👤 Ankara 2024-12-09
2024-05-23 00:15:17+00:00,👤 Ankara 2024-12-03
2024-05-22 23:40:17+00:00,👤 İstanbul 2024-09-23
2024-05-22 23:15:16+00:00,👤 Ankara 2024-12-19
2024-05-22 22:55:16+00:00,👤 Ankara 2024-12-20
2024-05-22 22:50:16+00:00,👤 Ankara 2024-12-10
2024-05-22 22:30:23+00:00,👤 Ankara 2024-12-18
2024-05-22 22:30:23+00:00,👤 Ankara 2024-12-13
2024-05-22 22:30:17+00:00,👥 Ankara 2024-12-13
2024-05-22 22:10:16+00:00,👤 İstanbul 2024-11-26
2024-05-22 22:05:15+00:00,👤 Ankara 2024-09-06
2024-05-22 21:35:19+00:00,👤 İstanbul 2024-05-31
2024-05-22 21:35:15+00:00,👤 Ankara 2024-11-25
2024-05-22 20:40:15+00:00,👤 Ankara 2024-12-20
2024-05-22 20:35:27+00:00,👤 Ankara 2024-12-03
2024-05-22 20:30:16+00:00,👤 Ankara 2024-11-08
2024-05-22 20:25:14+00:00,👤 Ankara 2024-12-19
2024-05-22 20:15:15+00:00,👤 Ankara 2024-12-20
2024-05-22 20:05:15+00:00,👤 Ankara 2024-09-23
2024-05-22 19:45:16+00:00,👤 Ankara 2024-12-04
2024-05-22 19:35:15+00:00,👤 Ankara 2024-12-09
2024-05-22 19:25:17+00:00,👥 Ankara 2024-11-12
2024-05-22 19:25:15+00:00,👤 Ankara 2024-11-12
2024-05-22 19:20:17+00:00,👤 Ankara 2024-09-16
2024-05-22 19:20:16+00:00,👤 İstanbul 2024-11-21
2024-05-22 19:05:20+00:00,👤 Ankara 2024-11-15
2024-05-22 19:00:20+00:00,👤 Ankara 2024-12-19
2024-05-22 19:00:18+00:00,👤 Ankara 2024-12-05
2024-05-22 18:35:15+00:00,👤 Ankara 2024-12-05
2024-05-22 18:35:14+00:00,👤 Ankara 2024-11-19
2024-05-22 18:25:23+00:00,👤 Ankara 2024-11-07
2024-05-22 18:25:14+00:00,👤 Ankara 2024-10-02
2024-05-22 18:25:14+00:00,👤 Ankara 2024-09-05
2024-05-22 18:20:15+00:00,👤 Ankara 2024-10-22
2024-05-22 18:15:15+00:00,👤 Ankara 2024-11-13
2024-05-22 18:10:16+00:00,👤 Ankara 2024-11-07
2024-05-22 18:05:16+00:00,👤 Ankara 2024-12-19
2024-05-22 18:05:15+00:00,👤 Ankara 2024-09-10
2024-05-22 17:55:13+00:00,👤 Ankara 2024-11-21
2024-05-22 17:35:15+00:00,👤 Ankara 2024-12-02
2024-05-22 17:35:15+00:00,👤 Ankara 2024-11-07
2024-05-22 17:30:16+00:00,👤 Ankara 2024-11-04
2024-05-22 17:25:15+00:00,👥 İstanbul 2024-09-10
2024-05-22 17:25:14+00:00,👤 İstanbul 2024-09-10
2024-05-22 17:10:15+00:00,👤 Ankara 2024-12-19
2024-05-22 17:10:15+00:00,👤 Ankara 2024-12-03
2024-05-22 16:45:15+00:00,👤 Ankara 2024-11-12
2024-05-22 16:45:15+00:00,👤 Ankara 2024-10-07
2024-05-22 16:35:21+00:00,👥 Ankara 2024-11-15
2024-05-22 16:35:15+00:00,👤 Ankara 2024-11-15
2024-05-22 16:35:15+00:00,👤 Ankara 2024-11-05
2024-05-22 16:25:16+00:00,👤 Ankara 2024-08-20
2024-05-22 16:25:15+00:00,👤 Ankara 2024-12-16
2024-05-22 16:20:16+00:00,👤 Ankara 2024-12-19
2024-05-22 16:15:17+00:00,👤 Ankara 2024-12-19
2024-05-22 16:15:16+00:00,👤 Ankara 2024-12-12
2024-05-22 16:10:17+00:00,👤 Ankara 2024-12-09
2024-05-22 16:10:17+00:00,👥 Ankara 2024-12-09
2024-05-22 15:50:13+00:00,👤 Ankara 2024-11-12
2024-05-22 15:40:16+00:00,👥 Ankara 2024-12-12
2024-05-22 15:40:16+00:00,👤 Ankara 2024-12-19
2024-05-22 15:40:15+00:00,👤 Ankara 2024-12-12
2024-05-22 15:30:17+00:00,👤 Ankara 2024-12-19
2024-05-22 15:20:20+00:00,👥 Ankara 2024-10-08
2024-05-22 15:20:15+00:00,👤 Ankara 2024-11-07
2024-05-22 15:20:15+00:00,👤 Ankara 2024-10-08
2024-05-22 15:15:15+00:00,👤 Ankara 2024-11-14
2024-05-22 15:15:15+00:00,👤 Ankara 2024-09-19
2024-05-22 15:05:18+00:00,👤 Ankara 2024-06-12
2024-05-22 15:00:19+00:00,👤 Ankara 2024-12-20
2024-05-22 14:55:14+00:00,👤 Ankara 2024-12-13
2024-05-22 14:35:26+00:00,👥 Ankara 2024-06-12
2024-05-22 14:35:18+00:00,👤 Ankara 2024-12-18
2024-05-22 14:30:18+00:00,👤 Ankara 2024-11-06
2024-05-22 14:30:17+00:00,👤 Ankara 2024-10-15
2024-05-22 14:25:16+00:00,👤 Ankara 2024-11-06
2024-05-22 14:20:16+00:00,👤 Ankara 2024-12-12
2024-05-22 14:15:16+00:00,👤 Ankara 2024-09-05
2024-05-22 14:00:21+00:00,👤 Ankara 2024-09-13
2024-05-22 13:50:16+00:00,👤 Ankara 2024-11-13
2024-05-22 13:35:16+00:00,👤 Ankara 2024-12-03
2024-05-22 13:30:15+00:00,👤 Ankara 2024-09-05
2024-05-22 13:05:16+00:00,👤 Ankara 2024-12-11
2024-05-22 12:55:18+00:00,👤 Ankara 2024-12-02
2024-05-22 12:55:14+00:00,👤 Ankara 2024-10-16
2024-05-22 12:55:13+00:00,👤 Ankara 2024-09-04
2024-05-22 12:40:14+00:00,👤 Ankara 2024-09-03
2024-05-22 12:35:15+00:00,👤 Ankara 2024-11-14
2024-05-22 11:50:14+00:00,👤 Ankara 2024-11-05
2024-05-22 11:35:16+00:00,👤 İstanbul 2024-08-26
2024-05-22 11:25:14+00:00,👤 Ankara 2024-12-04
2024-05-22 11:00:19+00:00,👤 Ankara 2024-11-15
2024-05-22 10:40:23+00:00,👤 Ankara 2024-06-04
2024-05-22 10:35:14+00:00,👤 Ankara 2024-12-10
2024-05-22 10:25:15+00:00,👤 İstanbul 2024-11-05
2024-05-22 10:25:14+00:00,👤 Ankara 2024-11-26
2024-05-22 10:20:16+00:00,👤 Ankara 2024-09-18
2024-05-22 10:05:17+00:00,👥 Ankara 2024-09-06
2024-05-22 10:05:16+00:00,👤 Ankara 2024-09-06
2024-05-22 09:20:20+00:00,👥 Ankara 2024-12-03
2024-05-22 09:20:17+00:00,👤 Ankara 2024-12-03
2024-05-22 09:20:15+00:00,👤 Ankara 2024-12-02
2024-05-22 09:05:17+00:00,👤 Ankara 2024-11-06
2024-05-22 09:05:17+00:00,👤 Ankara 2024-09-03
2024-05-22 09:03:38+00:00,👤 Ankara 2024-10-24
2024-05-22 09:01:06+00:00,👤 Ankara 2024-10-22
2024-05-22 08:59:50+00:00,👥 Ankara 2024-10-21
2024-05-22 08:59:49+00:00,👤 Ankara 2024-10-21
2024-05-22 08:56:54+00:00,👤 Ankara 2024-10-18
2024-05-22 08:56:33+00:00,👥 Ankara 2024-10-18
2024-05-22 08:55:03+00:00,👥 Ankara 2024-10-17
2024-05-22 08:55:01+00:00,👤 Ankara 2024-10-17
2024-05-22 08:53:02+00:00,👥 Ankara 2024-10-16
2024-05-22 08:52:49+00:00,👤 Ankara 2024-10-16
2024-05-22 08:52:06+00:00,👤 Ankara 2024-10-15
2024-05-22 08:52:05+00:00,👥 Ankara 2024-10-15
2024-05-22 08:50:23+00:00,Ankara Ekim 2024’e bakabilirsiniz
2024-05-22 08:50:14+00:00,👤 İstanbul 2024-09-24
2024-05-22 08:50:01+00:00,👥 Ankara 2024-10-10
2024-05-22 08:50:01+00:00,👤 Ankara 2024-10-10
2024-05-22 08:49:04+00:00,👤 Ankara 2024-10-08
2024-05-22 08:47:56+00:00,👤 Ankara 2024-10-07
2024-05-22 08:47:55+00:00,👥 Ankara 2024-10-07
2024-05-22 08:45:55+00:00,👤 Ankara 2024-10-03
2024-05-22 08:45:54+00:00,👥 Ankara 2024-10-03
2024-05-22 08:45:16+00:00,👤 Ankara 2024-11-14
2024-05-22 08:45:15+00:00,👤 Ankara 2024-11-15
2024-05-22 08:44:22+00:00,👥 Ankara 2024-10-02
2024-05-22 08:44:03+00:00,👤 Ankara 2024-10-02
2024-05-22 08:42:55+00:00,👤 Ankara 2024-10-01
2024-05-22 08:35:15+00:00,👤 İstanbul 2024-09-23
2024-05-22 08:30:16+00:00,👤 İstanbul 2024-11-21
2024-05-22 08:15:17+00:00,👥 Ankara 2024-09-05
2024-05-22 08:15:16+00:00,👤 Ankara 2024-09-05
2024-05-22 08:05:15+00:00,👤 Ankara 2024-09-05
2024-05-22 07:40:14+00:00,👤 Ankara 2024-11-19
2024-05-22 07:35:16+00:00,👤 Ankara 2024-08-22
2024-05-22 07:30:16+00:00,👤 Ankara 2024-09-03
2024-05-22 07:25:14+00:00,👤 Ankara 2024-11-19
2024-05-22 07:20:16+00:00,👤 Ankara 2024-09-18
2024-05-22 07:15:16+00:00,👤 Ankara 2024-12-02
2024-05-22 06:55:15+00:00,👤 Ankara 2024-12-19
2024-05-22 06:40:27+00:00,👥 Ankara 2024-07-25
2024-05-22 06:40:14+00:00,👤 Ankara 2024-07-25
2024-05-22 06:35:15+00:00,👤 Ankara 2024-11-05
2024-05-22 06:35:14+00:00,👤 İstanbul 2024-08-26
2024-05-22 06:35:14+00:00,👤 Ankara 2024-11-12
2024-05-22 06:30:16+00:00,👥 Ankara 2024-12-09
2024-05-22 06:30:16+00:00,👤 İstanbul 2024-09-16
2024-05-22 06:30:15+00:00,👤 Ankara 2024-12-09
2024-05-22 06:25:18+00:00,👥 Ankara 2024-11-15
2024-05-22 06:25:15+00:00,👤 Ankara 2024-11-15
2024-05-22 06:20:17+00:00,👤 Ankara 2024-07-22
2024-05-22 06:10:16+00:00,👤 Ankara 2024-09-10
2024-05-22 06:00:19+00:00,👤 Ankara 2024-11-06
2024-05-22 05:50:47+00:00,👤 Ankara 2024-12-11
2024-05-22 05:50:19+00:00,👤 Ankara 2024-12-04
2024-05-22 05:50:16+00:00,👤 Ankara 2024-11-18
2024-05-22 05:50:15+00:00,👤 Ankara 2024-08-08
2024-05-22 05:40:21+00:00,👤 Ankara 2024-12-04
2024-05-22 05:40:15+00:00,👤 Ankara 2024-11-06
2024-05-22 05:40:14+00:00,👤 Ankara 2024-09-05
2024-05-22 05:40:13+00:00,👤 Ankara 2024-06-05
2024-05-22 05:30:15+00:00,👥 Ankara 2024-11-12
2024-05-22 05:30:15+00:00,👤 Ankara 2024-11-12
2024-05-22 05:20:17+00:00,👤 Ankara 2024-09-10
2024-05-22 05:15:15+00:00,👥 Ankara 2024-11-15
2024-05-22 05:15:15+00:00,👤 Ankara 2024-11-15
2024-05-22 04:35:15+00:00,👤 Ankara 2024-12-19
2024-05-22 04:35:15+00:00,👤 Ankara 2024-12-19
2024-05-22 04:30:21+00:00,👥 Ankara 2024-11-07
2024-05-22 04:30:17+00:00,👤 Ankara 2024-11-07
2024-05-22 03:55:15+00:00,👤 Ankara 2024-11-21
2024-05-22 03:50:15+00:00,👤 Ankara 2024-11-15
2024-05-22 03:45:13+00:00,👤 Ankara 2024-12-02
2024-05-22 03:30:15+00:00,👤 İstanbul 2024-11-05
2024-05-22 03:25:18+00:00,👥 Ankara 2024-09-03
2024-05-22 03:25:15+00:00,👤 İstanbul 2024-11-21
2024-05-22 03:25:15+00:00,👤 Ankara 2024-09-09
2024-05-22 03:25:15+00:00,👤 Ankara 2024-11-19
2024-05-22 03:25:15+00:00,👤 Ankara 2024-09-03
2024-05-22 03:20:15+00:00,👤 Ankara 2024-08-06
2024-05-22 03:05:16+00:00,👤 Ankara 2024-11-18
2024-05-22 03:05:15+00:00,👤 Ankara 2024-08-20
2024-05-22 03:00:20+00:00,👤 Ankara 2024-12-18
2024-05-22 02:35:19+00:00,👥 Ankara 2024-12-20
2024-05-22 02:35:15+00:00,👤 Ankara 2024-12-20
2024-05-22 02:05:17+00:00,👤 İstanbul 2024-09-12
2024-05-22 02:00:21+00:00,👤 Ankara 2024-12-18
2024-05-22 01:50:15+00:00,👤 Ankara 2024-11-19
2024-05-22 01:45:15+00:00,👤 Ankara 2024-12-02
2024-05-22 01:40:14+00:00,👤 Ankara 2024-08-09
2024-05-22 01:30:16+00:00,👤 Ankara 2024-11-19
2024-05-22 01:25:14+00:00,👤 Ankara 2024-12-20
2024-05-22 01:15:16+00:00,👤 Ankara 2024-09-19
2024-05-22 01:00:20+00:00,👤 Ankara 2024-10-16
2024-05-22 00:55:16+00:00,👤 İstanbul 2024-09-20
2024-05-22 00:50:16+00:00,👥 Ankara 2024-09-09
2024-05-22 00:50:15+00:00,👤 Ankara 2024-12-20
2024-05-22 00:50:15+00:00,👤 Ankara 2024-09-09
2024-05-22 00:40:15+00:00,👤 İstanbul 2024-09-24
2024-05-22 00:40:15+00:00,👤 Ankara 2024-09-04
2024-05-22 00:40:14+00:00,👥 Ankara 2024-09-04
2024-05-22 00:35:16+00:00,👥 İstanbul 2024-09-09
2024-05-22 00:35:15+00:00,👤 İstanbul 2024-09-09
2024-05-22 00:20:15+00:00,👤 Ankara 2024-09-06
2024-05-22 00:20:14+00:00,👤 Ankara 2024-11-19
2024-05-22 00:15:16+00:00,👤 Ankara 2024-07-25
2024-05-22 00:15:16+00:00,👤 İstanbul 2024-11-14
2024-05-22 00:15:16+00:00,👤 İstanbul 2024-09-23
2024-05-22 00:10:15+00:00,👤 Ankara 2024-09-03
2024-05-21 23:45:18+00:00,👤 Ankara 2024-11-20
2024-05-21 23:40:17+00:00,👤 Ankara 2024-12-10
2024-05-21 23:40:17+00:00,👤 Ankara 2024-11-14
2024-05-21 23:35:18+00:00,👥 Ankara 2024-09-04
2024-05-21 23:35:15+00:00,👤 İstanbul 2024-11-19
2024-05-21 23:35:14+00:00,👤 Ankara 2024-09-04
2024-05-21 23:35:14+00:00,👤 Ankara 2024-11-12
2024-05-21 23:30:18+00:00,👤 Ankara 2024-09-30
2024-05-21 23:15:16+00:00,👤 İstanbul 2024-11-07
2024-05-21 23:15:16+00:00,👤 Ankara 2024-12-10
2024-05-21 23:10:15+00:00,👤 İstanbul 2024-11-14
2024-05-21 22:40:15+00:00,👤 Ankara 2024-12-03
2024-05-21 22:40:15+00:00,👤 Ankara 2024-12-03
2024-05-21 22:30:23+00:00,👥 Ankara 2024-09-04
2024-05-21 22:30:17+00:00,👤 Ankara 2024-09-04
2024-05-21 22:10:16+00:00,👥 İstanbul 2024-11-14
2024-05-21 22:10:16+00:00,👤 İstanbul 2024-11-14
2024-05-21 21:50:17+00:00,👤 Ankara 2024-11-20
2024-05-21 21:40:15+00:00,👥 İstanbul 2024-08-12
2024-05-21 21:40:15+00:00,👤 İstanbul 2024-08-12
2024-05-21 21:35:14+00:00,👤 Ankara 2024-08-01
2024-05-21 21:30:19+00:00,👤 İstanbul 2024-08-05
2024-05-21 21:30:18+00:00,👥 Ankara 2024-08-02
2024-05-21 21:30:17+00:00,👤 Ankara 2024-08-02
2024-05-21 21:30:16+00:00,👤 Ankara 2024-07-19
2024-05-21 21:25:16+00:00,👤 Ankara 2024-09-11
2024-05-21 21:25:16+00:00,👥 Ankara 2024-09-10
2024-05-21 21:25:16+00:00,👤 Ankara 2024-09-10
2024-05-21 21:15:21+00:00,👤 Ankara 2024-09-19
2024-05-21 21:15:20+00:00,👤 Ankara 2024-08-02
2024-05-21 21:00:22+00:00,👥 Ankara 2024-12-20
2024-05-21 21:00:18+00:00,👤 Ankara 2024-12-20
2024-05-21 20:55:17+00:00,👤 İstanbul 2024-11-05
2024-05-21 20:55:15+00:00,👤 İstanbul 2024-11-05
2024-05-21 20:55:15+00:00,👤 Ankara 2024-09-13
2024-05-21 20:50:15+00:00,👤 Ankara 2024-09-18
2024-05-21 20:40:15+00:00,👤 Ankara 2024-08-23
2024-05-21 20:25:15+00:00,👤 İstanbul 2024-09-12
2024-05-21 20:25:14+00:00,👤 Ankara 2024-12-13
2024-05-21 19:35:20+00:00,👤 Ankara 2024-12-20
2024-05-21 19:35:20+00:00,👤 Ankara 2024-11-25
2024-05-21 19:25:18+00:00,👤 Ankara 2024-07-08
2024-05-21 19:20:15+00:00,👤 Ankara 2024-12-16
2024-05-21 19:15:24+00:00,👤 Ankara 2024-06-05
2024-05-21 19:15:19+00:00,👤 Ankara 2024-12-02
2024-05-21 19:10:16+00:00,👤 Ankara 2024-10-24
2024-05-21 19:05:16+00:00,👤 İstanbul 2024-08-13
2024-05-21 18:35:15+00:00,👤 Ankara 2024-09-19
2024-05-21 18:20:15+00:00,👤 Ankara 2024-11-06
2024-05-21 18:20:14+00:00,👤 İstanbul 2024-11-04
2024-05-21 18:20:14+00:00,👤 Ankara 2024-09-03
2024-05-21 17:40:16+00:00,👤 İstanbul 2024-11-05
2024-05-21 17:15:15+00:00,👤 Ankara 2024-11-26
2024-05-21 17:10:18+00:00,👤 Ankara 2024-08-07
2024-05-21 17:05:26+00:00,👥 Ankara 2024-11-13
2024-05-21 17:05:17+00:00,👤 Ankara 2024-11-13
2024-05-21 17:00:20+00:00,👤 Ankara 2024-07-26
2024-05-21 16:50:15+00:00,👤 Ankara 2024-07-23
2024-05-21 16:50:13+00:00,👤 İstanbul 2024-08-06
2024-05-21 16:35:15+00:00,👤 Ankara 2024-07-23
2024-05-21 16:35:14+00:00,👤 Ankara 2024-10-30
2024-05-21 13:40:40+00:00,👤 Ankara 2024-09-30
2024-05-21 13:40:39+00:00,👥 Ankara 2024-09-30
2024-05-21 13:39:26+00:00,👤 Ankara 2024-09-26
2024-05-21 13:38:39+00:00,👤 Ankara 2024-09-24
2024-05-21 13:37:39+00:00,👤 Ankara 2024-09-23
2024-05-21 13:35:05+00:00,👤 Ankara 2024-09-19
2024-05-21 13:35:02+00:00,👥 Ankara 2024-09-19
2024-05-21 13:30:55+00:00,👥 Ankara 2024-09-17
2024-05-21 13:30:47+00:00,👤 Ankara 2024-09-17
2024-05-21 13:22:49+00:00,👤 Ankara 2024-09-12
2024-05-21 13:20:04+00:00,👤 Ankara 2024-09-11
2024-05-21 13:18:17+00:00,👤 Ankara 2024-09-10
2024-05-21 13:12:03+00:00,👤 Ankara 2024-09-09
2024-05-21 13:09:06+00:00,👤 Ankara 2024-09-06
2024-05-21 13:05:45+00:00,👥 Ankara 2024-09-05
2024-05-21 13:05:42+00:00,👤 Ankara 2024-09-05
2024-05-21 13:00:25+00:00,👤 Ankara 2024-09-04
2024-05-21 12:54:02+00:00,👤 Ankara 2024-09-03
2024-05-21 12:45:50+00:00,👥 Ankara 2024-08-09
2024-05-21 12:45:47+00:00,👤 Ankara 2024-08-09
2024-05-21 12:44:32+00:00,👤 Ankara 2024-08-08
2024-05-21 12:41:44+00:00,👤 Ankara 2024-08-05
2024-05-21 12:40:00+00:00,Ankara için tarih açılıyor
2024-05-21 12:39:44+00:00,Tarih kontrolü yapınız
2024-05-21 12:39:34+00:00,👤 Ankara 2024-08-02
2024-05-21 12:37:00+00:00,👤 Ankara 2024-08-01
2024-05-21 12:25:25+00:00,👤 Ankara 2024-07-26
2024-05-21 12:16:05+00:00,👥 Ankara 2024-07-22
2024-05-21 12:16:01+00:00,👤 Ankara 2024-07-22
2024-05-21 12:12:59+00:00,👤 Ankara 2024-07-18
2024-05-21 11:25:14+00:00,👤 İstanbul 2024-08-09
2024-05-21 11:05:55+00:00,👤 Ankara 2024-07-17
2024-05-21 06:55:14+00:00,👤 Ankara 2024-07-10
2024-05-21 05:50:16+00:00,👤 Ankara 2024-05-24
2024-05-20 23:45:14+00:00,👤 Ankara 2024-06-14
2024-05-20 22:25:15+00:00,👤 Ankara 2024-12-03
2024-05-20 21:15:16+00:00,👤 Ankara 2024-08-01
2024-05-20 17:30:15+00:00,👤 Ankara 2024-06-05
2024-05-20 16:15:17+00:00,👤 Ankara 2024-06-12
2024-05-20 10:40:14+00:00,👤 İstanbul 2024-09-09
2024-05-19 20:55:20+00:00,👤 Ankara 2024-06-27
2024-05-19 00:25:24+00:00,👤 Ankara 2024-07-02
2024-05-17 20:40:19+00:00,👤 Ankara 2024-12-02
2024-05-17 19:55:39+00:00,👤 Ankara 2024-09-09
2024-05-17 17:35:16+00:00,👤 Ankara 2024-12-02
2024-05-17 15:10:16+00:00,👤 Ankara 2024-12-02
2024-05-17 11:50:26+00:00,👤 İstanbul 2024-08-15
2024-05-17 04:40:36+00:00,👤 Ankara 2024-05-30
2024-05-17 02:25:17+00:00,👤 İstanbul 2024-09-09
2024-05-16 20:35:16+00:00,👤 İstanbul 2024-08-01
2024-05-16 17:00:24+00:00,👤 Ankara 2024-05-30
2024-05-16 16:20:29+00:00,👤 Ankara 2024-06-05
2024-05-16 16:20:15+00:00,👥 Ankara 2024-06-05
2024-05-16 13:35:23+00:00,👤 Ankara 2024-07-16
2024-05-16 09:40:23+00:00,👤 Ankara 2024-05-21
2024-05-16 04:10:24+00:00,👤 Ankara 2024-06-03
2024-05-16 02:00:22+00:00,👤 Ankara 2024-05-24
2024-05-16 01:55:18+00:00,👤 Ankara 2024-05-23
2024-05-15 21:10:18+00:00,👤 Ankara 2024-05-28
2024-05-15 20:35:21+00:00,👤 Ankara 2024-06-04
2024-05-15 18:55:34+00:00,👤 İstanbul 2024-05-29
2024-05-15 18:10:17+00:00,👤 İstanbul 2024-05-21
2024-05-14 17:30:19+00:00,👤 Ankara 2024-09-05
2024-05-14 16:25:18+00:00,👤 Ankara 2024-12-16
2024-05-14 09:16:05+00:00,👤 İstanbul 2024-11-07
2024-05-14 02:50:17+00:00,👤 Ankara 2024-08-06
2024-05-13 22:30:22+00:00,👤 Ankara 2024-06-28
2024-05-13 20:15:24+00:00,👥 Ankara 2024-06-11
2024-05-13 20:15:20+00:00,👤 Ankara 2024-06-11
2024-05-13 19:50:16+00:00,👤 Ankara 2024-09-04
2024-05-13 18:15:22+00:00,👤 Ankara 2024-05-31
2024-05-13 17:45:15+00:00,👤 İstanbul 2024-08-15
2024-05-13 17:40:19+00:00,👤 İstanbul 2024-05-16
2024-05-13 16:10:16+00:00,👤 İstanbul 2024-08-09
2024-05-13 11:40:14+00:00,👤 İstanbul 2024-07-16
2024-05-13 03:55:18+00:00,👤 İstanbul 2024-05-20
2024-05-12 17:35:18+00:00,👤 Ankara 2024-05-15
2024-05-12 07:35:18+00:00,👤 İstanbul 2024-07-17
2024-05-11 20:25:22+00:00,👤 Ankara 2024-05-15
2024-05-11 01:10:16+00:00,👤 İstanbul 2024-11-18
2024-05-11 00:15:32+00:00,👤 Ankara 2024-05-15
2024-05-10 23:00:20+00:00,👤 İstanbul 2024-11-19
2024-05-10 15:19:38+00:00,👤 📩 İstanbul 2024-08-19
2024-05-10 15:15:57+00:00,👤 📩 İstanbul 2024-08-19
2024-05-10 14:15:15+00:00,👤 Ankara 2024-12-20
2024-05-10 08:05:17+00:00,👤 Ankara 2024-09-03
2024-05-10 03:45:14+00:00,👤 İstanbul 2024-08-09
2024-05-10 02:40:15+00:00,👤 İstanbul 2024-08-06
2024-05-10 00:50:22+00:00,👤 Ankara 2024-05-28
2024-05-10 00:35:21+00:00,👤 Ankara 2024-06-13
2024-05-09 20:25:19+00:00,👤 Ankara 2024-06-06
2024-05-09 19:25:15+00:00,👤 İstanbul 2024-09-26
2024-05-09 18:55:15+00:00,👤 İstanbul 2024-08-12
2024-05-09 06:40:14+00:00,👤 İstanbul 2024-09-24
2024-05-09 06:20:15+00:00,👤 Ankara 2024-12-03
2024-05-09 04:50:15+00:00,👤 Ankara 2024-09-03
2024-05-09 02:35:15+00:00,👤 İstanbul 2024-09-17
2024-05-08 19:20:16+00:00,👤 Ankara 2024-08-06
2024-05-08 19:10:15+00:00,👤 Ankara 2024-12-17
2024-05-08 17:30:26+00:00,👤 İstanbul 2024-05-15
2024-05-08 14:30:16+00:00,👤 İstanbul 2024-08-09
2024-05-08 06:05:15+00:00,👤 Ankara 2024-12-20
2024-05-08 05:25:15+00:00,👤 Ankara 2024-08-22
2024-05-08 04:00:25+00:00,👤 İstanbul 2024-07-09
2024-05-08 00:45:16+00:00,👤 İstanbul 2024-09-06
2024-05-07 23:05:17+00:00,👤 İstanbul 2024-08-08
2024-05-07 20:10:17+00:00,👤 Ankara 2024-05-20
2024-05-07 19:55:13+00:00,👤 Ankara 2024-09-09
2024-05-07 19:50:17+00:00,👤 Ankara 2024-05-21
2024-05-07 18:35:14+00:00,👤 Ankara 2024-10-21
2024-05-07 17:45:14+00:00,👤 Ankara 2024-12-20
2024-05-07 17:15:24+00:00,👤 İstanbul 2024-05-10
2024-05-07 16:30:25+00:00,👥 Ankara 2024-05-13
2024-05-07 16:30:20+00:00,👤 Ankara 2024-05-13
2024-05-07 14:20:16+00:00,👤 Ankara 2024-05-15
2024-05-07 13:20:16+00:00,👤 Ankara 2024-09-20
2024-05-07 11:40:17+00:00,👤 Ankara 2024-05-28
2024-05-07 09:50:14+00:00,👤 Ankara 2024-07-10
2024-05-07 07:20:17+00:00,👤 Ankara 2024-08-22
2024-05-07 04:10:26+00:00,👤 Ankara 2024-05-14
2024-05-07 02:15:15+00:00,👤 Ankara 2024-12-05
2024-05-06 23:15:16+00:00,👤 Ankara 2024-05-13
2024-05-06 21:55:13+00:00,👤 İstanbul 2024-08-09
2024-05-06 20:15:16+00:00,👤 İstanbul 2024-09-09
2024-05-06 19:35:18+00:00,👥 Ankara 2024-11-13
2024-05-06 19:35:14+00:00,👤 Ankara 2024-11-13
2024-05-06 18:35:16+00:00,👤 İstanbul 2024-08-09
2024-05-06 18:35:13+00:00,👤 Ankara 2024-06-11
2024-05-06 18:30:17+00:00,👤 İstanbul 2024-09-12
2024-05-06 18:10:16+00:00,👤 Ankara 2024-05-28
2024-05-06 18:00:21+00:00,👤 İstanbul 2024-08-08
2024-05-06 17:15:16+00:00,👤 İstanbul 2024-05-14
2024-05-06 15:20:16+00:00,👤 Ankara 2024-05-13
2024-05-06 14:50:22+00:00,👤 İstanbul 2024-05-14
2024-05-06 14:35:16+00:00,👤 İstanbul 2024-09-26
2024-05-06 13:45:13+00:00,👤 Ankara 2024-08-20
2024-05-06 13:10:19+00:00,👤 İstanbul 2024-05-16
2024-05-06 06:45:15+00:00,👤 Ankara 2024-05-09
2024-05-06 02:20:15+00:00,👤 Ankara 2024-05-15
2024-05-05 22:30:16+00:00,👤 Ankara 2024-05-17
2024-05-05 20:25:16+00:00,👤 İstanbul 2024-05-31
2024-05-05 20:15:14+00:00,👤 İstanbul 2024-05-31
2024-05-05 20:10:16+00:00,👤 Ankara 2024-10-24
2024-05-05 14:05:16+00:00,👤 Ankara 2024-10-21
2024-05-05 09:25:15+00:00,👤 İstanbul 2024-09-09
2024-05-04 21:05:16+00:00,👤 İstanbul 2024-09-17
2024-05-04 15:25:14+00:00,👤 İstanbul 2024-09-17
2024-05-04 13:00:22+00:00,👤 İstanbul 2024-09-09
2024-05-04 08:15:14+00:00,👤 Ankara 2024-06-05
2024-05-04 07:10:17+00:00,👤 İstanbul 2024-08-09
2024-05-04 06:20:16+00:00,👤 Ankara 2024-07-29
2024-05-04 03:25:14+00:00,👤 İstanbul 2024-08-06
2024-05-04 03:10:16+00:00,👤 İstanbul 2024-08-02
2024-05-04 01:45:24+00:00,👤 Ankara 2024-06-10
2024-05-04 01:15:21+00:00,👤 Ankara 2024-05-09
2024-05-03 23:05:15+00:00,👤 İstanbul 2024-08-05
2024-05-03 22:55:16+00:00,👤 İstanbul 2024-11-04
